solid OpenSCAD_Model
  facet normal 0.0654256 -0.997857 0
    outer loop
      vertex 226.522 0.0342255 0
      vertex 226 0 1.71678e-07
      vertex 226 0 0
    endloop
  endfacet
  facet normal 0.0654256 -0.997857 0
    outer loop
      vertex 226 0 1.71678e-07
      vertex 226.522 0.0342255 0
      vertex 226.522 0.0342255 0.0157421
    endloop
  endfacet
  facet normal 0.321144 -0.94703 0
    outer loop
      vertex 227.531 0.304489 0
      vertex 227.035 0.136292 0.0626873
      vertex 227.035 0.136292 0
    endloop
  endfacet
  facet normal 0.321144 -0.94703 0
    outer loop
      vertex 227.035 0.136292 0.0626873
      vertex 227.531 0.304489 0
      vertex 227.531 0.304489 0.14005
    endloop
  endfacet
  facet normal 0 -1 0
    outer loop
      vertex 4 0 0
      vertex 226 0 1.71678e-07
      vertex 4 0 1.71678e-07
    endloop
  endfacet
  facet normal 0 -1 -0
    outer loop
      vertex 226 0 1.71678e-07
      vertex 4 0 0
      vertex 226 0 0
    endloop
  endfacet
  facet normal 0.195135 -0.980776 0
    outer loop
      vertex 227.035 0.136292 0
      vertex 226.522 0.0342255 0.0157421
      vertex 226.522 0.0342255 0
    endloop
  endfacet
  facet normal 0.195135 -0.980776 0
    outer loop
      vertex 226.522 0.0342255 0.0157421
      vertex 227.035 0.136292 0
      vertex 227.035 0.136292 0.0626873
    endloop
  endfacet
  facet normal 0.831167 0.556022 0
    outer loop
      vertex 229.464 146 67.1525
      vertex 229.173 146.435 0
      vertex 229.173 146.435 67.3526
    endloop
  endfacet
  facet normal 0.831167 0.556022 0
    outer loop
      vertex 229.173 146.435 0
      vertex 229.464 146 67.1525
      vertex 229.464 146 0
    endloop
  endfacet
  facet normal -1 0 0
    outer loop
      vertex 0 4 1.83979
      vertex 0 144 0
      vertex 0 4 0
    endloop
  endfacet
  facet normal -1 0 0
    outer loop
      vertex 0 144 0
      vertex 0 4 1.83979
      vertex 0 144 66.2326
    endloop
  endfacet
  facet normal 0.980813 -0.194951 0
    outer loop
      vertex 229.864 2.96472 1.36362
      vertex 229.966 3.47789 0
      vertex 229.966 3.47789 1.59965
    endloop
  endfacet
  facet normal 0.980813 -0.194951 0
    outer loop
      vertex 229.966 3.47789 0
      vertex 229.864 2.96472 1.36362
      vertex 229.864 2.96472 0
    endloop
  endfacet
  facet normal 1 -0 0
    outer loop
      vertex 230 4 1.83979
      vertex 230 144 0
      vertex 230 144 66.2326
    endloop
  endfacet
  facet normal 1 0 0
    outer loop
      vertex 230 144 0
      vertex 230 4 1.83979
      vertex 230 4 0
    endloop
  endfacet
  facet normal -0.443182 0.896432 0
    outer loop
      vertex 2.46927 147.696 0
      vertex 2 147.464 67.8259
      vertex 2.46927 147.696 67.9323
    endloop
  endfacet
  facet normal -0.443182 0.896432 0
    outer loop
      vertex 2 147.464 67.8259
      vertex 2.46927 147.696 0
      vertex 2 147.464 0
    endloop
  endfacet
  facet normal -0.555987 0.831191 0
    outer loop
      vertex 2 147.464 0
      vertex 1.56496 147.173 67.6922
      vertex 2 147.464 67.8259
    endloop
  endfacet
  facet normal -0.555987 0.831191 0
    outer loop
      vertex 1.56496 147.173 67.6922
      vertex 2 147.464 0
      vertex 1.56496 147.173 0
    endloop
  endfacet
  facet normal -0.555564 -0.831474 0
    outer loop
      vertex 1.56496 0.826584 0
      vertex 2 0.535904 0.246488
      vertex 1.56496 0.826584 0.380186
    endloop
  endfacet
  facet normal -0.555564 -0.831474 -0
    outer loop
      vertex 2 0.535904 0.246488
      vertex 1.56496 0.826584 0
      vertex 2 0.535904 0
    endloop
  endfacet
  facet normal -0.0649827 0.997886 0
    outer loop
      vertex 4 148 0
      vertex 3.47789 147.966 68.0567
      vertex 4 148 68.0724
    endloop
  endfacet
  facet normal -0.0649827 0.997886 0
    outer loop
      vertex 3.47789 147.966 68.0567
      vertex 4 148 0
      vertex 3.47789 147.966 0
    endloop
  endfacet
  facet normal -0.751847 -0.659337 -0
    outer loop
      vertex 1.17157 1.17157 0.538862
      vertex 0.826584 1.56496 0
      vertex 1.17157 1.17157 0
    endloop
  endfacet
  facet normal -0.751847 -0.659337 0
    outer loop
      vertex 0.826584 1.56496 0
      vertex 1.17157 1.17157 0.538862
      vertex 0.826584 1.56496 0.7198
    endloop
  endfacet
  facet normal 0.980801 0.195013 0
    outer loop
      vertex 229.966 144.522 66.4727
      vertex 229.864 145.035 0
      vertex 229.864 145.035 66.7088
    endloop
  endfacet
  facet normal 0.980801 0.195013 0
    outer loop
      vertex 229.864 145.035 0
      vertex 229.966 144.522 66.4727
      vertex 229.966 144.522 0
    endloop
  endfacet
  facet normal 0 1 -0
    outer loop
      vertex 226 148 0
      vertex 4 148 68.0724
      vertex 226 148 68.0724
    endloop
  endfacet
  facet normal 0 1 0
    outer loop
      vertex 4 148 68.0724
      vertex 226 148 0
      vertex 4 148 0
    endloop
  endfacet
  facet normal -0.0654119 -0.997858 0
    outer loop
      vertex 3.47789 0.0342255 0
      vertex 4 0 1.71678e-07
      vertex 3.47789 0.0342255 0.0157421
    endloop
  endfacet
  facet normal -0.0654119 -0.997858 -0
    outer loop
      vertex 4 0 1.71678e-07
      vertex 3.47789 0.0342255 0
      vertex 4 0 0
    endloop
  endfacet
  facet normal -0.946922 -0.321464 -0
    outer loop
      vertex 0.304489 2.46927 1.13574
      vertex 0.136292 2.96472 0
      vertex 0.304489 2.46927 0
    endloop
  endfacet
  facet normal -0.946922 -0.321464 0
    outer loop
      vertex 0.136292 2.96472 0
      vertex 0.304489 2.46927 1.13574
      vertex 0.136292 2.96472 1.36362
    endloop
  endfacet
  facet normal -0.195073 -0.980789 0
    outer loop
      vertex 2.96472 0.136292 0
      vertex 3.47789 0.0342255 0.0157421
      vertex 2.96472 0.136292 0.0626873
    endloop
  endfacet
  facet normal -0.195073 -0.980789 -0
    outer loop
      vertex 3.47789 0.0342255 0.0157421
      vertex 2.96472 0.136292 0
      vertex 3.47789 0.0342255 0
    endloop
  endfacet
  facet normal -0.321464 -0.946922 0
    outer loop
      vertex 2.46927 0.304489 0
      vertex 2.96472 0.136292 0.0626873
      vertex 2.46927 0.304489 0.14005
    endloop
  endfacet
  facet normal -0.321464 -0.946922 -0
    outer loop
      vertex 2.96472 0.136292 0.0626873
      vertex 2.46927 0.304489 0
      vertex 2.96472 0.136292 0
    endloop
  endfacet
  facet normal -0.659353 0.751834 0
    outer loop
      vertex 1.56496 147.173 0
      vertex 1.17157 146.828 67.5335
      vertex 1.56496 147.173 67.6922
    endloop
  endfacet
  facet normal -0.659353 0.751834 0
    outer loop
      vertex 1.17157 146.828 67.5335
      vertex 1.56496 147.173 0
      vertex 1.17157 146.828 0
    endloop
  endfacet
  facet normal 0.947036 -0.321126 0
    outer loop
      vertex 229.696 2.46927 1.13574
      vertex 229.864 2.96472 0
      vertex 229.864 2.96472 1.36362
    endloop
  endfacet
  facet normal 0.947036 -0.321126 0
    outer loop
      vertex 229.864 2.96472 0
      vertex 229.696 2.46927 1.13574
      vertex 229.696 2.46927 0
    endloop
  endfacet
  facet normal -0.442284 -0.896875 0
    outer loop
      vertex 2 0.535904 0
      vertex 2.46927 0.304489 0.14005
      vertex 2 0.535904 0.246488
    endloop
  endfacet
  facet normal -0.442284 -0.896875 -0
    outer loop
      vertex 2.46927 0.304489 0.14005
      vertex 2 0.535904 0
      vertex 2.46927 0.304489 0
    endloop
  endfacet
  facet normal 0.442488 -0.896774 0
    outer loop
      vertex 228 0.535904 0
      vertex 227.531 0.304489 0.14005
      vertex 227.531 0.304489 0
    endloop
  endfacet
  facet normal 0.442488 -0.896774 0
    outer loop
      vertex 227.531 0.304489 0.14005
      vertex 228 0.535904 0
      vertex 228 0.535904 0.246488
    endloop
  endfacet
  facet normal -0.194951 0.980813 0
    outer loop
      vertex 3.47789 147.966 0
      vertex 2.96472 147.864 68.0097
      vertex 3.47789 147.966 68.0567
    endloop
  endfacet
  facet normal -0.194951 0.980813 0
    outer loop
      vertex 2.96472 147.864 68.0097
      vertex 3.47789 147.966 0
      vertex 2.96472 147.864 0
    endloop
  endfacet
  facet normal 0.896432 -0.443182 0
    outer loop
      vertex 229.464 2 0.919897
      vertex 229.696 2.46927 0
      vertex 229.696 2.46927 1.13574
    endloop
  endfacet
  facet normal 0.896432 -0.443182 0
    outer loop
      vertex 229.696 2.46927 0
      vertex 229.464 2 0.919897
      vertex 229.464 2 0
    endloop
  endfacet
  facet normal 0.831191 -0.555987 0
    outer loop
      vertex 229.173 1.56496 0.7198
      vertex 229.464 2 0
      vertex 229.464 2 0.919897
    endloop
  endfacet
  facet normal 0.831191 -0.555987 0
    outer loop
      vertex 229.464 2 0
      vertex 229.173 1.56496 0.7198
      vertex 229.173 1.56496 0
    endloop
  endfacet
  facet normal 0.997886 -0.0649827 0
    outer loop
      vertex 229.966 3.47789 1.59965
      vertex 230 4 0
      vertex 230 4 1.83979
    endloop
  endfacet
  facet normal 0.997886 -0.0649827 0
    outer loop
      vertex 230 4 0
      vertex 229.966 3.47789 1.59965
      vertex 229.966 3.47789 0
    endloop
  endfacet
  facet normal 0.556022 0.831167 0
    outer loop
      vertex 228 147.464 0
      vertex 228.435 147.173 67.6922
      vertex 228.435 147.173 0
    endloop
  endfacet
  facet normal 0.556022 0.831167 0
    outer loop
      vertex 228.435 147.173 67.6922
      vertex 228 147.464 0
      vertex 228 147.464 67.8259
    endloop
  endfacet
  facet normal -0.321126 0.947036 0
    outer loop
      vertex 2.96472 147.864 0
      vertex 2.46927 147.696 67.9323
      vertex 2.96472 147.864 68.0097
    endloop
  endfacet
  facet normal -0.321126 0.947036 0
    outer loop
      vertex 2.46927 147.696 67.9323
      vertex 2.96472 147.864 0
      vertex 2.46927 147.696 0
    endloop
  endfacet
  facet normal 0.0649964 0.997886 0
    outer loop
      vertex 226 148 0
      vertex 226.522 147.966 68.0567
      vertex 226.522 147.966 0
    endloop
  endfacet
  facet normal 0.0649964 0.997886 0
    outer loop
      vertex 226.522 147.966 68.0567
      vertex 226 148 0
      vertex 226 148 68.0724
    endloop
  endfacet
  facet normal -0.896875 -0.442284 -0
    outer loop
      vertex 0.535904 2 0.919897
      vertex 0.304489 2.46927 0
      vertex 0.535904 2 0
    endloop
  endfacet
  facet normal -0.896875 -0.442284 0
    outer loop
      vertex 0.304489 2.46927 0
      vertex 0.535904 2 0.919897
      vertex 0.304489 2.46927 1.13574
    endloop
  endfacet
  facet normal -0.659337 -0.751847 0
    outer loop
      vertex 1.17157 1.17157 0
      vertex 1.56496 0.826584 0.380186
      vertex 1.17157 1.17157 0.538862
    endloop
  endfacet
  facet normal -0.659337 -0.751847 -0
    outer loop
      vertex 1.56496 0.826584 0.380186
      vertex 1.17157 1.17157 0
      vertex 1.56496 0.826584 0
    endloop
  endfacet
  facet normal -0.997858 -0.0654119 -0
    outer loop
      vertex 0.0342255 3.47789 1.59965
      vertex 0 4 0
      vertex 0.0342255 3.47789 0
    endloop
  endfacet
  facet normal -0.997858 -0.0654119 0
    outer loop
      vertex 0 4 0
      vertex 0.0342255 3.47789 1.59965
      vertex 0 4 1.83979
    endloop
  endfacet
  facet normal -0.980776 0.195135 0
    outer loop
      vertex 0.0342255 144.522 66.4727
      vertex 0.136292 145.035 0
      vertex 0.0342255 144.522 0
    endloop
  endfacet
  facet normal -0.980776 0.195135 0
    outer loop
      vertex 0.136292 145.035 0
      vertex 0.0342255 144.522 66.4727
      vertex 0.136292 145.035 66.7088
    endloop
  endfacet
  facet normal -0.94703 0.321144 0
    outer loop
      vertex 0.136292 145.035 66.7088
      vertex 0.304489 145.531 0
      vertex 0.136292 145.035 0
    endloop
  endfacet
  facet normal -0.94703 0.321144 0
    outer loop
      vertex 0.304489 145.531 0
      vertex 0.136292 145.035 66.7088
      vertex 0.304489 145.531 66.9367
    endloop
  endfacet
  facet normal -0.997857 0.0654256 0
    outer loop
      vertex 0 144 66.2326
      vertex 0.0342255 144.522 0
      vertex 0 144 0
    endloop
  endfacet
  facet normal -0.997857 0.0654256 0
    outer loop
      vertex 0.0342255 144.522 0
      vertex 0 144 66.2326
      vertex 0.0342255 144.522 66.4727
    endloop
  endfacet
  facet normal 0.5556 -0.83145 0
    outer loop
      vertex 228.435 0.826584 0
      vertex 228 0.535904 0.246488
      vertex 228 0.535904 0
    endloop
  endfacet
  facet normal 0.5556 -0.83145 0
    outer loop
      vertex 228 0.535904 0.246488
      vertex 228.435 0.826584 0
      vertex 228.435 0.826584 0.380186
    endloop
  endfacet
  facet normal -0.83145 0.5556 0
    outer loop
      vertex 0.535904 146 67.1525
      vertex 0.826584 146.435 0
      vertex 0.535904 146 0
    endloop
  endfacet
  facet normal -0.83145 0.5556 0
    outer loop
      vertex 0.826584 146.435 0
      vertex 0.535904 146 67.1525
      vertex 0.826584 146.435 67.3526
    endloop
  endfacet
  facet normal 0.195013 0.980801 0
    outer loop
      vertex 226.522 147.966 0
      vertex 227.035 147.864 68.0097
      vertex 227.035 147.864 0
    endloop
  endfacet
  facet normal 0.195013 0.980801 0
    outer loop
      vertex 227.035 147.864 68.0097
      vertex 226.522 147.966 0
      vertex 226.522 147.966 68.0567
    endloop
  endfacet
  facet normal -0.980789 -0.195073 -0
    outer loop
      vertex 0.136292 2.96472 1.36362
      vertex 0.0342255 3.47789 0
      vertex 0.136292 2.96472 0
    endloop
  endfacet
  facet normal -0.980789 -0.195073 0
    outer loop
      vertex 0.0342255 3.47789 0
      vertex 0.136292 2.96472 1.36362
      vertex 0.0342255 3.47789 1.59965
    endloop
  endfacet
  facet normal 0.75151 0.659722 0
    outer loop
      vertex 229.173 146.435 67.3526
      vertex 228.828 146.828 0
      vertex 228.828 146.828 67.5335
    endloop
  endfacet
  facet normal 0.75151 0.659722 0
    outer loop
      vertex 228.828 146.828 0
      vertex 229.173 146.435 67.3526
      vertex 229.173 146.435 0
    endloop
  endfacet
  facet normal 0.443387 0.89633 0
    outer loop
      vertex 227.531 147.696 0
      vertex 228 147.464 67.8259
      vertex 228 147.464 0
    endloop
  endfacet
  facet normal 0.443387 0.89633 0
    outer loop
      vertex 228 147.464 67.8259
      vertex 227.531 147.696 0
      vertex 227.531 147.696 67.9323
    endloop
  endfacet
  facet normal 0.320807 0.947145 0
    outer loop
      vertex 227.035 147.864 0
      vertex 227.531 147.696 67.9323
      vertex 227.531 147.696 0
    endloop
  endfacet
  facet normal 0.320807 0.947145 0
    outer loop
      vertex 227.531 147.696 67.9323
      vertex 227.035 147.864 0
      vertex 227.035 147.864 68.0097
    endloop
  endfacet
  facet normal 0.89633 0.443387 0
    outer loop
      vertex 229.696 145.531 66.9367
      vertex 229.464 146 0
      vertex 229.464 146 67.1525
    endloop
  endfacet
  facet normal 0.89633 0.443387 0
    outer loop
      vertex 229.464 146 0
      vertex 229.696 145.531 66.9367
      vertex 229.696 145.531 0
    endloop
  endfacet
  facet normal -0.896774 0.442488 0
    outer loop
      vertex 0.304489 145.531 66.9367
      vertex 0.535904 146 0
      vertex 0.304489 145.531 0
    endloop
  endfacet
  facet normal -0.896774 0.442488 0
    outer loop
      vertex 0.535904 146 0
      vertex 0.304489 145.531 66.9367
      vertex 0.535904 146 67.1525
    endloop
  endfacet
  facet normal -0.751523 0.659707 0
    outer loop
      vertex 0.826584 146.435 67.3526
      vertex 1.17157 146.828 0
      vertex 0.826584 146.435 0
    endloop
  endfacet
  facet normal -0.751523 0.659707 0
    outer loop
      vertex 1.17157 146.828 0
      vertex 0.826584 146.435 67.3526
      vertex 1.17157 146.828 67.5335
    endloop
  endfacet
  facet normal 0.997886 0.0649964 0
    outer loop
      vertex 230 144 66.2326
      vertex 229.966 144.522 0
      vertex 229.966 144.522 66.4727
    endloop
  endfacet
  facet normal 0.997886 0.0649964 0
    outer loop
      vertex 229.966 144.522 0
      vertex 230 144 66.2326
      vertex 230 144 0
    endloop
  endfacet
  facet normal 0.659707 -0.751523 0
    outer loop
      vertex 228.828 1.17157 0
      vertex 228.435 0.826584 0.380186
      vertex 228.435 0.826584 0
    endloop
  endfacet
  facet normal 0.659707 -0.751523 0
    outer loop
      vertex 228.435 0.826584 0.380186
      vertex 228.828 1.17157 0
      vertex 228.828 1.17157 0.538862
    endloop
  endfacet
  facet normal 0.751834 -0.659353 0
    outer loop
      vertex 228.828 1.17157 0.538862
      vertex 229.173 1.56496 0
      vertex 229.173 1.56496 0.7198
    endloop
  endfacet
  facet normal 0.751834 -0.659353 0
    outer loop
      vertex 229.173 1.56496 0
      vertex 228.828 1.17157 0.538862
      vertex 228.828 1.17157 0
    endloop
  endfacet
  facet normal 0 0 -1
    outer loop
      vertex 13.3386 138.445 0
      vertex 18.01 145.6 0
      vertex 18.01 129.99 0
    endloop
  endfacet
  facet normal 0 0 -1
    outer loop
      vertex 18.01 145.6 0
      vertex 13.3386 138.445 0
      vertex 13.375 139 0
    endloop
  endfacet
  facet normal 0 0 -1
    outer loop
      vertex 18.01 129.99 0
      vertex 13.3376 138.429 0
      vertex 13.3386 138.445 0
    endloop
  endfacet
  facet normal 0 0 -1
    outer loop
      vertex 18.01 129.99 0
      vertex 13.2259 137.868 0
      vertex 13.3376 138.429 0
    endloop
  endfacet
  facet normal 0 0 -1
    outer loop
      vertex 18.01 129.99 0
      vertex 13.2207 137.852 0
      vertex 13.2259 137.868 0
    endloop
  endfacet
  facet normal 0 0 -1
    outer loop
      vertex 18.01 129.99 0
      vertex 13.042 137.326 0
      vertex 13.2207 137.852 0
    endloop
  endfacet
  facet normal 0 0 -1
    outer loop
      vertex 18.01 129.99 0
      vertex 12.7889 136.812 0
      vertex 13.042 137.326 0
    endloop
  endfacet
  facet normal 0 0 -1
    outer loop
      vertex 18.01 129.99 0
      vertex 12.4709 136.337 0
      vertex 12.7889 136.812 0
    endloop
  endfacet
  facet normal 0 0 -1
    outer loop
      vertex 18.01 129.99 0
      vertex 12.0936 135.906 0
      vertex 12.4709 136.337 0
    endloop
  endfacet
  facet normal 0 0 -1
    outer loop
      vertex 18.01 129.99 0
      vertex 11.6633 135.529 0
      vertex 12.0936 135.906 0
    endloop
  endfacet
  facet normal 0 0 -1
    outer loop
      vertex 18.01 129.99 0
      vertex 11.1875 135.211 0
      vertex 11.6633 135.529 0
    endloop
  endfacet
  facet normal 0 0 -1
    outer loop
      vertex 18.01 129.99 0
      vertex 10.6742 134.958 0
      vertex 11.1875 135.211 0
    endloop
  endfacet
  facet normal 0 0 -1
    outer loop
      vertex 18.01 129.99 0
      vertex 10.1478 134.779 0
      vertex 10.6742 134.958 0
    endloop
  endfacet
  facet normal 0 0 -1
    outer loop
      vertex 18.01 129.99 0
      vertex 10.1323 134.774 0
      vertex 10.1478 134.779 0
    endloop
  endfacet
  facet normal 0 0 -1
    outer loop
      vertex 18.01 129.99 0
      vertex 9.57105 134.662 0
      vertex 10.1323 134.774 0
    endloop
  endfacet
  facet normal 0 0 -1
    outer loop
      vertex 18.01 129.99 0
      vertex 9.55474 134.661 0
      vertex 9.57105 134.662 0
    endloop
  endfacet
  facet normal 0 0 -1
    outer loop
      vertex 2.4 129.99 0
      vertex 9.55474 134.661 0
      vertex 18.01 129.99 0
    endloop
  endfacet
  facet normal 0 0 -1
    outer loop
      vertex 9.55474 134.661 0
      vertex 2.4 129.99 0
      vertex 9 134.625 0
    endloop
  endfacet
  facet normal -0 0 -1
    outer loop
      vertex 9 134.625 0
      vertex 2.4 129.99 0
      vertex 8.44526 134.661 0
    endloop
  endfacet
  facet normal -0 0 -1
    outer loop
      vertex 8.44526 134.661 0
      vertex 2.4 129.99 0
      vertex 8.42895 134.662 0
    endloop
  endfacet
  facet normal -0 0 -1
    outer loop
      vertex 8.42895 134.662 0
      vertex 2.4 129.99 0
      vertex 7.86767 134.774 0
    endloop
  endfacet
  facet normal -0 0 -1
    outer loop
      vertex 7.86767 134.774 0
      vertex 2.4 129.99 0
      vertex 7.85218 134.779 0
    endloop
  endfacet
  facet normal 0 0 -1
    outer loop
      vertex 2.4 129.99 0
      vertex 4.77933 137.852 0
      vertex 4.95803 137.326 0
    endloop
  endfacet
  facet normal 0 0 -1
    outer loop
      vertex 2.4 129.99 0
      vertex 4.66136 138.445 0
      vertex 4.66243 138.429 0
    endloop
  endfacet
  facet normal -0 0 -1
    outer loop
      vertex 4.66136 138.445 0
      vertex 2.4 129.99 0
      vertex 4.625 139 0
    endloop
  endfacet
  facet normal 0 0 -1
    outer loop
      vertex 4.625 139 0
      vertex 2 147.464 0
      vertex 4 148 0
    endloop
  endfacet
  facet normal 0 0 -1
    outer loop
      vertex 4 148 0
      vertex 2 147.464 0
      vertex 3.47789 147.966 0
    endloop
  endfacet
  facet normal 0 0 -1
    outer loop
      vertex 3.47789 147.966 0
      vertex 2 147.464 0
      vertex 2.96472 147.864 0
    endloop
  endfacet
  facet normal 0 0 -1
    outer loop
      vertex 2.4 129.99 0
      vertex 4.66243 138.429 0
      vertex 4.77408 137.868 0
    endloop
  endfacet
  facet normal -0 0 -1
    outer loop
      vertex 7.85218 134.779 0
      vertex 2.4 129.99 0
      vertex 7.32576 134.958 0
    endloop
  endfacet
  facet normal 0 0 -1
    outer loop
      vertex 2.4 129.99 0
      vertex 6.8125 135.211 0
      vertex 7.32576 134.958 0
    endloop
  endfacet
  facet normal 0 0 -1
    outer loop
      vertex 2.4 129.99 0
      vertex 6.33667 135.529 0
      vertex 6.8125 135.211 0
    endloop
  endfacet
  facet normal 0 0 -1
    outer loop
      vertex 2.4 129.99 0
      vertex 5.90641 135.906 0
      vertex 6.33667 135.529 0
    endloop
  endfacet
  facet normal 0 0 -1
    outer loop
      vertex 2.4 129.99 0
      vertex 5.52908 136.337 0
      vertex 5.90641 135.906 0
    endloop
  endfacet
  facet normal 0 0 -1
    outer loop
      vertex 2.4 129.99 0
      vertex 5.21114 136.812 0
      vertex 5.52908 136.337 0
    endloop
  endfacet
  facet normal 0 0 -1
    outer loop
      vertex 2.4 129.99 0
      vertex 4.95803 137.326 0
      vertex 5.21114 136.812 0
    endloop
  endfacet
  facet normal -0 0 -1
    outer loop
      vertex 4.77933 137.852 0
      vertex 2.4 129.99 0
      vertex 4.77408 137.868 0
    endloop
  endfacet
  facet normal -0 0 -1
    outer loop
      vertex 4.625 139 0
      vertex 2.4 129.99 0
      vertex 2 147.464 0
    endloop
  endfacet
  facet normal 0 0 -1
    outer loop
      vertex 2.96472 147.864 0
      vertex 2 147.464 0
      vertex 2.46927 147.696 0
    endloop
  endfacet
  facet normal 0 0 -1
    outer loop
      vertex 2.4 40.01 0
      vertex 2 147.464 0
      vertex 2.4 129.99 0
    endloop
  endfacet
  facet normal 0 0 -1
    outer loop
      vertex 0 4 0
      vertex 2 0.535904 0
      vertex 1.56496 0.826584 0
    endloop
  endfacet
  facet normal 0 0 -1
    outer loop
      vertex 0 144 0
      vertex 2.4 40.01 0
      vertex 0 4 0
    endloop
  endfacet
  facet normal 0 0 -1
    outer loop
      vertex 0 4 0
      vertex 1.56496 0.826584 0
      vertex 1.17157 1.17157 0
    endloop
  endfacet
  facet normal 0 0 -1
    outer loop
      vertex 2.4 40.01 0
      vertex 0 144 0
      vertex 2 147.464 0
    endloop
  endfacet
  facet normal 0 0 -1
    outer loop
      vertex 0 4 0
      vertex 1.17157 1.17157 0
      vertex 0.826584 1.56496 0
    endloop
  endfacet
  facet normal 0 0 -1
    outer loop
      vertex 2 147.464 0
      vertex 0 144 0
      vertex 1.56496 147.173 0
    endloop
  endfacet
  facet normal 0 0 -1
    outer loop
      vertex 0 4 0
      vertex 0.826584 1.56496 0
      vertex 0.535904 2 0
    endloop
  endfacet
  facet normal 0 0 -1
    outer loop
      vertex 1.56496 147.173 0
      vertex 0 144 0
      vertex 1.17157 146.828 0
    endloop
  endfacet
  facet normal 0 0 -1
    outer loop
      vertex 0 4 0
      vertex 0.535904 2 0
      vertex 0.304489 2.46927 0
    endloop
  endfacet
  facet normal 0 0 -1
    outer loop
      vertex 1.17157 146.828 0
      vertex 0 144 0
      vertex 0.826584 146.435 0
    endloop
  endfacet
  facet normal 0 0 -1
    outer loop
      vertex 0 4 0
      vertex 0.304489 2.46927 0
      vertex 0.136292 2.96472 0
    endloop
  endfacet
  facet normal 0 0 -1
    outer loop
      vertex 0.826584 146.435 0
      vertex 0 144 0
      vertex 0.535904 146 0
    endloop
  endfacet
  facet normal 0 0 -1
    outer loop
      vertex 0 4 0
      vertex 0.136292 2.96472 0
      vertex 0.0342255 3.47789 0
    endloop
  endfacet
  facet normal 0 0 -1
    outer loop
      vertex 0.535904 146 0
      vertex 0 144 0
      vertex 0.304489 145.531 0
    endloop
  endfacet
  facet normal 0 0 -1
    outer loop
      vertex 0.304489 145.531 0
      vertex 0 144 0
      vertex 0.136292 145.035 0
    endloop
  endfacet
  facet normal 0 0 -1
    outer loop
      vertex 0.136292 145.035 0
      vertex 0 144 0
      vertex 0.0342255 144.522 0
    endloop
  endfacet
  facet normal 0 0 -1
    outer loop
      vertex 18.01 21.99 0
      vertex 13.375 31 0
      vertex 18.01 40.01 0
    endloop
  endfacet
  facet normal 0 0 -1
    outer loop
      vertex 18.01 21.99 0
      vertex 13.3386 30.4453 0
      vertex 13.375 31 0
    endloop
  endfacet
  facet normal 0 0 -1
    outer loop
      vertex 18.01 21.99 0
      vertex 13.3376 30.4289 0
      vertex 13.3386 30.4453 0
    endloop
  endfacet
  facet normal 0 0 -1
    outer loop
      vertex 18.01 21.99 0
      vertex 13.2259 29.8677 0
      vertex 13.3376 30.4289 0
    endloop
  endfacet
  facet normal 0 0 -1
    outer loop
      vertex 18.01 21.99 0
      vertex 13.2207 29.8522 0
      vertex 13.2259 29.8677 0
    endloop
  endfacet
  facet normal 0 0 -1
    outer loop
      vertex 18.01 21.99 0
      vertex 13.042 29.3258 0
      vertex 13.2207 29.8522 0
    endloop
  endfacet
  facet normal 0 0 -1
    outer loop
      vertex 18.01 21.99 0
      vertex 12.7889 28.8125 0
      vertex 13.042 29.3258 0
    endloop
  endfacet
  facet normal 0 0 -1
    outer loop
      vertex 18.01 21.99 0
      vertex 12.4709 28.3367 0
      vertex 12.7889 28.8125 0
    endloop
  endfacet
  facet normal 0 0 -1
    outer loop
      vertex 18.01 21.99 0
      vertex 12.0936 27.9064 0
      vertex 12.4709 28.3367 0
    endloop
  endfacet
  facet normal 0 0 -1
    outer loop
      vertex 18.01 21.99 0
      vertex 11.6633 27.5291 0
      vertex 12.0936 27.9064 0
    endloop
  endfacet
  facet normal 0 0 -1
    outer loop
      vertex 18.01 21.99 0
      vertex 11.1875 27.2111 0
      vertex 11.6633 27.5291 0
    endloop
  endfacet
  facet normal 0 0 -1
    outer loop
      vertex 18.01 21.99 0
      vertex 10.6742 26.958 0
      vertex 11.1875 27.2111 0
    endloop
  endfacet
  facet normal 0 0 -1
    outer loop
      vertex 18.01 21.99 0
      vertex 10.1478 26.7793 0
      vertex 10.6742 26.958 0
    endloop
  endfacet
  facet normal 0 0 -1
    outer loop
      vertex 18.01 21.99 0
      vertex 10.1323 26.7741 0
      vertex 10.1478 26.7793 0
    endloop
  endfacet
  facet normal 0 0 -1
    outer loop
      vertex 18.01 21.99 0
      vertex 9.57105 26.6624 0
      vertex 10.1323 26.7741 0
    endloop
  endfacet
  facet normal 0 0 -1
    outer loop
      vertex 18.01 21.99 0
      vertex 9.55474 26.6614 0
      vertex 9.57105 26.6624 0
    endloop
  endfacet
  facet normal 0 0 -1
    outer loop
      vertex 2.4 21.99 0
      vertex 9.55474 26.6614 0
      vertex 18.01 21.99 0
    endloop
  endfacet
  facet normal 0 0 -1
    outer loop
      vertex 9.55474 26.6614 0
      vertex 2.4 21.99 0
      vertex 9 26.625 0
    endloop
  endfacet
  facet normal -0 0 -1
    outer loop
      vertex 9 26.625 0
      vertex 2.4 21.99 0
      vertex 8.44526 26.6614 0
    endloop
  endfacet
  facet normal -0 0 -1
    outer loop
      vertex 8.44526 26.6614 0
      vertex 2.4 21.99 0
      vertex 8.42895 26.6624 0
    endloop
  endfacet
  facet normal -0 0 -1
    outer loop
      vertex 8.42895 26.6624 0
      vertex 2.4 21.99 0
      vertex 7.86767 26.7741 0
    endloop
  endfacet
  facet normal -0 0 -1
    outer loop
      vertex 7.86767 26.7741 0
      vertex 2.4 21.99 0
      vertex 7.85218 26.7793 0
    endloop
  endfacet
  facet normal 0 0 -1
    outer loop
      vertex 2.4 21.99 0
      vertex 4.77933 29.8522 0
      vertex 4.95803 29.3258 0
    endloop
  endfacet
  facet normal 0 0 -1
    outer loop
      vertex 2.4 21.99 0
      vertex 4.66136 30.4453 0
      vertex 4.66243 30.4289 0
    endloop
  endfacet
  facet normal -0 0 -1
    outer loop
      vertex 4.66136 30.4453 0
      vertex 2.4 21.99 0
      vertex 4.625 31 0
    endloop
  endfacet
  facet normal -0 0 -1
    outer loop
      vertex 4.77408 29.8677 0
      vertex 2.4 21.99 0
      vertex 4.66243 30.4289 0
    endloop
  endfacet
  facet normal -0 0 -1
    outer loop
      vertex 4.77933 29.8522 0
      vertex 2.4 21.99 0
      vertex 4.77408 29.8677 0
    endloop
  endfacet
  facet normal -0 0 -1
    outer loop
      vertex 5.21114 28.8125 0
      vertex 2.4 21.99 0
      vertex 4.95803 29.3258 0
    endloop
  endfacet
  facet normal -0 0 -1
    outer loop
      vertex 5.52908 28.3367 0
      vertex 2.4 21.99 0
      vertex 5.21114 28.8125 0
    endloop
  endfacet
  facet normal -0 0 -1
    outer loop
      vertex 5.90641 27.9064 0
      vertex 2.4 21.99 0
      vertex 5.52908 28.3367 0
    endloop
  endfacet
  facet normal -0 0 -1
    outer loop
      vertex 6.33667 27.5291 0
      vertex 2.4 21.99 0
      vertex 5.90641 27.9064 0
    endloop
  endfacet
  facet normal -0 0 -1
    outer loop
      vertex 6.8125 27.2111 0
      vertex 2.4 21.99 0
      vertex 6.33667 27.5291 0
    endloop
  endfacet
  facet normal -0 0 -1
    outer loop
      vertex 7.32576 26.958 0
      vertex 2.4 21.99 0
      vertex 6.8125 27.2111 0
    endloop
  endfacet
  facet normal -0 0 -1
    outer loop
      vertex 7.85218 26.7793 0
      vertex 2.4 21.99 0
      vertex 7.32576 26.958 0
    endloop
  endfacet
  facet normal 0 0 -1
    outer loop
      vertex 13.3386 31.5547 0
      vertex 18.01 40.01 0
      vertex 13.375 31 0
    endloop
  endfacet
  facet normal 0 0 -1
    outer loop
      vertex 13.3376 31.5711 0
      vertex 18.01 40.01 0
      vertex 13.3386 31.5547 0
    endloop
  endfacet
  facet normal 0 0 -1
    outer loop
      vertex 13.2259 32.1323 0
      vertex 18.01 40.01 0
      vertex 13.3376 31.5711 0
    endloop
  endfacet
  facet normal 0 0 -1
    outer loop
      vertex 13.2207 32.1478 0
      vertex 18.01 40.01 0
      vertex 13.2259 32.1323 0
    endloop
  endfacet
  facet normal 0 0 -1
    outer loop
      vertex 13.042 32.6742 0
      vertex 18.01 40.01 0
      vertex 13.2207 32.1478 0
    endloop
  endfacet
  facet normal 0 0 -1
    outer loop
      vertex 12.7889 33.1875 0
      vertex 18.01 40.01 0
      vertex 13.042 32.6742 0
    endloop
  endfacet
  facet normal 0 0 -1
    outer loop
      vertex 12.4709 33.6633 0
      vertex 18.01 40.01 0
      vertex 12.7889 33.1875 0
    endloop
  endfacet
  facet normal 0 0 -1
    outer loop
      vertex 12.0936 34.0936 0
      vertex 18.01 40.01 0
      vertex 12.4709 33.6633 0
    endloop
  endfacet
  facet normal 0 0 -1
    outer loop
      vertex 11.6633 34.4709 0
      vertex 18.01 40.01 0
      vertex 12.0936 34.0936 0
    endloop
  endfacet
  facet normal 0 0 -1
    outer loop
      vertex 11.1875 34.7889 0
      vertex 18.01 40.01 0
      vertex 11.6633 34.4709 0
    endloop
  endfacet
  facet normal 0 0 -1
    outer loop
      vertex 10.6742 35.042 0
      vertex 18.01 40.01 0
      vertex 11.1875 34.7889 0
    endloop
  endfacet
  facet normal 0 0 -1
    outer loop
      vertex 10.1478 35.2207 0
      vertex 18.01 40.01 0
      vertex 10.6742 35.042 0
    endloop
  endfacet
  facet normal 0 0 -1
    outer loop
      vertex 10.1323 35.2259 0
      vertex 18.01 40.01 0
      vertex 10.1478 35.2207 0
    endloop
  endfacet
  facet normal 0 0 -1
    outer loop
      vertex 9.57105 35.3376 0
      vertex 18.01 40.01 0
      vertex 10.1323 35.2259 0
    endloop
  endfacet
  facet normal 0 0 -1
    outer loop
      vertex 9.55474 35.3386 0
      vertex 18.01 40.01 0
      vertex 9.57105 35.3376 0
    endloop
  endfacet
  facet normal 0 0 -1
    outer loop
      vertex 2.4 40.01 0
      vertex 9.55474 35.3386 0
      vertex 9 35.375 0
    endloop
  endfacet
  facet normal 0 0 -1
    outer loop
      vertex 2.4 40.01 0
      vertex 9 35.375 0
      vertex 8.44526 35.3386 0
    endloop
  endfacet
  facet normal 0 0 -1
    outer loop
      vertex 2.4 40.01 0
      vertex 8.44526 35.3386 0
      vertex 8.42895 35.3376 0
    endloop
  endfacet
  facet normal 0 0 -1
    outer loop
      vertex 2.4 40.01 0
      vertex 8.42895 35.3376 0
      vertex 7.86767 35.2259 0
    endloop
  endfacet
  facet normal 0 0 -1
    outer loop
      vertex 2.4 40.01 0
      vertex 7.86767 35.2259 0
      vertex 7.85218 35.2207 0
    endloop
  endfacet
  facet normal 0 0 -1
    outer loop
      vertex 2.4 40.01 0
      vertex 7.85218 35.2207 0
      vertex 7.32576 35.042 0
    endloop
  endfacet
  facet normal 0 0 -1
    outer loop
      vertex 2.4 40.01 0
      vertex 4.66136 31.5547 0
      vertex 4.625 31 0
    endloop
  endfacet
  facet normal 0 0 -1
    outer loop
      vertex 2.4 40.01 0
      vertex 4.625 31 0
      vertex 2.4 21.99 0
    endloop
  endfacet
  facet normal 0 0 -1
    outer loop
      vertex 4.66136 31.5547 0
      vertex 2.4 40.01 0
      vertex 4.66243 31.5711 0
    endloop
  endfacet
  facet normal 0 0 -1
    outer loop
      vertex 9.55474 35.3386 0
      vertex 2.4 40.01 0
      vertex 18.01 40.01 0
    endloop
  endfacet
  facet normal 0 0 -1
    outer loop
      vertex 6.8125 34.7889 0
      vertex 2.4 40.01 0
      vertex 7.32576 35.042 0
    endloop
  endfacet
  facet normal 0 0 -1
    outer loop
      vertex 6.33667 34.4709 0
      vertex 2.4 40.01 0
      vertex 6.8125 34.7889 0
    endloop
  endfacet
  facet normal 0 0 -1
    outer loop
      vertex 5.90641 34.0936 0
      vertex 2.4 40.01 0
      vertex 6.33667 34.4709 0
    endloop
  endfacet
  facet normal 0 0 -1
    outer loop
      vertex 5.52908 33.6633 0
      vertex 2.4 40.01 0
      vertex 5.90641 34.0936 0
    endloop
  endfacet
  facet normal 0 0 -1
    outer loop
      vertex 5.21114 33.1875 0
      vertex 2.4 40.01 0
      vertex 5.52908 33.6633 0
    endloop
  endfacet
  facet normal 0 0 -1
    outer loop
      vertex 4.95803 32.6742 0
      vertex 2.4 40.01 0
      vertex 5.21114 33.1875 0
    endloop
  endfacet
  facet normal 0 0 -1
    outer loop
      vertex 4.77933 32.1478 0
      vertex 2.4 40.01 0
      vertex 4.95803 32.6742 0
    endloop
  endfacet
  facet normal 0 0 -1
    outer loop
      vertex 4.77408 32.1323 0
      vertex 2.4 40.01 0
      vertex 4.77933 32.1478 0
    endloop
  endfacet
  facet normal 0 0 -1
    outer loop
      vertex 4.66243 31.5711 0
      vertex 2.4 40.01 0
      vertex 4.77408 32.1323 0
    endloop
  endfacet
  facet normal 0 0 -1
    outer loop
      vertex 227.6 21.99 0
      vertex 225.375 31 0
      vertex 227.6 40.01 0
    endloop
  endfacet
  facet normal 0 0 -1
    outer loop
      vertex 227.6 21.99 0
      vertex 225.339 30.4453 0
      vertex 225.375 31 0
    endloop
  endfacet
  facet normal 0 0 -1
    outer loop
      vertex 227.6 21.99 0
      vertex 225.338 30.4289 0
      vertex 225.339 30.4453 0
    endloop
  endfacet
  facet normal 0 0 -1
    outer loop
      vertex 227.6 21.99 0
      vertex 225.226 29.8677 0
      vertex 225.338 30.4289 0
    endloop
  endfacet
  facet normal 0 0 -1
    outer loop
      vertex 227.6 21.99 0
      vertex 225.221 29.8522 0
      vertex 225.226 29.8677 0
    endloop
  endfacet
  facet normal 0 0 -1
    outer loop
      vertex 227.6 21.99 0
      vertex 225.042 29.3258 0
      vertex 225.221 29.8522 0
    endloop
  endfacet
  facet normal 0 0 -1
    outer loop
      vertex 227.6 21.99 0
      vertex 224.789 28.8125 0
      vertex 225.042 29.3258 0
    endloop
  endfacet
  facet normal 0 0 -1
    outer loop
      vertex 227.6 21.99 0
      vertex 224.471 28.3367 0
      vertex 224.789 28.8125 0
    endloop
  endfacet
  facet normal 0 0 -1
    outer loop
      vertex 227.6 21.99 0
      vertex 224.094 27.9064 0
      vertex 224.471 28.3367 0
    endloop
  endfacet
  facet normal 0 0 -1
    outer loop
      vertex 227.6 21.99 0
      vertex 223.663 27.5291 0
      vertex 224.094 27.9064 0
    endloop
  endfacet
  facet normal 0 0 -1
    outer loop
      vertex 227.6 21.99 0
      vertex 223.188 27.2111 0
      vertex 223.663 27.5291 0
    endloop
  endfacet
  facet normal 0 0 -1
    outer loop
      vertex 227.6 21.99 0
      vertex 222.674 26.958 0
      vertex 223.188 27.2111 0
    endloop
  endfacet
  facet normal 0 0 -1
    outer loop
      vertex 227.6 21.99 0
      vertex 222.148 26.7793 0
      vertex 222.674 26.958 0
    endloop
  endfacet
  facet normal 0 0 -1
    outer loop
      vertex 227.6 21.99 0
      vertex 222.132 26.7741 0
      vertex 222.148 26.7793 0
    endloop
  endfacet
  facet normal 0 0 -1
    outer loop
      vertex 227.6 21.99 0
      vertex 221.571 26.6624 0
      vertex 222.132 26.7741 0
    endloop
  endfacet
  facet normal 0 0 -1
    outer loop
      vertex 227.6 21.99 0
      vertex 221.555 26.6614 0
      vertex 221.571 26.6624 0
    endloop
  endfacet
  facet normal 0 0 -1
    outer loop
      vertex 227.6 21.99 0
      vertex 221 26.625 0
      vertex 221.555 26.6614 0
    endloop
  endfacet
  facet normal 0 0 -1
    outer loop
      vertex 227.6 21.99 0
      vertex 220.445 26.6614 0
      vertex 221 26.625 0
    endloop
  endfacet
  facet normal 0 0 -1
    outer loop
      vertex 227.6 21.99 0
      vertex 220.429 26.6624 0
      vertex 220.445 26.6614 0
    endloop
  endfacet
  facet normal 0 0 -1
    outer loop
      vertex 211.99 21.99 0
      vertex 220.429 26.6624 0
      vertex 227.6 21.99 0
    endloop
  endfacet
  facet normal -0 0 -1
    outer loop
      vertex 220.429 26.6624 0
      vertex 211.99 21.99 0
      vertex 219.868 26.7741 0
    endloop
  endfacet
  facet normal -0 0 -1
    outer loop
      vertex 219.868 26.7741 0
      vertex 211.99 21.99 0
      vertex 219.852 26.7793 0
    endloop
  endfacet
  facet normal -0 0 -1
    outer loop
      vertex 219.852 26.7793 0
      vertex 211.99 21.99 0
      vertex 219.326 26.958 0
    endloop
  endfacet
  facet normal 0 0 -1
    outer loop
      vertex 211.99 21.99 0
      vertex 216.661 30.4453 0
      vertex 216.662 30.4289 0
    endloop
  endfacet
  facet normal -0 0 -1
    outer loop
      vertex 216.661 30.4453 0
      vertex 211.99 21.99 0
      vertex 216.625 31 0
    endloop
  endfacet
  facet normal -0 0 -1
    outer loop
      vertex 216.774 29.8677 0
      vertex 211.99 21.99 0
      vertex 216.662 30.4289 0
    endloop
  endfacet
  facet normal -0 0 -1
    outer loop
      vertex 216.779 29.8522 0
      vertex 211.99 21.99 0
      vertex 216.774 29.8677 0
    endloop
  endfacet
  facet normal -0 0 -1
    outer loop
      vertex 216.958 29.3258 0
      vertex 211.99 21.99 0
      vertex 216.779 29.8522 0
    endloop
  endfacet
  facet normal -0 0 -1
    outer loop
      vertex 217.211 28.8125 0
      vertex 211.99 21.99 0
      vertex 216.958 29.3258 0
    endloop
  endfacet
  facet normal -0 0 -1
    outer loop
      vertex 217.529 28.3367 0
      vertex 211.99 21.99 0
      vertex 217.211 28.8125 0
    endloop
  endfacet
  facet normal -0 0 -1
    outer loop
      vertex 217.906 27.9064 0
      vertex 211.99 21.99 0
      vertex 217.529 28.3367 0
    endloop
  endfacet
  facet normal -0 0 -1
    outer loop
      vertex 218.337 27.5291 0
      vertex 211.99 21.99 0
      vertex 217.906 27.9064 0
    endloop
  endfacet
  facet normal -0 0 -1
    outer loop
      vertex 218.812 27.2111 0
      vertex 211.99 21.99 0
      vertex 218.337 27.5291 0
    endloop
  endfacet
  facet normal -0 0 -1
    outer loop
      vertex 219.326 26.958 0
      vertex 211.99 21.99 0
      vertex 218.812 27.2111 0
    endloop
  endfacet
  facet normal 0 0 -1
    outer loop
      vertex 226 0 0
      vertex 230 4 0
      vertex 229.966 3.47789 0
    endloop
  endfacet
  facet normal 0 0 -1
    outer loop
      vertex 230 4 0
      vertex 227.6 40.01 0
      vertex 230 144 0
    endloop
  endfacet
  facet normal 0 0 -1
    outer loop
      vertex 226 0 0
      vertex 229.966 3.47789 0
      vertex 229.864 2.96472 0
    endloop
  endfacet
  facet normal 0 0 -1
    outer loop
      vertex 227.6 129.99 0
      vertex 230 144 0
      vertex 227.6 40.01 0
    endloop
  endfacet
  facet normal 0 0 -1
    outer loop
      vertex 226 0 0
      vertex 229.864 2.96472 0
      vertex 229.696 2.46927 0
    endloop
  endfacet
  facet normal 0 0 -1
    outer loop
      vertex 225.226 137.868 0
      vertex 230 144 0
      vertex 227.6 129.99 0
    endloop
  endfacet
  facet normal 0 0 -1
    outer loop
      vertex 226 0 0
      vertex 229.696 2.46927 0
      vertex 229.464 2 0
    endloop
  endfacet
  facet normal 0 -0 -1
    outer loop
      vertex 225.339 138.445 0
      vertex 230 144 0
      vertex 225.338 138.429 0
    endloop
  endfacet
  facet normal 0 0 -1
    outer loop
      vertex 226 0 0
      vertex 229.464 2 0
      vertex 229.173 1.56496 0
    endloop
  endfacet
  facet normal 0 -0 -1
    outer loop
      vertex 225.375 139 0
      vertex 230 144 0
      vertex 225.339 138.445 0
    endloop
  endfacet
  facet normal 0 0 -1
    outer loop
      vertex 226 0 0
      vertex 229.173 1.56496 0
      vertex 228.828 1.17157 0
    endloop
  endfacet
  facet normal 0 0 -1
    outer loop
      vertex 225.339 139.555 0
      vertex 230 144 0
      vertex 225.375 139 0
    endloop
  endfacet
  facet normal 0 0 -1
    outer loop
      vertex 226 0 0
      vertex 228.828 1.17157 0
      vertex 228.435 0.826584 0
    endloop
  endfacet
  facet normal 0 0 -1
    outer loop
      vertex 225.338 139.571 0
      vertex 230 144 0
      vertex 225.339 139.555 0
    endloop
  endfacet
  facet normal 0 0 -1
    outer loop
      vertex 226 0 0
      vertex 228.435 0.826584 0
      vertex 228 0.535904 0
    endloop
  endfacet
  facet normal 0 0 -1
    outer loop
      vertex 225.226 140.132 0
      vertex 230 144 0
      vertex 225.338 139.571 0
    endloop
  endfacet
  facet normal 0 0 -1
    outer loop
      vertex 230 4 0
      vertex 227.6 9.57242 0
      vertex 227.6 21.99 0
    endloop
  endfacet
  facet normal 0 0 -1
    outer loop
      vertex 226 0 0
      vertex 228 0.535904 0
      vertex 227.531 0.304489 0
    endloop
  endfacet
  facet normal 0 0 -1
    outer loop
      vertex 226 0 0
      vertex 227.531 0.304489 0
      vertex 227.035 0.136292 0
    endloop
  endfacet
  facet normal 0 0 -1
    outer loop
      vertex 226 0 0
      vertex 227.035 0.136292 0
      vertex 226.522 0.0342255 0
    endloop
  endfacet
  facet normal -0 0 -1
    outer loop
      vertex 230 4 0
      vertex 226 0 0
      vertex 227.6 9.57242 0
    endloop
  endfacet
  facet normal 0 0 -1
    outer loop
      vertex 4 0 0
      vertex 227.6 9.57242 0
      vertex 226 0 0
    endloop
  endfacet
  facet normal 0 0 -1
    outer loop
      vertex 2 0.535904 0
      vertex 4 0 0
      vertex 3.47789 0.0342255 0
    endloop
  endfacet
  facet normal 0 0 -1
    outer loop
      vertex 2 0.535904 0
      vertex 3.47789 0.0342255 0
      vertex 2.96472 0.136292 0
    endloop
  endfacet
  facet normal 0 0 -1
    outer loop
      vertex 2 0.535904 0
      vertex 2.96472 0.136292 0
      vertex 2.46927 0.304489 0
    endloop
  endfacet
  facet normal 0 0 -1
    outer loop
      vertex 4 0 0
      vertex 2.4 9.57242 0
      vertex 227.6 9.57242 0
    endloop
  endfacet
  facet normal 0 0 -1
    outer loop
      vertex 4 0 0
      vertex 0 4 0
      vertex 2.4 9.57242 0
    endloop
  endfacet
  facet normal -0 0 -1
    outer loop
      vertex 2.4 9.57242 0
      vertex 0 4 0
      vertex 2.4 21.99 0
    endloop
  endfacet
  facet normal -0 0 -1
    outer loop
      vertex 2.4 21.99 0
      vertex 0 4 0
      vertex 2.4 40.01 0
    endloop
  endfacet
  facet normal 0 0 -1
    outer loop
      vertex 0 4 0
      vertex 4 0 0
      vertex 2 0.535904 0
    endloop
  endfacet
  facet normal 0 0 -1
    outer loop
      vertex 230 4 0
      vertex 227.6 21.99 0
      vertex 227.6 40.01 0
    endloop
  endfacet
  facet normal 0 0 -1
    outer loop
      vertex 225.042 140.674 0
      vertex 230 144 0
      vertex 225.221 140.148 0
    endloop
  endfacet
  facet normal 0 0 -1
    outer loop
      vertex 224.471 141.663 0
      vertex 230 144 0
      vertex 224.789 141.188 0
    endloop
  endfacet
  facet normal -0 0 -1
    outer loop
      vertex 230 144 0
      vertex 224.471 141.663 0
      vertex 229.966 144.522 0
    endloop
  endfacet
  facet normal 0 0 -1
    outer loop
      vertex 224.094 142.094 0
      vertex 229.966 144.522 0
      vertex 224.471 141.663 0
    endloop
  endfacet
  facet normal -0 0 -1
    outer loop
      vertex 229.966 144.522 0
      vertex 224.094 142.094 0
      vertex 229.864 145.035 0
    endloop
  endfacet
  facet normal -0 0 -1
    outer loop
      vertex 229.864 145.035 0
      vertex 224.094 142.094 0
      vertex 229.696 145.531 0
    endloop
  endfacet
  facet normal -0 0 -1
    outer loop
      vertex 229.696 145.531 0
      vertex 224.094 142.094 0
      vertex 229.464 146 0
    endloop
  endfacet
  facet normal 0 0 -1
    outer loop
      vertex 224.789 141.188 0
      vertex 230 144 0
      vertex 225.042 140.674 0
    endloop
  endfacet
  facet normal 0 0 -1
    outer loop
      vertex 225.221 140.148 0
      vertex 230 144 0
      vertex 225.226 140.132 0
    endloop
  endfacet
  facet normal 0 0 -1
    outer loop
      vertex 230 144 0
      vertex 225.226 137.868 0
      vertex 225.338 138.429 0
    endloop
  endfacet
  facet normal 0 0 -1
    outer loop
      vertex 227.6 129.99 0
      vertex 225.221 137.852 0
      vertex 225.226 137.868 0
    endloop
  endfacet
  facet normal 0 0 -1
    outer loop
      vertex 227.6 129.99 0
      vertex 225.042 137.326 0
      vertex 225.221 137.852 0
    endloop
  endfacet
  facet normal 0 0 -1
    outer loop
      vertex 227.6 129.99 0
      vertex 224.789 136.812 0
      vertex 225.042 137.326 0
    endloop
  endfacet
  facet normal 0 0 -1
    outer loop
      vertex 227.6 129.99 0
      vertex 224.471 136.337 0
      vertex 224.789 136.812 0
    endloop
  endfacet
  facet normal 0 0 -1
    outer loop
      vertex 227.6 129.99 0
      vertex 224.094 135.906 0
      vertex 224.471 136.337 0
    endloop
  endfacet
  facet normal 0 0 -1
    outer loop
      vertex 227.6 129.99 0
      vertex 223.663 135.529 0
      vertex 224.094 135.906 0
    endloop
  endfacet
  facet normal 0 0 -1
    outer loop
      vertex 227.6 129.99 0
      vertex 223.188 135.211 0
      vertex 223.663 135.529 0
    endloop
  endfacet
  facet normal 0 0 -1
    outer loop
      vertex 227.6 129.99 0
      vertex 222.674 134.958 0
      vertex 223.188 135.211 0
    endloop
  endfacet
  facet normal 0 0 -1
    outer loop
      vertex 227.6 129.99 0
      vertex 222.148 134.779 0
      vertex 222.674 134.958 0
    endloop
  endfacet
  facet normal 0 0 -1
    outer loop
      vertex 227.6 129.99 0
      vertex 222.132 134.774 0
      vertex 222.148 134.779 0
    endloop
  endfacet
  facet normal 0 0 -1
    outer loop
      vertex 227.6 129.99 0
      vertex 221.571 134.662 0
      vertex 222.132 134.774 0
    endloop
  endfacet
  facet normal 0 0 -1
    outer loop
      vertex 227.6 129.99 0
      vertex 221.555 134.661 0
      vertex 221.571 134.662 0
    endloop
  endfacet
  facet normal 0 0 -1
    outer loop
      vertex 227.6 129.99 0
      vertex 221 134.625 0
      vertex 221.555 134.661 0
    endloop
  endfacet
  facet normal 0 0 -1
    outer loop
      vertex 227.6 129.99 0
      vertex 220.445 134.661 0
      vertex 221 134.625 0
    endloop
  endfacet
  facet normal 0 0 -1
    outer loop
      vertex 227.6 129.99 0
      vertex 220.429 134.662 0
      vertex 220.445 134.661 0
    endloop
  endfacet
  facet normal 0 0 -1
    outer loop
      vertex 211.99 129.99 0
      vertex 220.429 134.662 0
      vertex 227.6 129.99 0
    endloop
  endfacet
  facet normal -0 0 -1
    outer loop
      vertex 220.429 134.662 0
      vertex 211.99 129.99 0
      vertex 219.868 134.774 0
    endloop
  endfacet
  facet normal -0 0 -1
    outer loop
      vertex 219.868 134.774 0
      vertex 211.99 129.99 0
      vertex 219.852 134.779 0
    endloop
  endfacet
  facet normal -0 0 -1
    outer loop
      vertex 219.852 134.779 0
      vertex 211.99 129.99 0
      vertex 219.326 134.958 0
    endloop
  endfacet
  facet normal 0 0 -1
    outer loop
      vertex 211.99 145.6 0
      vertex 216.661 138.445 0
      vertex 216.662 138.429 0
    endloop
  endfacet
  facet normal 0 0 -1
    outer loop
      vertex 211.99 145.6 0
      vertex 216.662 138.429 0
      vertex 211.99 129.99 0
    endloop
  endfacet
  facet normal -0 0 -1
    outer loop
      vertex 216.774 137.868 0
      vertex 211.99 129.99 0
      vertex 216.662 138.429 0
    endloop
  endfacet
  facet normal -0 0 -1
    outer loop
      vertex 216.779 137.852 0
      vertex 211.99 129.99 0
      vertex 216.774 137.868 0
    endloop
  endfacet
  facet normal -0 0 -1
    outer loop
      vertex 216.958 137.326 0
      vertex 211.99 129.99 0
      vertex 216.779 137.852 0
    endloop
  endfacet
  facet normal -0 0 -1
    outer loop
      vertex 217.211 136.812 0
      vertex 211.99 129.99 0
      vertex 216.958 137.326 0
    endloop
  endfacet
  facet normal -0 0 -1
    outer loop
      vertex 217.529 136.337 0
      vertex 211.99 129.99 0
      vertex 217.211 136.812 0
    endloop
  endfacet
  facet normal -0 0 -1
    outer loop
      vertex 217.906 135.906 0
      vertex 211.99 129.99 0
      vertex 217.529 136.337 0
    endloop
  endfacet
  facet normal -0 0 -1
    outer loop
      vertex 218.337 135.529 0
      vertex 211.99 129.99 0
      vertex 217.906 135.906 0
    endloop
  endfacet
  facet normal -0 0 -1
    outer loop
      vertex 218.812 135.211 0
      vertex 211.99 129.99 0
      vertex 218.337 135.529 0
    endloop
  endfacet
  facet normal -0 0 -1
    outer loop
      vertex 219.326 134.958 0
      vertex 211.99 129.99 0
      vertex 218.812 135.211 0
    endloop
  endfacet
  facet normal 0 0 -1
    outer loop
      vertex 225.339 31.5547 0
      vertex 227.6 40.01 0
      vertex 225.375 31 0
    endloop
  endfacet
  facet normal 0 0 -1
    outer loop
      vertex 225.338 31.5711 0
      vertex 227.6 40.01 0
      vertex 225.339 31.5547 0
    endloop
  endfacet
  facet normal 0 0 -1
    outer loop
      vertex 225.226 32.1323 0
      vertex 227.6 40.01 0
      vertex 225.338 31.5711 0
    endloop
  endfacet
  facet normal 0 0 -1
    outer loop
      vertex 225.221 32.1478 0
      vertex 227.6 40.01 0
      vertex 225.226 32.1323 0
    endloop
  endfacet
  facet normal 0 0 -1
    outer loop
      vertex 225.042 32.6742 0
      vertex 227.6 40.01 0
      vertex 225.221 32.1478 0
    endloop
  endfacet
  facet normal 0 0 -1
    outer loop
      vertex 224.789 33.1875 0
      vertex 227.6 40.01 0
      vertex 225.042 32.6742 0
    endloop
  endfacet
  facet normal 0 0 -1
    outer loop
      vertex 224.471 33.6633 0
      vertex 227.6 40.01 0
      vertex 224.789 33.1875 0
    endloop
  endfacet
  facet normal 0 0 -1
    outer loop
      vertex 224.094 34.0936 0
      vertex 227.6 40.01 0
      vertex 224.471 33.6633 0
    endloop
  endfacet
  facet normal 0 0 -1
    outer loop
      vertex 223.663 34.4709 0
      vertex 227.6 40.01 0
      vertex 224.094 34.0936 0
    endloop
  endfacet
  facet normal 0 0 -1
    outer loop
      vertex 223.188 34.7889 0
      vertex 227.6 40.01 0
      vertex 223.663 34.4709 0
    endloop
  endfacet
  facet normal 0 0 -1
    outer loop
      vertex 222.674 35.042 0
      vertex 227.6 40.01 0
      vertex 223.188 34.7889 0
    endloop
  endfacet
  facet normal 0 0 -1
    outer loop
      vertex 222.148 35.2207 0
      vertex 227.6 40.01 0
      vertex 222.674 35.042 0
    endloop
  endfacet
  facet normal 0 0 -1
    outer loop
      vertex 222.132 35.2259 0
      vertex 227.6 40.01 0
      vertex 222.148 35.2207 0
    endloop
  endfacet
  facet normal 0 0 -1
    outer loop
      vertex 221.571 35.3376 0
      vertex 227.6 40.01 0
      vertex 222.132 35.2259 0
    endloop
  endfacet
  facet normal 0 0 -1
    outer loop
      vertex 221.555 35.3386 0
      vertex 227.6 40.01 0
      vertex 221.571 35.3376 0
    endloop
  endfacet
  facet normal 0 0 -1
    outer loop
      vertex 221 35.375 0
      vertex 227.6 40.01 0
      vertex 221.555 35.3386 0
    endloop
  endfacet
  facet normal 0 0 -1
    outer loop
      vertex 220.445 35.3386 0
      vertex 227.6 40.01 0
      vertex 221 35.375 0
    endloop
  endfacet
  facet normal 0 0 -1
    outer loop
      vertex 220.429 35.3376 0
      vertex 227.6 40.01 0
      vertex 220.445 35.3386 0
    endloop
  endfacet
  facet normal 0 0 -1
    outer loop
      vertex 211.99 40.01 0
      vertex 220.429 35.3376 0
      vertex 219.868 35.2259 0
    endloop
  endfacet
  facet normal 0 0 -1
    outer loop
      vertex 211.99 40.01 0
      vertex 219.868 35.2259 0
      vertex 219.852 35.2207 0
    endloop
  endfacet
  facet normal 0 0 -1
    outer loop
      vertex 211.99 40.01 0
      vertex 219.852 35.2207 0
      vertex 219.326 35.042 0
    endloop
  endfacet
  facet normal 0 0 -1
    outer loop
      vertex 211.99 40.01 0
      vertex 219.326 35.042 0
      vertex 218.812 34.7889 0
    endloop
  endfacet
  facet normal 0 0 -1
    outer loop
      vertex 211.99 40.01 0
      vertex 216.661 31.5547 0
      vertex 216.625 31 0
    endloop
  endfacet
  facet normal 0 0 -1
    outer loop
      vertex 211.99 40.01 0
      vertex 216.625 31 0
      vertex 211.99 21.99 0
    endloop
  endfacet
  facet normal 0 0 -1
    outer loop
      vertex 216.661 31.5547 0
      vertex 211.99 40.01 0
      vertex 216.662 31.5711 0
    endloop
  endfacet
  facet normal 0 0 -1
    outer loop
      vertex 216.662 31.5711 0
      vertex 211.99 40.01 0
      vertex 216.774 32.1323 0
    endloop
  endfacet
  facet normal 0 0 -1
    outer loop
      vertex 216.774 32.1323 0
      vertex 211.99 40.01 0
      vertex 216.779 32.1478 0
    endloop
  endfacet
  facet normal 0 0 -1
    outer loop
      vertex 220.429 35.3376 0
      vertex 211.99 40.01 0
      vertex 227.6 40.01 0
    endloop
  endfacet
  facet normal 0 0 -1
    outer loop
      vertex 218.337 34.4709 0
      vertex 211.99 40.01 0
      vertex 218.812 34.7889 0
    endloop
  endfacet
  facet normal 0 0 -1
    outer loop
      vertex 217.906 34.0936 0
      vertex 211.99 40.01 0
      vertex 218.337 34.4709 0
    endloop
  endfacet
  facet normal 0 0 -1
    outer loop
      vertex 217.529 33.6633 0
      vertex 211.99 40.01 0
      vertex 217.906 34.0936 0
    endloop
  endfacet
  facet normal 0 0 -1
    outer loop
      vertex 217.211 33.1875 0
      vertex 211.99 40.01 0
      vertex 217.529 33.6633 0
    endloop
  endfacet
  facet normal 0 0 -1
    outer loop
      vertex 216.958 32.6742 0
      vertex 211.99 40.01 0
      vertex 217.211 33.1875 0
    endloop
  endfacet
  facet normal 0 0 -1
    outer loop
      vertex 216.779 32.1478 0
      vertex 211.99 40.01 0
      vertex 216.958 32.6742 0
    endloop
  endfacet
  facet normal -0 0 -1
    outer loop
      vertex 229.464 146 0
      vertex 224.094 142.094 0
      vertex 229.173 146.435 0
    endloop
  endfacet
  facet normal -0 0 -1
    outer loop
      vertex 229.173 146.435 0
      vertex 224.094 142.094 0
      vertex 228.828 146.828 0
    endloop
  endfacet
  facet normal -0 0 -1
    outer loop
      vertex 228.828 146.828 0
      vertex 224.094 142.094 0
      vertex 228.435 147.173 0
    endloop
  endfacet
  facet normal -0 0 -1
    outer loop
      vertex 228.435 147.173 0
      vertex 224.094 142.094 0
      vertex 228 147.464 0
    endloop
  endfacet
  facet normal -0 0 -1
    outer loop
      vertex 228 147.464 0
      vertex 224.094 142.094 0
      vertex 227.531 147.696 0
    endloop
  endfacet
  facet normal -0 0 -1
    outer loop
      vertex 227.531 147.696 0
      vertex 224.094 142.094 0
      vertex 227.035 147.864 0
    endloop
  endfacet
  facet normal -0 0 -1
    outer loop
      vertex 227.035 147.864 0
      vertex 224.094 142.094 0
      vertex 226.522 147.966 0
    endloop
  endfacet
  facet normal -0 0 -1
    outer loop
      vertex 226.522 147.966 0
      vertex 224.094 142.094 0
      vertex 226 148 0
    endloop
  endfacet
  facet normal 0 0 -1
    outer loop
      vertex 223.663 142.471 0
      vertex 226 148 0
      vertex 224.094 142.094 0
    endloop
  endfacet
  facet normal 0 0 -1
    outer loop
      vertex 223.188 142.789 0
      vertex 226 148 0
      vertex 223.663 142.471 0
    endloop
  endfacet
  facet normal 0 0 -1
    outer loop
      vertex 222.674 143.042 0
      vertex 226 148 0
      vertex 223.188 142.789 0
    endloop
  endfacet
  facet normal 0 0 -1
    outer loop
      vertex 222.148 143.221 0
      vertex 226 148 0
      vertex 222.674 143.042 0
    endloop
  endfacet
  facet normal 0 0 -1
    outer loop
      vertex 222.132 143.226 0
      vertex 226 148 0
      vertex 222.148 143.221 0
    endloop
  endfacet
  facet normal 0 0 -1
    outer loop
      vertex 221.571 143.338 0
      vertex 226 148 0
      vertex 222.132 143.226 0
    endloop
  endfacet
  facet normal 0 0 -1
    outer loop
      vertex 221.555 143.339 0
      vertex 226 148 0
      vertex 221.571 143.338 0
    endloop
  endfacet
  facet normal 0 0 -1
    outer loop
      vertex 221 143.375 0
      vertex 226 148 0
      vertex 221.555 143.339 0
    endloop
  endfacet
  facet normal 0 0 -1
    outer loop
      vertex 220.445 143.339 0
      vertex 226 148 0
      vertex 221 143.375 0
    endloop
  endfacet
  facet normal 0 0 -1
    outer loop
      vertex 220.429 143.338 0
      vertex 226 148 0
      vertex 220.445 143.339 0
    endloop
  endfacet
  facet normal 0 0 -1
    outer loop
      vertex 219.868 143.226 0
      vertex 226 148 0
      vertex 220.429 143.338 0
    endloop
  endfacet
  facet normal 0 0 -1
    outer loop
      vertex 211.99 145.6 0
      vertex 219.868 143.226 0
      vertex 219.852 143.221 0
    endloop
  endfacet
  facet normal 0 0 -1
    outer loop
      vertex 211.99 145.6 0
      vertex 219.852 143.221 0
      vertex 219.326 143.042 0
    endloop
  endfacet
  facet normal 0 0 -1
    outer loop
      vertex 211.99 145.6 0
      vertex 219.326 143.042 0
      vertex 218.812 142.789 0
    endloop
  endfacet
  facet normal 0 0 -1
    outer loop
      vertex 211.99 145.6 0
      vertex 218.812 142.789 0
      vertex 218.337 142.471 0
    endloop
  endfacet
  facet normal 0 0 -1
    outer loop
      vertex 211.99 145.6 0
      vertex 216.661 139.555 0
      vertex 216.625 139 0
    endloop
  endfacet
  facet normal 0 0 -1
    outer loop
      vertex 216.661 138.445 0
      vertex 211.99 145.6 0
      vertex 216.625 139 0
    endloop
  endfacet
  facet normal 0 0 -1
    outer loop
      vertex 216.661 139.555 0
      vertex 211.99 145.6 0
      vertex 216.662 139.571 0
    endloop
  endfacet
  facet normal 0 0 -1
    outer loop
      vertex 216.662 139.571 0
      vertex 211.99 145.6 0
      vertex 216.774 140.132 0
    endloop
  endfacet
  facet normal 0 0 -1
    outer loop
      vertex 216.774 140.132 0
      vertex 211.99 145.6 0
      vertex 216.779 140.148 0
    endloop
  endfacet
  facet normal 0 0 -1
    outer loop
      vertex 216.779 140.148 0
      vertex 211.99 145.6 0
      vertex 216.958 140.674 0
    endloop
  endfacet
  facet normal 0 0 -1
    outer loop
      vertex 211.99 145.6 0
      vertex 217.211 141.188 0
      vertex 216.958 140.674 0
    endloop
  endfacet
  facet normal 0 0 -1
    outer loop
      vertex 211.99 145.6 0
      vertex 217.529 141.663 0
      vertex 217.211 141.188 0
    endloop
  endfacet
  facet normal 0 0 -1
    outer loop
      vertex 211.99 145.6 0
      vertex 217.906 142.094 0
      vertex 217.529 141.663 0
    endloop
  endfacet
  facet normal 0 0 -1
    outer loop
      vertex 211.99 145.6 0
      vertex 218.337 142.471 0
      vertex 217.906 142.094 0
    endloop
  endfacet
  facet normal 0 0 -1
    outer loop
      vertex 219.868 143.226 0
      vertex 211.99 145.6 0
      vertex 226 148 0
    endloop
  endfacet
  facet normal 0 0 -1
    outer loop
      vertex 18.01 145.6 0
      vertex 226 148 0
      vertex 211.99 145.6 0
    endloop
  endfacet
  facet normal 0 0 -1
    outer loop
      vertex 13.3386 139.555 0
      vertex 18.01 145.6 0
      vertex 13.375 139 0
    endloop
  endfacet
  facet normal 0 0 -1
    outer loop
      vertex 13.3376 139.571 0
      vertex 18.01 145.6 0
      vertex 13.3386 139.555 0
    endloop
  endfacet
  facet normal 0 0 -1
    outer loop
      vertex 13.2259 140.132 0
      vertex 18.01 145.6 0
      vertex 13.3376 139.571 0
    endloop
  endfacet
  facet normal 0 0 -1
    outer loop
      vertex 13.2207 140.148 0
      vertex 18.01 145.6 0
      vertex 13.2259 140.132 0
    endloop
  endfacet
  facet normal 0 0 -1
    outer loop
      vertex 13.042 140.674 0
      vertex 18.01 145.6 0
      vertex 13.2207 140.148 0
    endloop
  endfacet
  facet normal 0 0 -1
    outer loop
      vertex 12.7889 141.188 0
      vertex 18.01 145.6 0
      vertex 13.042 140.674 0
    endloop
  endfacet
  facet normal 0 0 -1
    outer loop
      vertex 12.4709 141.663 0
      vertex 18.01 145.6 0
      vertex 12.7889 141.188 0
    endloop
  endfacet
  facet normal 0 0 -1
    outer loop
      vertex 12.0936 142.094 0
      vertex 18.01 145.6 0
      vertex 12.4709 141.663 0
    endloop
  endfacet
  facet normal 0 0 -1
    outer loop
      vertex 11.6633 142.471 0
      vertex 18.01 145.6 0
      vertex 12.0936 142.094 0
    endloop
  endfacet
  facet normal 0 0 -1
    outer loop
      vertex 11.1875 142.789 0
      vertex 18.01 145.6 0
      vertex 11.6633 142.471 0
    endloop
  endfacet
  facet normal 0 0 -1
    outer loop
      vertex 10.6742 143.042 0
      vertex 18.01 145.6 0
      vertex 11.1875 142.789 0
    endloop
  endfacet
  facet normal 0 0 -1
    outer loop
      vertex 10.1478 143.221 0
      vertex 18.01 145.6 0
      vertex 10.6742 143.042 0
    endloop
  endfacet
  facet normal 0 0 -1
    outer loop
      vertex 10.1323 143.226 0
      vertex 18.01 145.6 0
      vertex 10.1478 143.221 0
    endloop
  endfacet
  facet normal 0 0 -1
    outer loop
      vertex 4 148 0
      vertex 10.1323 143.226 0
      vertex 9.57105 143.338 0
    endloop
  endfacet
  facet normal 0 0 -1
    outer loop
      vertex 4 148 0
      vertex 9.57105 143.338 0
      vertex 9.55474 143.339 0
    endloop
  endfacet
  facet normal 0 0 -1
    outer loop
      vertex 4 148 0
      vertex 9.55474 143.339 0
      vertex 9 143.375 0
    endloop
  endfacet
  facet normal 0 0 -1
    outer loop
      vertex 4 148 0
      vertex 9 143.375 0
      vertex 8.44526 143.339 0
    endloop
  endfacet
  facet normal 0 0 -1
    outer loop
      vertex 4 148 0
      vertex 8.44526 143.339 0
      vertex 8.42895 143.338 0
    endloop
  endfacet
  facet normal 0 0 -1
    outer loop
      vertex 4 148 0
      vertex 8.42895 143.338 0
      vertex 7.86767 143.226 0
    endloop
  endfacet
  facet normal 0 0 -1
    outer loop
      vertex 4 148 0
      vertex 4.77933 140.148 0
      vertex 4.77408 140.132 0
    endloop
  endfacet
  facet normal 0 0 1
    outer loop
      vertex 4.625 139 0
      vertex 4.66243 139.571 0
      vertex 4.66136 139.555 0
    endloop
  endfacet
  facet normal 0 0 -1
    outer loop
      vertex 18.01 145.6 0
      vertex 4 148 0
      vertex 226 148 0
    endloop
  endfacet
  facet normal 0 0 -1
    outer loop
      vertex 10.1323 143.226 0
      vertex 4 148 0
      vertex 18.01 145.6 0
    endloop
  endfacet
  facet normal 0 0 -1
    outer loop
      vertex 7.85218 143.221 0
      vertex 4 148 0
      vertex 7.86767 143.226 0
    endloop
  endfacet
  facet normal 0 0 -1
    outer loop
      vertex 7.32576 143.042 0
      vertex 4 148 0
      vertex 7.85218 143.221 0
    endloop
  endfacet
  facet normal 0 0 -1
    outer loop
      vertex 6.8125 142.789 0
      vertex 4 148 0
      vertex 7.32576 143.042 0
    endloop
  endfacet
  facet normal 0 0 -1
    outer loop
      vertex 6.33667 142.471 0
      vertex 4 148 0
      vertex 6.8125 142.789 0
    endloop
  endfacet
  facet normal 0 0 -1
    outer loop
      vertex 5.90641 142.094 0
      vertex 4 148 0
      vertex 6.33667 142.471 0
    endloop
  endfacet
  facet normal 0 0 -1
    outer loop
      vertex 5.52908 141.663 0
      vertex 4 148 0
      vertex 5.90641 142.094 0
    endloop
  endfacet
  facet normal 0 0 -1
    outer loop
      vertex 5.21114 141.188 0
      vertex 4 148 0
      vertex 5.52908 141.663 0
    endloop
  endfacet
  facet normal 0 0 -1
    outer loop
      vertex 4.95803 140.674 0
      vertex 4 148 0
      vertex 5.21114 141.188 0
    endloop
  endfacet
  facet normal 0 0 -1
    outer loop
      vertex 4.77933 140.148 0
      vertex 4 148 0
      vertex 4.95803 140.674 0
    endloop
  endfacet
  facet normal 0 0 -1
    outer loop
      vertex 4.66243 139.571 0
      vertex 4 148 0
      vertex 4.77408 140.132 0
    endloop
  endfacet
  facet normal 0 0 -1
    outer loop
      vertex 4 148 0
      vertex 4.66243 139.571 0
      vertex 4.625 139 0
    endloop
  endfacet
  facet normal -0.831474 -0.555564 -0
    outer loop
      vertex 0.826584 1.56496 0.7198
      vertex 0.535904 2 0
      vertex 0.826584 1.56496 0
    endloop
  endfacet
  facet normal -0.831474 -0.555564 0
    outer loop
      vertex 0.535904 2 0
      vertex 0.826584 1.56496 0.7198
      vertex 0.535904 2 0.919897
    endloop
  endfacet
  facet normal 0.947145 0.320807 0
    outer loop
      vertex 229.864 145.035 66.7088
      vertex 229.696 145.531 0
      vertex 229.696 145.531 66.9367
    endloop
  endfacet
  facet normal 0.947145 0.320807 0
    outer loop
      vertex 229.696 145.531 0
      vertex 229.864 145.035 66.7088
      vertex 229.864 145.035 0
    endloop
  endfacet
  facet normal 0.659722 0.75151 0
    outer loop
      vertex 228.435 147.173 0
      vertex 228.828 146.828 67.5335
      vertex 228.828 146.828 0
    endloop
  endfacet
  facet normal 0.659722 0.75151 0
    outer loop
      vertex 228.828 146.828 67.5335
      vertex 228.435 147.173 0
      vertex 228.435 147.173 67.6922
    endloop
  endfacet
  facet normal 2.33792e-05 -0.41782 0.90853
    outer loop
      vertex 230 4 1.83979
      vertex 173.086 27.4257 12.6144
      vertex 173.1 27.23 12.5244
    endloop
  endfacet
  facet normal 0.00110443 -0.41787 0.908506
    outer loop
      vertex 173.105 41.33 19.0097
      vertex 173.044 27.618 12.7029
      vertex 173.086 27.4257 12.6144
    endloop
  endfacet
  facet normal -0.000157123 -0.417866 0.908509
    outer loop
      vertex 173.105 41.33 19.0097
      vertex 172.974 27.8037 12.7883
      vertex 173.044 27.618 12.7029
    endloop
  endfacet
  facet normal -0.000553624 -0.417862 0.90851
    outer loop
      vertex 173.105 41.33 19.0097
      vertex 172.879 27.9795 12.8691
      vertex 172.974 27.8037 12.7883
    endloop
  endfacet
  facet normal -0.000135457 -0.417868 0.908508
    outer loop
      vertex 173.105 41.33 19.0097
      vertex 172.759 28.1426 12.9441
      vertex 172.879 27.9795 12.8691
    endloop
  endfacet
  facet normal 1.71348e-05 -0.417872 0.908506
    outer loop
      vertex 173.105 41.33 19.0097
      vertex 172.617 28.29 13.0119
      vertex 172.759 28.1426 12.9441
    endloop
  endfacet
  facet normal 0.000151289 -0.417876 0.908504
    outer loop
      vertex 173.105 41.33 19.0097
      vertex 172.454 28.4193 13.0714
      vertex 172.617 28.29 13.0119
    endloop
  endfacet
  facet normal 5.53821e-05 -0.417872 0.908506
    outer loop
      vertex 173.105 41.33 19.0097
      vertex 172.275 28.5282 13.1215
      vertex 172.454 28.4193 13.0714
    endloop
  endfacet
  facet normal 0.000101277 -0.417874 0.908505
    outer loop
      vertex 173.105 41.33 19.0097
      vertex 172.081 28.6149 13.1614
      vertex 172.275 28.5282 13.1215
    endloop
  endfacet
  facet normal -9.90462e-05 -0.417861 0.908511
    outer loop
      vertex 173.105 41.33 19.0097
      vertex 171.877 28.678 13.1904
      vertex 172.081 28.6149 13.1614
    endloop
  endfacet
  facet normal 0.000125813 -0.417879 0.908503
    outer loop
      vertex 173.105 41.33 19.0097
      vertex 171.665 28.7162 13.208
      vertex 171.877 28.678 13.1904
    endloop
  endfacet
  facet normal 5.31249e-05 -0.417872 0.908506
    outer loop
      vertex 173.105 41.33 19.0097
      vertex 171.45 28.729 13.2139
      vertex 171.665 28.7162 13.208
    endloop
  endfacet
  facet normal -5.39625e-05 -0.41786 0.908511
    outer loop
      vertex 173.105 41.33 19.0097
      vertex 171.235 28.7162 13.208
      vertex 171.45 28.729 13.2139
    endloop
  endfacet
  facet normal -0.000131927 -0.417851 0.908516
    outer loop
      vertex 173.105 41.33 19.0097
      vertex 171.023 28.678 13.1904
      vertex 171.235 28.7162 13.208
    endloop
  endfacet
  facet normal 0.00010749 -0.417883 0.908501
    outer loop
      vertex 173.105 41.33 19.0097
      vertex 170.819 28.6149 13.1614
      vertex 171.023 28.678 13.1904
    endloop
  endfacet
  facet normal -0.00011409 -0.417851 0.908516
    outer loop
      vertex 173.105 41.33 19.0097
      vertex 170.625 28.5282 13.1215
      vertex 170.819 28.6149 13.1614
    endloop
  endfacet
  facet normal -6.52581e-05 -0.417858 0.908512
    outer loop
      vertex 173.105 41.33 19.0097
      vertex 170.446 28.4193 13.0714
      vertex 170.625 28.5282 13.1215
    endloop
  endfacet
  facet normal -0.000188068 -0.417838 0.908522
    outer loop
      vertex 173.105 41.33 19.0097
      vertex 170.283 28.29 13.0119
      vertex 170.446 28.4193 13.0714
    endloop
  endfacet
  facet normal -2.29576e-05 -0.417867 0.908508
    outer loop
      vertex 173.105 41.33 19.0097
      vertex 170.141 28.1426 12.9441
      vertex 170.283 28.29 13.0119
    endloop
  endfacet
  facet normal 0.000201989 -0.417909 0.908489
    outer loop
      vertex 173.105 41.33 19.0097
      vertex 170.021 27.9795 12.8691
      vertex 170.141 28.1426 12.9441
    endloop
  endfacet
  facet normal 0.00099718 -0.41806 0.908419
    outer loop
      vertex 173.105 41.33 19.0097
      vertex 169.926 27.8037 12.7883
      vertex 170.021 27.9795 12.8691
    endloop
  endfacet
  facet normal 0.000428012 -0.41795 0.90847
    outer loop
      vertex 173.105 41.33 19.0097
      vertex 169.856 27.618 12.7029
      vertex 169.926 27.8037 12.7883
    endloop
  endfacet
  facet normal 0 -0.417821 0.908529
    outer loop
      vertex 169.814 27.4257 12.6144
      vertex 24.2 27.23 12.5244
      vertex 169.8 27.23 12.5244
    endloop
  endfacet
  facet normal 0 -0.418069 0.908415
    outer loop
      vertex 24.1859 27.4257 12.6144
      vertex 169.814 27.4257 12.6144
      vertex 169.856 27.618 12.7029
    endloop
  endfacet
  facet normal 0 -0.417866 0.908509
    outer loop
      vertex 24.1438 27.618 12.7029
      vertex 169.856 27.618 12.7029
      vertex 173.105 41.33 19.0097
    endloop
  endfacet
  facet normal 0 -0.417821 0.908529
    outer loop
      vertex 169.814 27.4257 12.6144
      vertex 24.1859 27.4257 12.6144
      vertex 24.2 27.23 12.5244
    endloop
  endfacet
  facet normal 0 -0.418069 0.908415
    outer loop
      vertex 169.856 27.618 12.7029
      vertex 24.1438 27.618 12.7029
      vertex 24.1859 27.4257 12.6144
    endloop
  endfacet
  facet normal 0 -0.417866 0.908509
    outer loop
      vertex 20.895 41.33 19.0097
      vertex 24.1438 27.618 12.7029
      vertex 173.105 41.33 19.0097
    endloop
  endfacet
  facet normal -0.000438076 -0.417952 0.908469
    outer loop
      vertex 24.1438 27.618 12.7029
      vertex 20.895 41.33 19.0097
      vertex 24.0744 27.8037 12.7883
    endloop
  endfacet
  facet normal -0.000988073 -0.418058 0.90842
    outer loop
      vertex 24.0744 27.8037 12.7883
      vertex 20.895 41.33 19.0097
      vertex 23.9789 27.9795 12.8691
    endloop
  endfacet
  facet normal -0.000202232 -0.417909 0.908489
    outer loop
      vertex 23.9789 27.9795 12.8691
      vertex 20.895 41.33 19.0097
      vertex 23.859 28.1426 12.9441
    endloop
  endfacet
  facet normal 2.28946e-05 -0.417867 0.908508
    outer loop
      vertex 23.859 28.1426 12.9441
      vertex 20.895 41.33 19.0097
      vertex 23.7167 28.29 13.0119
    endloop
  endfacet
  facet normal 0.000189185 -0.417837 0.908522
    outer loop
      vertex 23.7167 28.29 13.0119
      vertex 20.895 41.33 19.0097
      vertex 23.5545 28.4193 13.0714
    endloop
  endfacet
  facet normal 6.50521e-05 -0.417858 0.908512
    outer loop
      vertex 23.5545 28.4193 13.0714
      vertex 20.895 41.33 19.0097
      vertex 23.375 28.5282 13.1215
    endloop
  endfacet
  facet normal 0.000114349 -0.417851 0.908516
    outer loop
      vertex 23.375 28.5282 13.1215
      vertex 20.895 41.33 19.0097
      vertex 23.1814 28.6149 13.1614
    endloop
  endfacet
  facet normal -0.000107324 -0.417883 0.908501
    outer loop
      vertex 23.1814 28.6149 13.1614
      vertex 20.895 41.33 19.0097
      vertex 22.9771 28.678 13.1904
    endloop
  endfacet
  facet normal 0.00013212 -0.417851 0.908516
    outer loop
      vertex 22.9771 28.678 13.1904
      vertex 20.895 41.33 19.0097
      vertex 22.7654 28.7162 13.208
    endloop
  endfacet
  facet normal 5.38615e-05 -0.41786 0.908511
    outer loop
      vertex 22.7654 28.7162 13.208
      vertex 20.895 41.33 19.0097
      vertex 22.55 28.729 13.2139
    endloop
  endfacet
  facet normal 3.02392e-06 -0.417869 0.908507
    outer loop
      vertex 0 4 1.83979
      vertex 20.9141 27.4257 12.6144
      vertex 20.895 41.33 19.0097
    endloop
  endfacet
  facet normal -0.00110179 -0.41787 0.908506
    outer loop
      vertex 20.9562 27.618 12.7029
      vertex 20.895 41.33 19.0097
      vertex 20.9141 27.4257 12.6144
    endloop
  endfacet
  facet normal 0.00015846 -0.417866 0.908509
    outer loop
      vertex 21.0256 27.8037 12.7883
      vertex 20.895 41.33 19.0097
      vertex 20.9562 27.618 12.7029
    endloop
  endfacet
  facet normal 0.000550805 -0.417862 0.90851
    outer loop
      vertex 21.1211 27.9795 12.8691
      vertex 20.895 41.33 19.0097
      vertex 21.0256 27.8037 12.7883
    endloop
  endfacet
  facet normal 0.000135566 -0.417868 0.908508
    outer loop
      vertex 21.241 28.1426 12.9441
      vertex 20.895 41.33 19.0097
      vertex 21.1211 27.9795 12.8691
    endloop
  endfacet
  facet normal -1.70996e-05 -0.417872 0.908506
    outer loop
      vertex 21.3833 28.29 13.0119
      vertex 20.895 41.33 19.0097
      vertex 21.241 28.1426 12.9441
    endloop
  endfacet
  facet normal -0.000152011 -0.417876 0.908504
    outer loop
      vertex 21.5455 28.4193 13.0714
      vertex 20.895 41.33 19.0097
      vertex 21.3833 28.29 13.0119
    endloop
  endfacet
  facet normal -5.52336e-05 -0.417872 0.908506
    outer loop
      vertex 21.725 28.5282 13.1215
      vertex 20.895 41.33 19.0097
      vertex 21.5455 28.4193 13.0714
    endloop
  endfacet
  facet normal -0.000101481 -0.417874 0.908505
    outer loop
      vertex 21.9186 28.6149 13.1614
      vertex 20.895 41.33 19.0097
      vertex 21.725 28.5282 13.1215
    endloop
  endfacet
  facet normal 9.89052e-05 -0.417861 0.908511
    outer loop
      vertex 22.1229 28.678 13.1904
      vertex 20.895 41.33 19.0097
      vertex 21.9186 28.6149 13.1614
    endloop
  endfacet
  facet normal -0.000125988 -0.417879 0.908503
    outer loop
      vertex 22.3346 28.7162 13.208
      vertex 20.895 41.33 19.0097
      vertex 22.1229 28.678 13.1904
    endloop
  endfacet
  facet normal -5.3027e-05 -0.417872 0.908506
    outer loop
      vertex 22.55 28.729 13.2139
      vertex 20.895 41.33 19.0097
      vertex 22.3346 28.7162 13.208
    endloop
  endfacet
  facet normal -1.13563e-05 -0.417877 0.908503
    outer loop
      vertex 226 148 68.0724
      vertex 230 144 66.2326
      vertex 229.966 144.522 66.4727
    endloop
  endfacet
  facet normal 4.33729e-07 -0.417867 0.908508
    outer loop
      vertex 230 144 66.2326
      vertex 173.105 41.33 19.0097
      vertex 230 4 1.83979
    endloop
  endfacet
  facet normal -0.000275631 -0.418126 0.908389
    outer loop
      vertex 226 148 68.0724
      vertex 229.966 144.522 66.4727
      vertex 229.864 145.035 66.7088
    endloop
  endfacet
  facet normal -1.11228e-06 -0.417869 0.908507
    outer loop
      vertex 173.086 27.4257 12.6144
      vertex 230 4 1.83979
      vertex 173.105 41.33 19.0097
    endloop
  endfacet
  facet normal 0.000398552 -0.417401 0.908722
    outer loop
      vertex 226 148 68.0724
      vertex 229.864 145.035 66.7088
      vertex 229.696 145.531 66.9367
    endloop
  endfacet
  facet normal 3.46623e-07 -0.417866 0.908508
    outer loop
      vertex 226 0 1.71678e-07
      vertex 230 4 1.83979
      vertex 173.1 27.23 12.5244
    endloop
  endfacet
  facet normal -0.000130634 -0.418055 0.908422
    outer loop
      vertex 226 148 68.0724
      vertex 229.696 145.531 66.9367
      vertex 229.464 146 67.1525
    endloop
  endfacet
  facet normal -5.89434e-06 -0.417861 0.908511
    outer loop
      vertex 230 4 1.83979
      vertex 226 0 1.71678e-07
      vertex 229.966 3.47789 1.59965
    endloop
  endfacet
  facet normal -4.27305e-05 -0.417929 0.90848
    outer loop
      vertex 226 148 68.0724
      vertex 229.464 146 67.1525
      vertex 229.173 146.435 67.3526
    endloop
  endfacet
  facet normal -3.20357e-06 -0.417864 0.90851
    outer loop
      vertex 229.966 3.47789 1.59965
      vertex 226 0 1.71678e-07
      vertex 229.864 2.96472 1.36362
    endloop
  endfacet
  facet normal -0.000291731 -0.418346 0.908288
    outer loop
      vertex 226 148 68.0724
      vertex 229.173 146.435 67.3526
      vertex 228.828 146.828 67.5335
    endloop
  endfacet
  facet normal -3.23952e-06 -0.417864 0.90851
    outer loop
      vertex 229.864 2.96472 1.36362
      vertex 226 0 1.71678e-07
      vertex 229.696 2.46927 1.13574
    endloop
  endfacet
  facet normal -0.000133867 -0.418031 0.908433
    outer loop
      vertex 226 148 68.0724
      vertex 228.828 146.828 67.5335
      vertex 228.435 147.173 67.6922
    endloop
  endfacet
  facet normal 2.0467e-06 -0.41787 0.908507
    outer loop
      vertex 229.464 2 0.919897
      vertex 226 0 1.71678e-07
      vertex 229.173 1.56496 0.7198
    endloop
  endfacet
  facet normal 0.000177932 -0.417274 0.908781
    outer loop
      vertex 226 148 68.0724
      vertex 228.435 147.173 67.6922
      vertex 228 147.464 67.8259
    endloop
  endfacet
  facet normal -1.69562e-06 -0.417864 0.90851
    outer loop
      vertex 229.173 1.56496 0.7198
      vertex 226 0 1.71678e-07
      vertex 228.828 1.17157 0.538862
    endloop
  endfacet
  facet normal 0.000674146 -0.415744 0.909481
    outer loop
      vertex 226 148 68.0724
      vertex 228 147.464 67.8259
      vertex 227.531 147.696 67.9323
    endloop
  endfacet
  facet normal 4.48995e-07 -0.417868 0.908508
    outer loop
      vertex 228.828 1.17157 0.538862
      vertex 226 0 1.71678e-07
      vertex 228.435 0.826584 0.380186
    endloop
  endfacet
  facet normal 6.14509e-05 -0.418291 0.908313
    outer loop
      vertex 226 148 68.0724
      vertex 227.531 147.696 67.9323
      vertex 227.035 147.864 68.0097
    endloop
  endfacet
  facet normal 5.5061e-07 -0.417868 0.908508
    outer loop
      vertex 228.435 0.826584 0.380186
      vertex 226 0 1.71678e-07
      vertex 228 0.535904 0.246488
    endloop
  endfacet
  facet normal 8.62663e-05 -0.418136 0.908385
    outer loop
      vertex 226 148 68.0724
      vertex 227.035 147.864 68.0097
      vertex 226.522 147.966 68.0567
    endloop
  endfacet
  facet normal -1.85077e-06 -0.417861 0.908511
    outer loop
      vertex 228 0.535904 0.246488
      vertex 226 0 1.71678e-07
      vertex 227.531 0.304489 0.14005
    endloop
  endfacet
  facet normal 6.38942e-07 -0.417868 0.908508
    outer loop
      vertex 230 144 66.2326
      vertex 226 148 68.0724
      vertex 173.105 117.572 54.0771
    endloop
  endfacet
  facet normal 1.11074e-06 -0.417873 0.908505
    outer loop
      vertex 227.531 0.304489 0.14005
      vertex 226 0 1.71678e-07
      vertex 227.035 0.136292 0.0626873
    endloop
  endfacet
  facet normal 3.38498e-07 -0.417867 0.908508
    outer loop
      vertex 230 144 66.2326
      vertex 173.105 117.572 54.0771
      vertex 173.105 41.33 19.0097
    endloop
  endfacet
  facet normal -0.000218684 -0.41728 0.908778
    outer loop
      vertex 173.086 131.476 60.4724
      vertex 226 148 68.0724
      vertex 173.1 131.672 60.5624
    endloop
  endfacet
  facet normal -0.000209247 -0.417306 0.908766
    outer loop
      vertex 226 148 68.0724
      vertex 173.086 131.868 60.6524
      vertex 173.1 131.672 60.5624
    endloop
  endfacet
  facet normal 0.000119762 -0.418196 0.908357
    outer loop
      vertex 226 148 68.0724
      vertex 173.044 132.06 60.7408
      vertex 173.086 131.868 60.6524
    endloop
  endfacet
  facet normal -6.69164e-05 -0.417684 0.908592
    outer loop
      vertex 226 148 68.0724
      vertex 172.974 132.246 60.8263
      vertex 173.044 132.06 60.7408
    endloop
  endfacet
  facet normal -0.000200597 -0.417313 0.908763
    outer loop
      vertex 226 148 68.0724
      vertex 172.879 132.422 60.9071
      vertex 172.974 132.246 60.8263
    endloop
  endfacet
  facet normal 3.5042e-05 -0.417976 0.908458
    outer loop
      vertex 226 148 68.0724
      vertex 172.759 132.585 60.9821
      vertex 172.879 132.422 60.9071
    endloop
  endfacet
  facet normal 0.000259599 -0.418616 0.908163
    outer loop
      vertex 226 148 68.0724
      vertex 172.617 132.732 61.0499
      vertex 172.759 132.585 60.9821
    endloop
  endfacet
  facet normal 0.000246393 -0.418578 0.908181
    outer loop
      vertex 226 148 68.0724
      vertex 172.454 132.861 61.1094
      vertex 172.617 132.732 61.0499
    endloop
  endfacet
  facet normal -5.34855e-05 -0.417703 0.908584
    outer loop
      vertex 226 148 68.0724
      vertex 172.275 132.97 61.1595
      vertex 172.454 132.861 61.1094
    endloop
  endfacet
  facet normal -0.000206582 -0.417251 0.908791
    outer loop
      vertex 226 148 68.0724
      vertex 172.081 133.057 61.1994
      vertex 172.275 132.97 61.1595
    endloop
  endfacet
  facet normal 4.90496e-05 -0.418013 0.908441
    outer loop
      vertex 226 148 68.0724
      vertex 171.877 133.12 61.2284
      vertex 172.081 133.057 61.1994
    endloop
  endfacet
  facet normal 0.000316443 -0.418815 0.908071
    outer loop
      vertex 226 148 68.0724
      vertex 171.665 133.158 61.246
      vertex 171.877 133.12 61.2284
    endloop
  endfacet
  facet normal -0.00027411 -0.417031 0.908892
    outer loop
      vertex 226 148 68.0724
      vertex 171.45 133.171 61.2519
      vertex 171.665 133.158 61.246
    endloop
  endfacet
  facet normal 0.000430463 -0.41917 0.907908
    outer loop
      vertex 226 148 68.0724
      vertex 171.235 133.158 61.246
      vertex 171.45 133.171 61.2519
    endloop
  endfacet
  facet normal -0.00155221 -0.413126 0.910673
    outer loop
      vertex 226 148 68.0724
      vertex 171.023 133.12 61.2284
      vertex 171.235 133.158 61.246
    endloop
  endfacet
  facet normal 0 -0.417293 0.908772
    outer loop
      vertex 169.814 131.868 60.6524
      vertex 24.2 131.672 60.5624
      vertex 169.8 131.672 60.5624
    endloop
  endfacet
  facet normal 0 -0.418218 0.908347
    outer loop
      vertex 24.1859 131.868 60.6524
      vertex 169.814 131.868 60.6524
      vertex 169.856 132.06 60.7408
    endloop
  endfacet
  facet normal 0 -0.417664 0.908602
    outer loop
      vertex 24.1438 132.06 60.7408
      vertex 169.856 132.06 60.7408
      vertex 169.926 132.246 60.8263
    endloop
  endfacet
  facet normal 0 -0.417224 0.908804
    outer loop
      vertex 24.0744 132.246 60.8263
      vertex 169.926 132.246 60.8263
      vertex 170.021 132.422 60.9071
    endloop
  endfacet
  facet normal 0 -0.417998 0.908448
    outer loop
      vertex 23.9789 132.422 60.9071
      vertex 170.021 132.422 60.9071
      vertex 170.141 132.585 60.9821
    endloop
  endfacet
  facet normal 0 -0.418823 0.908068
    outer loop
      vertex 23.859 132.585 60.9821
      vertex 170.141 132.585 60.9821
      vertex 170.283 132.732 61.0499
    endloop
  endfacet
  facet normal 0 -0.418835 0.908062
    outer loop
      vertex 23.7167 132.732 61.0499
      vertex 170.283 132.732 61.0499
      vertex 170.446 132.861 61.1094
    endloop
  endfacet
  facet normal 2.19215e-05 -0.41766 0.908603
    outer loop
      vertex 4 148 68.0724
      vertex 170.446 132.861 61.1094
      vertex 170.625 132.97 61.1595
    endloop
  endfacet
  facet normal 9.0058e-05 -0.417036 0.90889
    outer loop
      vertex 4 148 68.0724
      vertex 170.625 132.97 61.1595
      vertex 170.819 133.057 61.1994
    endloop
  endfacet
  facet normal -2.33167e-05 -0.418081 0.90841
    outer loop
      vertex 4 148 68.0724
      vertex 170.819 133.057 61.1994
      vertex 171.023 133.12 61.2284
    endloop
  endfacet
  facet normal 0 -0.417865 0.908509
    outer loop
      vertex 4 148 68.0724
      vertex 171.023 133.12 61.2284
      vertex 226 148 68.0724
    endloop
  endfacet
  facet normal 0 -0.417293 0.908772
    outer loop
      vertex 169.814 131.868 60.6524
      vertex 24.1859 131.868 60.6524
      vertex 24.2 131.672 60.5624
    endloop
  endfacet
  facet normal 0 -0.418218 0.908347
    outer loop
      vertex 169.856 132.06 60.7408
      vertex 24.1438 132.06 60.7408
      vertex 24.1859 131.868 60.6524
    endloop
  endfacet
  facet normal 0 -0.417664 0.908602
    outer loop
      vertex 169.926 132.246 60.8263
      vertex 24.0744 132.246 60.8263
      vertex 24.1438 132.06 60.7408
    endloop
  endfacet
  facet normal 0 -0.417224 0.908804
    outer loop
      vertex 170.021 132.422 60.9071
      vertex 23.9789 132.422 60.9071
      vertex 24.0744 132.246 60.8263
    endloop
  endfacet
  facet normal 0 -0.417998 0.908448
    outer loop
      vertex 170.141 132.585 60.9821
      vertex 23.859 132.585 60.9821
      vertex 23.9789 132.422 60.9071
    endloop
  endfacet
  facet normal 0 -0.418823 0.908068
    outer loop
      vertex 170.283 132.732 61.0499
      vertex 23.7167 132.732 61.0499
      vertex 23.859 132.585 60.9821
    endloop
  endfacet
  facet normal 0 -0.418835 0.908062
    outer loop
      vertex 170.446 132.861 61.1094
      vertex 23.5545 132.861 61.1094
      vertex 23.7167 132.732 61.0499
    endloop
  endfacet
  facet normal 0 -0.417859 0.908512
    outer loop
      vertex 170.446 132.861 61.1094
      vertex 4 148 68.0724
      vertex 23.5545 132.861 61.1094
    endloop
  endfacet
  facet normal -0.000779645 -0.41869 0.908129
    outer loop
      vertex 23.5545 132.861 61.1094
      vertex 4 148 68.0724
      vertex 23.375 132.97 61.1595
    endloop
  endfacet
  facet normal -0.00127952 -0.419221 0.907883
    outer loop
      vertex 23.375 132.97 61.1595
      vertex 4 148 68.0724
      vertex 23.1814 133.057 61.1994
    endloop
  endfacet
  facet normal 0.00017143 -0.417685 0.908592
    outer loop
      vertex 23.1814 133.057 61.1994
      vertex 4 148 68.0724
      vertex 22.9771 133.12 61.2284
    endloop
  endfacet
  facet normal 0.000679486 -0.41715 0.908837
    outer loop
      vertex 22.9771 133.12 61.2284
      vertex 4 148 68.0724
      vertex 22.7654 133.158 61.246
    endloop
  endfacet
  facet normal -0.000361549 -0.418236 0.908338
    outer loop
      vertex 22.7654 133.158 61.246
      vertex 4 148 68.0724
      vertex 22.55 133.171 61.2519
    endloop
  endfacet
  facet normal 3.3297e-07 -0.417866 0.908509
    outer loop
      vertex 20.9562 131.284 60.3839
      vertex 0 144 66.2326
      vertex 20.895 117.572 54.0771
    endloop
  endfacet
  facet normal -0.000628866 -0.418722 0.908114
    outer loop
      vertex 20.9141 131.476 60.4724
      vertex 0 144 66.2326
      vertex 20.9562 131.284 60.3839
    endloop
  endfacet
  facet normal -0.000214816 -0.418179 0.908365
    outer loop
      vertex 20.9562 132.06 60.7408
      vertex 0 144 66.2326
      vertex 20.9141 131.868 60.6524
    endloop
  endfacet
  facet normal 0.000116262 -0.417699 0.908585
    outer loop
      vertex 21.0256 132.246 60.8263
      vertex 0 144 66.2326
      vertex 20.9562 132.06 60.7408
    endloop
  endfacet
  facet normal 1.32204e-06 -0.417869 0.908507
    outer loop
      vertex 0 144 66.2326
      vertex 21.0256 132.246 60.8263
      vertex 4 148 68.0724
    endloop
  endfacet
  facet normal 0.000482595 -0.41744 0.908704
    outer loop
      vertex 21.1211 132.422 60.9071
      vertex 4 148 68.0724
      vertex 21.0256 132.246 60.8263
    endloop
  endfacet
  facet normal -7.91943e-05 -0.41795 0.90847
    outer loop
      vertex 21.241 132.585 60.9821
      vertex 4 148 68.0724
      vertex 21.1211 132.422 60.9071
    endloop
  endfacet
  facet normal -0.000549978 -0.418384 0.90827
    outer loop
      vertex 21.3833 132.732 61.0499
      vertex 4 148 68.0724
      vertex 21.241 132.585 60.9821
    endloop
  endfacet
  facet normal -0.000489573 -0.418327 0.908296
    outer loop
      vertex 21.5455 132.861 61.1094
      vertex 4 148 68.0724
      vertex 21.3833 132.732 61.0499
    endloop
  endfacet
  facet normal 9.87264e-05 -0.417765 0.908555
    outer loop
      vertex 21.725 132.97 61.1595
      vertex 4 148 68.0724
      vertex 21.5455 132.861 61.1094
    endloop
  endfacet
  facet normal 0.000352149 -0.417518 0.908669
    outer loop
      vertex 21.9186 133.057 61.1994
      vertex 4 148 68.0724
      vertex 21.725 132.97 61.1595
    endloop
  endfacet
  facet normal -7.56025e-05 -0.417941 0.908474
    outer loop
      vertex 22.1229 133.12 61.2284
      vertex 4 148 68.0724
      vertex 21.9186 133.057 61.1994
    endloop
  endfacet
  facet normal -0.000429693 -0.418297 0.90831
    outer loop
      vertex 22.3346 133.158 61.246
      vertex 4 148 68.0724
      vertex 22.1229 133.12 61.2284
    endloop
  endfacet
  facet normal 0.000310899 -0.417542 0.908658
    outer loop
      vertex 22.55 133.171 61.2519
      vertex 4 148 68.0724
      vertex 22.3346 133.158 61.246
    endloop
  endfacet
  facet normal -1.48653e-08 -0.417866 0.908509
    outer loop
      vertex 227.035 0.136292 0.0626873
      vertex 226 0 1.71678e-07
      vertex 226.522 0.0342255 0.0157421
    endloop
  endfacet
  facet normal 4.70491e-06 -0.417874 0.908505
    outer loop
      vertex 229.696 2.46927 1.13574
      vertex 226 0 1.71678e-07
      vertex 229.464 2 0.919897
    endloop
  endfacet
  facet normal 2.75127e-05 -0.417823 0.908528
    outer loop
      vertex 173.086 27.0343 12.4344
      vertex 226 0 1.71678e-07
      vertex 173.1 27.23 12.5244
    endloop
  endfacet
  facet normal 0.000104666 -0.417698 0.908586
    outer loop
      vertex 173.044 26.842 12.346
      vertex 226 0 1.71678e-07
      vertex 173.086 27.0343 12.4344
    endloop
  endfacet
  facet normal -0.000181384 -0.418164 0.908372
    outer loop
      vertex 172.974 26.6563 12.2605
      vertex 226 0 1.71678e-07
      vertex 173.044 26.842 12.346
    endloop
  endfacet
  facet normal 0.000120093 -0.417669 0.908599
    outer loop
      vertex 172.879 26.4805 12.1797
      vertex 226 0 1.71678e-07
      vertex 172.974 26.6563 12.2605
    endloop
  endfacet
  facet normal 3.61783e-05 -0.417808 0.908535
    outer loop
      vertex 172.759 26.3174 12.1047
      vertex 226 0 1.71678e-07
      vertex 172.879 26.4805 12.1797
    endloop
  endfacet
  facet normal -6.81999e-06 -0.41788 0.908502
    outer loop
      vertex 172.617 26.17 12.0369
      vertex 226 0 1.71678e-07
      vertex 172.759 26.3174 12.1047
    endloop
  endfacet
  facet normal -6.05079e-05 -0.41797 0.908461
    outer loop
      vertex 172.454 26.0407 11.9774
      vertex 226 0 1.71678e-07
      vertex 172.617 26.17 12.0369
    endloop
  endfacet
  facet normal -2.59953e-05 -0.417912 0.908488
    outer loop
      vertex 172.275 25.9318 11.9273
      vertex 226 0 1.71678e-07
      vertex 172.454 26.0407 11.9774
    endloop
  endfacet
  facet normal -5.45643e-05 -0.417961 0.908465
    outer loop
      vertex 172.081 25.8451 11.8874
      vertex 226 0 1.71678e-07
      vertex 172.275 25.9318 11.9273
    endloop
  endfacet
  facet normal 6.14834e-05 -0.417761 0.908557
    outer loop
      vertex 171.877 25.782 11.8584
      vertex 226 0 1.71678e-07
      vertex 172.081 25.8451 11.8874
    endloop
  endfacet
  facet normal -9.31344e-05 -0.418029 0.908434
    outer loop
      vertex 171.665 25.7438 11.8408
      vertex 226 0 1.71678e-07
      vertex 171.877 25.782 11.8584
    endloop
  endfacet
  facet normal -4.75614e-05 -0.417949 0.90847
    outer loop
      vertex 171.45 25.731 11.8349
      vertex 226 0 1.71678e-07
      vertex 171.665 25.7438 11.8408
    endloop
  endfacet
  facet normal 6.13074e-05 -0.417759 0.908558
    outer loop
      vertex 171.235 25.7438 11.8408
      vertex 226 0 1.71678e-07
      vertex 171.45 25.731 11.8349
    endloop
  endfacet
  facet normal 0.000208516 -0.4175 0.908677
    outer loop
      vertex 171.023 25.782 11.8584
      vertex 226 0 1.71678e-07
      vertex 171.235 25.7438 11.8408
    endloop
  endfacet
  facet normal -3.37604e-05 -0.417687 0.908591
    outer loop
      vertex 4 0 1.71678e-07
      vertex 171.023 25.782 11.8584
      vertex 170.819 25.8451 11.8874
    endloop
  endfacet
  facet normal 2.71418e-05 -0.418011 0.908442
    outer loop
      vertex 4 0 1.71678e-07
      vertex 170.819 25.8451 11.8874
      vertex 170.625 25.9318 11.9273
    endloop
  endfacet
  facet normal 0 -0.417821 0.908529
    outer loop
      vertex 24.2 27.23 12.5244
      vertex 169.814 27.0343 12.4344
      vertex 169.8 27.23 12.5244
    endloop
  endfacet
  facet normal 0 -0.417821 0.908529
    outer loop
      vertex 24.1859 27.0343 12.4344
      vertex 169.814 27.0343 12.4344
      vertex 24.2 27.23 12.5244
    endloop
  endfacet
  facet normal 0 -0.417679 0.908594
    outer loop
      vertex 169.814 27.0343 12.4344
      vertex 24.1859 27.0343 12.4344
      vertex 169.856 26.842 12.346
    endloop
  endfacet
  facet normal 0 -0.417679 0.908594
    outer loop
      vertex 24.1438 26.842 12.346
      vertex 169.856 26.842 12.346
      vertex 24.1859 27.0343 12.4344
    endloop
  endfacet
  facet normal 0 -0.41822 0.908346
    outer loop
      vertex 169.856 26.842 12.346
      vertex 24.1438 26.842 12.346
      vertex 169.926 26.6563 12.2605
    endloop
  endfacet
  facet normal 0 -0.41822 0.908346
    outer loop
      vertex 24.0744 26.6563 12.2605
      vertex 169.926 26.6563 12.2605
      vertex 24.1438 26.842 12.346
    endloop
  endfacet
  facet normal 0 -0.417616 0.908624
    outer loop
      vertex 169.926 26.6563 12.2605
      vertex 24.0744 26.6563 12.2605
      vertex 170.021 26.4805 12.1797
    endloop
  endfacet
  facet normal 0 -0.417616 0.908624
    outer loop
      vertex 23.9789 26.4805 12.1797
      vertex 170.021 26.4805 12.1797
      vertex 24.0744 26.6563 12.2605
    endloop
  endfacet
  facet normal 0 -0.417786 0.908545
    outer loop
      vertex 170.021 26.4805 12.1797
      vertex 23.9789 26.4805 12.1797
      vertex 170.141 26.3174 12.1047
    endloop
  endfacet
  facet normal 0 -0.417786 0.908545
    outer loop
      vertex 23.859 26.3174 12.1047
      vertex 170.141 26.3174 12.1047
      vertex 23.9789 26.4805 12.1797
    endloop
  endfacet
  facet normal 0 -0.417885 0.9085
    outer loop
      vertex 170.141 26.3174 12.1047
      vertex 23.859 26.3174 12.1047
      vertex 170.283 26.17 12.0369
    endloop
  endfacet
  facet normal 0 -0.417885 0.9085
    outer loop
      vertex 23.7167 26.17 12.0369
      vertex 170.283 26.17 12.0369
      vertex 23.859 26.3174 12.1047
    endloop
  endfacet
  facet normal 0 -0.417868 0.908508
    outer loop
      vertex 4 0 1.71678e-07
      vertex 170.283 26.17 12.0369
      vertex 23.7167 26.17 12.0369
    endloop
  endfacet
  facet normal 2.62263e-05 -0.418006 0.908444
    outer loop
      vertex 170.283 26.17 12.0369
      vertex 4 0 1.71678e-07
      vertex 170.446 26.0407 11.9774
    endloop
  endfacet
  facet normal 1.19695e-05 -0.417931 0.908479
    outer loop
      vertex 170.446 26.0407 11.9774
      vertex 4 0 1.71678e-07
      vertex 170.625 25.9318 11.9273
    endloop
  endfacet
  facet normal -0.000398654 -0.41762 0.908622
    outer loop
      vertex 4 0 1.71678e-07
      vertex 23.7167 26.17 12.0369
      vertex 23.5545 26.0407 11.9774
    endloop
  endfacet
  facet normal -0.000107186 -0.417801 0.908539
    outer loop
      vertex 4 0 1.71678e-07
      vertex 23.5545 26.0407 11.9774
      vertex 23.375 25.9318 11.9273
    endloop
  endfacet
  facet normal -0.000158269 -0.41777 0.908553
    outer loop
      vertex 4 0 1.71678e-07
      vertex 23.375 25.9318 11.9273
      vertex 23.1814 25.8451 11.8874
    endloop
  endfacet
  facet normal 0.000131038 -0.417947 0.908471
    outer loop
      vertex 4 0 1.71678e-07
      vertex 23.1814 25.8451 11.8874
      vertex 22.9771 25.782 11.8584
    endloop
  endfacet
  facet normal -0.000148252 -0.417777 0.90855
    outer loop
      vertex 4 0 1.71678e-07
      vertex 22.9771 25.782 11.8584
      vertex 22.7654 25.7438 11.8408
    endloop
  endfacet
  facet normal -5.58611e-05 -0.417833 0.908524
    outer loop
      vertex 4 0 1.71678e-07
      vertex 22.7654 25.7438 11.8408
      vertex 22.55 25.731 11.8349
    endloop
  endfacet
  facet normal 5.12699e-05 -0.417896 0.908495
    outer loop
      vertex 4 0 1.71678e-07
      vertex 22.55 25.731 11.8349
      vertex 22.3346 25.7438 11.8408
    endloop
  endfacet
  facet normal -9.21695e-07 -0.417867 0.908508
    outer loop
      vertex 20.895 117.572 54.0771
      vertex 0 144 66.2326
      vertex 20.895 41.33 19.0097
    endloop
  endfacet
  facet normal -1.181e-06 -0.417867 0.908508
    outer loop
      vertex 0 4 1.83979
      vertex 20.895 41.33 19.0097
      vertex 0 144 66.2326
    endloop
  endfacet
  facet normal 0 -0.417867 0.908508
    outer loop
      vertex 171.023 25.782 11.8584
      vertex 4 0 1.71678e-07
      vertex 226 0 1.71678e-07
    endloop
  endfacet
  facet normal 0.000114082 -0.417933 0.908478
    outer loop
      vertex 22.1229 25.782 11.8584
      vertex 4 0 1.71678e-07
      vertex 22.3346 25.7438 11.8408
    endloop
  endfacet
  facet normal -8.31928e-05 -0.417819 0.90853
    outer loop
      vertex 21.9186 25.8451 11.8874
      vertex 4 0 1.71678e-07
      vertex 22.1229 25.782 11.8584
    endloop
  endfacet
  facet normal 8.06251e-05 -0.417913 0.908487
    outer loop
      vertex 21.725 25.9318 11.9273
      vertex 4 0 1.71678e-07
      vertex 21.9186 25.8451 11.8874
    endloop
  endfacet
  facet normal 4.14209e-05 -0.417891 0.908497
    outer loop
      vertex 21.5455 26.0407 11.9774
      vertex 4 0 1.71678e-07
      vertex 21.725 25.9318 11.9273
    endloop
  endfacet
  facet normal 8.97896e-05 -0.41794 0.908475
    outer loop
      vertex 0 4 1.83979
      vertex 21.5455 26.0407 11.9774
      vertex 21.3833 26.17 12.0369
    endloop
  endfacet
  facet normal 1.03699e-05 -0.417877 0.908504
    outer loop
      vertex 0 4 1.83979
      vertex 21.3833 26.17 12.0369
      vertex 21.241 26.3174 12.1047
    endloop
  endfacet
  facet normal -5.94544e-05 -0.417822 0.908529
    outer loop
      vertex 0 4 1.83979
      vertex 21.241 26.3174 12.1047
      vertex 21.1211 26.4805 12.1797
    endloop
  endfacet
  facet normal -0.00020649 -0.417708 0.908581
    outer loop
      vertex 0 4 1.83979
      vertex 21.1211 26.4805 12.1797
      vertex 21.0256 26.6563 12.2605
    endloop
  endfacet
  facet normal 0.000329701 -0.418119 0.908392
    outer loop
      vertex 0 4 1.83979
      vertex 21.0256 26.6563 12.2605
      vertex 20.9562 26.842 12.346
    endloop
  endfacet
  facet normal -0.000202298 -0.417716 0.908578
    outer loop
      vertex 0 4 1.83979
      vertex 20.9562 26.842 12.346
      vertex 20.9141 27.0343 12.4344
    endloop
  endfacet
  facet normal -6.71699e-05 -0.417817 0.908531
    outer loop
      vertex 20.9141 27.4257 12.6144
      vertex 0 4 1.83979
      vertex 20.9 27.23 12.5244
    endloop
  endfacet
  facet normal -0.000114846 -0.417773 0.908551
    outer loop
      vertex 0 144 66.2326
      vertex 4 148 68.0724
      vertex 3.47789 147.966 68.0567
    endloop
  endfacet
  facet normal -5.72092e-05 -0.417825 0.908528
    outer loop
      vertex 20.9 27.23 12.5244
      vertex 0 4 1.83979
      vertex 20.9141 27.0343 12.4344
    endloop
  endfacet
  facet normal -0.000185879 -0.417722 0.908575
    outer loop
      vertex 0 144 66.2326
      vertex 3.47789 147.966 68.0567
      vertex 2.96472 147.864 68.0097
    endloop
  endfacet
  facet normal -9.60546e-07 -0.417867 0.908508
    outer loop
      vertex 21.5455 26.0407 11.9774
      vertex 0 4 1.83979
      vertex 4 0 1.71678e-07
    endloop
  endfacet
  facet normal -0.000334105 -0.417628 0.908618
    outer loop
      vertex 0 144 66.2326
      vertex 2.96472 147.864 68.0097
      vertex 2.46927 147.696 67.9323
    endloop
  endfacet
  facet normal -6.27598e-09 -0.417866 0.908509
    outer loop
      vertex 4 0 1.71678e-07
      vertex 0 4 1.83979
      vertex 3.47789 0.0342255 0.0157421
    endloop
  endfacet
  facet normal 0.000841419 -0.418276 0.90832
    outer loop
      vertex 0 144 66.2326
      vertex 2.46927 147.696 67.9323
      vertex 2 147.464 67.8259
    endloop
  endfacet
  facet normal -5.83603e-08 -0.417866 0.908509
    outer loop
      vertex 3.47789 0.0342255 0.0157421
      vertex 0 4 1.83979
      vertex 2.96472 0.136292 0.0626873
    endloop
  endfacet
  facet normal 0.000504293 -0.418116 0.908394
    outer loop
      vertex 0 144 66.2326
      vertex 2 147.464 67.8259
      vertex 1.56496 147.173 67.6922
    endloop
  endfacet
  facet normal 2.27193e-06 -0.417865 0.908509
    outer loop
      vertex 2.96472 0.136292 0.0626873
      vertex 0 4 1.83979
      vertex 2.46927 0.304489 0.14005
    endloop
  endfacet
  facet normal 8.84995e-06 -0.417914 0.908487
    outer loop
      vertex 0 144 66.2326
      vertex 1.56496 147.173 67.6922
      vertex 1.17157 146.828 67.5335
    endloop
  endfacet
  facet normal -1.97856e-06 -0.417867 0.908508
    outer loop
      vertex 2.46927 0.304489 0.14005
      vertex 0 4 1.83979
      vertex 2 0.535904 0.246488
    endloop
  endfacet
  facet normal -0.000584624 -0.417711 0.90858
    outer loop
      vertex 0 144 66.2326
      vertex 1.17157 146.828 67.5335
      vertex 0.826584 146.435 67.3526
    endloop
  endfacet
  facet normal 1.65049e-06 -0.417865 0.908509
    outer loop
      vertex 2 0.535904 0.246488
      vertex 0 4 1.83979
      vertex 1.56496 0.826584 0.380186
    endloop
  endfacet
  facet normal -0.000113486 -0.417843 0.908519
    outer loop
      vertex 0 144 66.2326
      vertex 0.826584 146.435 67.3526
      vertex 0.535904 146 67.1525
    endloop
  endfacet
  facet normal 2.57956e-06 -0.417865 0.908509
    outer loop
      vertex 1.56496 0.826584 0.380186
      vertex 0 4 1.83979
      vertex 1.17157 1.17157 0.538862
    endloop
  endfacet
  facet normal -0.000717014 -0.417709 0.90858
    outer loop
      vertex 0 144 66.2326
      vertex 0.535904 146 67.1525
      vertex 0.304489 145.531 66.9367
    endloop
  endfacet
  facet normal -2.82068e-06 -0.417867 0.908508
    outer loop
      vertex 1.17157 1.17157 0.538862
      vertex 0 4 1.83979
      vertex 0.826584 1.56496 0.7198
    endloop
  endfacet
  facet normal 0.00271856 -0.418272 0.908318
    outer loop
      vertex 0 144 66.2326
      vertex 0.304489 145.531 66.9367
      vertex 0.136292 145.035 66.7088
    endloop
  endfacet
  facet normal 9.7819e-06 -0.417863 0.90851
    outer loop
      vertex 0.826584 1.56496 0.7198
      vertex 0 4 1.83979
      vertex 0.535904 2 0.919897
    endloop
  endfacet
  facet normal -0.00185418 -0.417776 0.908548
    outer loop
      vertex 0 144 66.2326
      vertex 0.136292 145.035 66.7088
      vertex 0.0342255 144.522 66.4727
    endloop
  endfacet
  facet normal 3.35809e-05 -0.417858 0.908512
    outer loop
      vertex 0.535904 2 0.919897
      vertex 0 4 1.83979
      vertex 0.304489 2.46927 1.13574
    endloop
  endfacet
  facet normal 1.00553e-05 -0.417862 0.908511
    outer loop
      vertex 0.304489 2.46927 1.13574
      vertex 0 4 1.83979
      vertex 0.136292 2.96472 1.36362
    endloop
  endfacet
  facet normal 2.49084e-05 -0.41786 0.908511
    outer loop
      vertex 0.136292 2.96472 1.36362
      vertex 0 4 1.83979
      vertex 0.0342255 3.47789 1.59965
    endloop
  endfacet
  facet normal 6.83473e-06 -0.417876 0.908504
    outer loop
      vertex 226 148 68.0724
      vertex 173.086 131.476 60.4724
      vertex 173.105 117.572 54.0771
    endloop
  endfacet
  facet normal -0.00402967 -0.417878 0.908494
    outer loop
      vertex 173.044 131.284 60.3839
      vertex 173.105 117.572 54.0771
      vertex 173.086 131.476 60.4724
    endloop
  endfacet
  facet normal 0.00192706 -0.417858 0.90851
    outer loop
      vertex 172.974 131.098 60.2985
      vertex 173.105 117.572 54.0771
      vertex 173.044 131.284 60.3839
    endloop
  endfacet
  facet normal -0.0028867 -0.417896 0.90849
    outer loop
      vertex 172.879 130.923 60.2177
      vertex 173.105 117.572 54.0771
      vertex 172.974 131.098 60.2985
    endloop
  endfacet
  facet normal -0.00022572 -0.41786 0.908511
    outer loop
      vertex 172.759 130.76 60.1427
      vertex 173.105 117.572 54.0771
      vertex 172.879 130.923 60.2177
    endloop
  endfacet
  facet normal 0.00168228 -0.417819 0.908529
    outer loop
      vertex 172.617 130.612 60.0749
      vertex 173.105 117.572 54.0771
      vertex 172.759 130.76 60.1427
    endloop
  endfacet
  facet normal -0.000898251 -0.417899 0.908493
    outer loop
      vertex 172.454 130.483 60.0154
      vertex 173.105 117.572 54.0771
      vertex 172.617 130.612 60.0749
    endloop
  endfacet
  facet normal 0.000165377 -0.417855 0.908514
    outer loop
      vertex 172.275 130.374 59.9653
      vertex 173.105 117.572 54.0771
      vertex 172.454 130.483 60.0154
    endloop
  endfacet
  facet normal 0.000523828 -0.417835 0.908523
    outer loop
      vertex 172.081 130.287 59.9254
      vertex 173.105 117.572 54.0771
      vertex 172.275 130.374 59.9653
    endloop
  endfacet
  facet normal -9.98257e-05 -0.417877 0.908504
    outer loop
      vertex 171.877 130.224 59.8964
      vertex 173.105 117.572 54.0771
      vertex 172.081 130.287 59.9254
    endloop
  endfacet
  facet normal -0.000513289 -0.41791 0.908488
    outer loop
      vertex 171.665 130.186 59.8788
      vertex 173.105 117.572 54.0771
      vertex 171.877 130.224 59.8964
    endloop
  endfacet
  facet normal 0.000332538 -0.41783 0.908525
    outer loop
      vertex 171.45 130.173 59.8729
      vertex 173.105 117.572 54.0771
      vertex 171.665 130.186 59.8788
    endloop
  endfacet
  facet normal -0.000337849 -0.417903 0.908492
    outer loop
      vertex 171.235 130.186 59.8788
      vertex 173.105 117.572 54.0771
      vertex 171.45 130.173 59.8729
    endloop
  endfacet
  facet normal 0.000538121 -0.417796 0.908541
    outer loop
      vertex 171.023 130.224 59.8964
      vertex 173.105 117.572 54.0771
      vertex 171.235 130.186 59.8788
    endloop
  endfacet
  facet normal 0.000108324 -0.417854 0.908514
    outer loop
      vertex 170.819 130.287 59.9254
      vertex 173.105 117.572 54.0771
      vertex 171.023 130.224 59.8964
    endloop
  endfacet
  facet normal -0.000590308 -0.417958 0.908466
    outer loop
      vertex 170.625 130.374 59.9653
      vertex 173.105 117.572 54.0771
      vertex 170.819 130.287 59.9254
    endloop
  endfacet
  facet normal -0.000194892 -0.417895 0.908496
    outer loop
      vertex 170.446 130.483 60.0154
      vertex 173.105 117.572 54.0771
      vertex 170.625 130.374 59.9653
    endloop
  endfacet
  facet normal 0.00111612 -0.417671 0.908597
    outer loop
      vertex 170.283 130.612 60.0749
      vertex 173.105 117.572 54.0771
      vertex 170.446 130.483 60.0154
    endloop
  endfacet
  facet normal -0.00225644 -0.418273 0.908319
    outer loop
      vertex 170.141 130.76 60.1427
      vertex 173.105 117.572 54.0771
      vertex 170.283 130.612 60.0749
    endloop
  endfacet
  facet normal 0.000336501 -0.417793 0.908542
    outer loop
      vertex 170.021 130.923 60.2177
      vertex 173.105 117.572 54.0771
      vertex 170.141 130.76 60.1427
    endloop
  endfacet
  facet normal 0.00518419 -0.416863 0.908955
    outer loop
      vertex 169.926 131.098 60.2985
      vertex 173.105 117.572 54.0771
      vertex 170.021 130.923 60.2177
    endloop
  endfacet
  facet normal -0.00526129 -0.418889 0.908022
    outer loop
      vertex 169.856 131.284 60.3839
      vertex 173.105 117.572 54.0771
      vertex 169.926 131.098 60.2985
    endloop
  endfacet
  facet normal 0 -0.417293 0.908772
    outer loop
      vertex 24.2 131.672 60.5624
      vertex 169.814 131.476 60.4724
      vertex 169.8 131.672 60.5624
    endloop
  endfacet
  facet normal 0 -0.417293 0.908772
    outer loop
      vertex 24.1859 131.476 60.4724
      vertex 169.814 131.476 60.4724
      vertex 24.2 131.672 60.5624
    endloop
  endfacet
  facet normal 0 -0.418608 0.908167
    outer loop
      vertex 169.814 131.476 60.4724
      vertex 24.1859 131.476 60.4724
      vertex 169.856 131.284 60.3839
    endloop
  endfacet
  facet normal 0 -0.418608 0.908167
    outer loop
      vertex 24.1438 131.284 60.3839
      vertex 169.856 131.284 60.3839
      vertex 24.1859 131.476 60.4724
    endloop
  endfacet
  facet normal 0 -0.417866 0.908509
    outer loop
      vertex 169.856 131.284 60.3839
      vertex 24.1438 131.284 60.3839
      vertex 173.105 117.572 54.0771
    endloop
  endfacet
  facet normal 0.00538528 -0.418913 0.90801
    outer loop
      vertex 20.895 117.572 54.0771
      vertex 24.1438 131.284 60.3839
      vertex 24.0744 131.098 60.2985
    endloop
  endfacet
  facet normal -0.00513698 -0.416872 0.908951
    outer loop
      vertex 20.895 117.572 54.0771
      vertex 24.0744 131.098 60.2985
      vertex 23.9789 130.923 60.2177
    endloop
  endfacet
  facet normal -0.000336905 -0.417793 0.908542
    outer loop
      vertex 20.895 117.572 54.0771
      vertex 23.9789 130.923 60.2177
      vertex 23.859 130.76 60.1427
    endloop
  endfacet
  facet normal 0.00225024 -0.418272 0.908319
    outer loop
      vertex 20.895 117.572 54.0771
      vertex 23.859 130.76 60.1427
      vertex 23.7167 130.612 60.0749
    endloop
  endfacet
  facet normal -0.00112274 -0.41767 0.908598
    outer loop
      vertex 20.895 117.572 54.0771
      vertex 23.7167 130.612 60.0749
      vertex 23.5545 130.483 60.0154
    endloop
  endfacet
  facet normal 0.000194277 -0.417894 0.908496
    outer loop
      vertex 20.895 117.572 54.0771
      vertex 23.5545 130.483 60.0154
      vertex 23.375 130.374 59.9653
    endloop
  endfacet
  facet normal 0.000591643 -0.417958 0.908466
    outer loop
      vertex 20.895 117.572 54.0771
      vertex 23.375 130.374 59.9653
      vertex 23.1814 130.287 59.9254
    endloop
  endfacet
  facet normal -0.000108157 -0.417854 0.908514
    outer loop
      vertex 20.895 117.572 54.0771
      vertex 23.1814 130.287 59.9254
      vertex 22.9771 130.224 59.8964
    endloop
  endfacet
  facet normal -0.000538908 -0.417796 0.908541
    outer loop
      vertex 20.895 117.572 54.0771
      vertex 22.9771 130.224 59.8964
      vertex 22.7654 130.186 59.8788
    endloop
  endfacet
  facet normal 0.000337217 -0.417903 0.908492
    outer loop
      vertex 20.895 117.572 54.0771
      vertex 22.7654 130.186 59.8788
      vertex 22.55 130.173 59.8729
    endloop
  endfacet
  facet normal -0.000331925 -0.41783 0.908525
    outer loop
      vertex 20.895 117.572 54.0771
      vertex 22.55 130.173 59.8729
      vertex 22.3346 130.186 59.8788
    endloop
  endfacet
  facet normal 0 -0.417866 0.908509
    outer loop
      vertex 24.1438 131.284 60.3839
      vertex 20.895 117.572 54.0771
      vertex 173.105 117.572 54.0771
    endloop
  endfacet
  facet normal 0.000514004 -0.41791 0.908488
    outer loop
      vertex 22.1229 130.224 59.8964
      vertex 20.895 117.572 54.0771
      vertex 22.3346 130.186 59.8788
    endloop
  endfacet
  facet normal 9.96836e-05 -0.417877 0.908504
    outer loop
      vertex 21.9186 130.287 59.9254
      vertex 20.895 117.572 54.0771
      vertex 22.1229 130.224 59.8964
    endloop
  endfacet
  facet normal -0.00052488 -0.417835 0.908523
    outer loop
      vertex 21.725 130.374 59.9653
      vertex 20.895 117.572 54.0771
      vertex 21.9186 130.287 59.9254
    endloop
  endfacet
  facet normal -0.000164933 -0.417855 0.908514
    outer loop
      vertex 21.5455 130.483 60.0154
      vertex 20.895 117.572 54.0771
      vertex 21.725 130.374 59.9653
    endloop
  endfacet
  facet normal 0.000902537 -0.417899 0.908493
    outer loop
      vertex 21.3833 130.612 60.0749
      vertex 20.895 117.572 54.0771
      vertex 21.5455 130.483 60.0154
    endloop
  endfacet
  facet normal -0.00167883 -0.417819 0.908529
    outer loop
      vertex 21.241 130.76 60.1427
      vertex 20.895 117.572 54.0771
      vertex 21.3833 130.612 60.0749
    endloop
  endfacet
  facet normal 0.000225902 -0.41786 0.908511
    outer loop
      vertex 21.1211 130.923 60.2177
      vertex 20.895 117.572 54.0771
      vertex 21.241 130.76 60.1427
    endloop
  endfacet
  facet normal 0.00287201 -0.417896 0.90849
    outer loop
      vertex 21.0256 131.098 60.2985
      vertex 20.895 117.572 54.0771
      vertex 21.1211 130.923 60.2177
    endloop
  endfacet
  facet normal -0.00194345 -0.417858 0.90851
    outer loop
      vertex 20.9562 131.284 60.3839
      vertex 20.895 117.572 54.0771
      vertex 21.0256 131.098 60.2985
    endloop
  endfacet
  facet normal 0.000426106 -0.417268 0.908783
    outer loop
      vertex 20.9 131.672 60.5624
      vertex 0 144 66.2326
      vertex 20.9141 131.476 60.4724
    endloop
  endfacet
  facet normal 0.000391406 -0.417316 0.908761
    outer loop
      vertex 20.9141 131.868 60.6524
      vertex 0 144 66.2326
      vertex 20.9 131.672 60.5624
    endloop
  endfacet
  facet normal 1 -0 0
    outer loop
      vertex 18.01 21.99 3.55
      vertex 18.01 40.01 0
      vertex 18.01 40.01 3.55
    endloop
  endfacet
  facet normal 1 0 0
    outer loop
      vertex 18.01 40.01 0
      vertex 18.01 21.99 3.55
      vertex 18.01 21.99 0
    endloop
  endfacet
  facet normal 0 0 1
    outer loop
      vertex 18.01 40.01 3.55
      vertex 11.25 31 3.55
      vertex 18.01 21.99 3.55
    endloop
  endfacet
  facet normal 0 0 1
    outer loop
      vertex 18.01 40.01 3.55
      vertex 11.2308 31.2937 3.55
      vertex 11.25 31 3.55
    endloop
  endfacet
  facet normal 0 0 1
    outer loop
      vertex 18.01 40.01 3.55
      vertex 11.1733 31.5823 3.55
      vertex 11.2308 31.2937 3.55
    endloop
  endfacet
  facet normal 0 0 1
    outer loop
      vertex 18.01 40.01 3.55
      vertex 11.0787 31.861 3.55
      vertex 11.1733 31.5823 3.55
    endloop
  endfacet
  facet normal 0 0 1
    outer loop
      vertex 18.01 40.01 3.55
      vertex 10.9486 32.125 3.55
      vertex 11.0787 31.861 3.55
    endloop
  endfacet
  facet normal 0 0 1
    outer loop
      vertex 18.01 40.01 3.55
      vertex 10.785 32.3697 3.55
      vertex 10.9486 32.125 3.55
    endloop
  endfacet
  facet normal 0 0 1
    outer loop
      vertex 18.01 40.01 3.55
      vertex 10.591 32.591 3.55
      vertex 10.785 32.3697 3.55
    endloop
  endfacet
  facet normal 0 0 1
    outer loop
      vertex 18.01 40.01 3.55
      vertex 10.3697 32.785 3.55
      vertex 10.591 32.591 3.55
    endloop
  endfacet
  facet normal 0 0 1
    outer loop
      vertex 18.01 40.01 3.55
      vertex 10.125 32.9486 3.55
      vertex 10.3697 32.785 3.55
    endloop
  endfacet
  facet normal 0 0 1
    outer loop
      vertex 18.01 40.01 3.55
      vertex 9.86104 33.0787 3.55
      vertex 10.125 32.9486 3.55
    endloop
  endfacet
  facet normal 0 0 1
    outer loop
      vertex 18.01 40.01 3.55
      vertex 9.58234 33.1733 3.55
      vertex 9.86104 33.0787 3.55
    endloop
  endfacet
  facet normal 0 0 1
    outer loop
      vertex 18.01 40.01 3.55
      vertex 9.29368 33.2308 3.55
      vertex 9.58234 33.1733 3.55
    endloop
  endfacet
  facet normal -0 0 1
    outer loop
      vertex 2.4 40.01 3.55
      vertex 9.29368 33.2308 3.55
      vertex 18.01 40.01 3.55
    endloop
  endfacet
  facet normal 0 0 1
    outer loop
      vertex 9.29368 33.2308 3.55
      vertex 2.4 40.01 3.55
      vertex 9 33.25 3.55
    endloop
  endfacet
  facet normal 0 0 1
    outer loop
      vertex 9 33.25 3.55
      vertex 2.4 40.01 3.55
      vertex 8.70632 33.2308 3.55
    endloop
  endfacet
  facet normal 0 0 1
    outer loop
      vertex 8.70632 33.2308 3.55
      vertex 2.4 40.01 3.55
      vertex 8.41766 33.1733 3.55
    endloop
  endfacet
  facet normal 0 0 1
    outer loop
      vertex 8.41766 33.1733 3.55
      vertex 2.4 40.01 3.55
      vertex 8.13896 33.0787 3.55
    endloop
  endfacet
  facet normal 0 0 1
    outer loop
      vertex 8.13896 33.0787 3.55
      vertex 2.4 40.01 3.55
      vertex 7.875 32.9486 3.55
    endloop
  endfacet
  facet normal 0 0 1
    outer loop
      vertex 6.76925 31.2937 3.55
      vertex 2.4 40.01 3.55
      vertex 6.75 31 3.55
    endloop
  endfacet
  facet normal 0 0 1
    outer loop
      vertex 6.82667 31.5823 3.55
      vertex 2.4 40.01 3.55
      vertex 6.76925 31.2937 3.55
    endloop
  endfacet
  facet normal 0 0 1
    outer loop
      vertex 6.92127 31.861 3.55
      vertex 2.4 40.01 3.55
      vertex 6.82667 31.5823 3.55
    endloop
  endfacet
  facet normal 0 0 1
    outer loop
      vertex 7.05144 32.125 3.55
      vertex 2.4 40.01 3.55
      vertex 6.92127 31.861 3.55
    endloop
  endfacet
  facet normal 0 0 1
    outer loop
      vertex 7.21496 32.3697 3.55
      vertex 2.4 40.01 3.55
      vertex 7.05144 32.125 3.55
    endloop
  endfacet
  facet normal 0 0 1
    outer loop
      vertex 7.40901 32.591 3.55
      vertex 2.4 40.01 3.55
      vertex 7.21496 32.3697 3.55
    endloop
  endfacet
  facet normal 0 0 1
    outer loop
      vertex 7.63029 32.785 3.55
      vertex 2.4 40.01 3.55
      vertex 7.40901 32.591 3.55
    endloop
  endfacet
  facet normal 0 0 1
    outer loop
      vertex 7.875 32.9486 3.55
      vertex 2.4 40.01 3.55
      vertex 7.63029 32.785 3.55
    endloop
  endfacet
  facet normal -0 0 1
    outer loop
      vertex 11.2308 30.7063 3.55
      vertex 18.01 21.99 3.55
      vertex 11.25 31 3.55
    endloop
  endfacet
  facet normal -0 0 1
    outer loop
      vertex 11.1733 30.4177 3.55
      vertex 18.01 21.99 3.55
      vertex 11.2308 30.7063 3.55
    endloop
  endfacet
  facet normal -0 0 1
    outer loop
      vertex 11.0787 30.139 3.55
      vertex 18.01 21.99 3.55
      vertex 11.1733 30.4177 3.55
    endloop
  endfacet
  facet normal -0 0 1
    outer loop
      vertex 10.9486 29.875 3.55
      vertex 18.01 21.99 3.55
      vertex 11.0787 30.139 3.55
    endloop
  endfacet
  facet normal -0 0 1
    outer loop
      vertex 10.785 29.6303 3.55
      vertex 18.01 21.99 3.55
      vertex 10.9486 29.875 3.55
    endloop
  endfacet
  facet normal -0 0 1
    outer loop
      vertex 10.591 29.409 3.55
      vertex 18.01 21.99 3.55
      vertex 10.785 29.6303 3.55
    endloop
  endfacet
  facet normal -0 0 1
    outer loop
      vertex 10.3697 29.215 3.55
      vertex 18.01 21.99 3.55
      vertex 10.591 29.409 3.55
    endloop
  endfacet
  facet normal -0 0 1
    outer loop
      vertex 10.125 29.0514 3.55
      vertex 18.01 21.99 3.55
      vertex 10.3697 29.215 3.55
    endloop
  endfacet
  facet normal -0 0 1
    outer loop
      vertex 9.86104 28.9213 3.55
      vertex 18.01 21.99 3.55
      vertex 10.125 29.0514 3.55
    endloop
  endfacet
  facet normal -0 0 1
    outer loop
      vertex 9.58234 28.8267 3.55
      vertex 18.01 21.99 3.55
      vertex 9.86104 28.9213 3.55
    endloop
  endfacet
  facet normal -0 0 1
    outer loop
      vertex 9.29368 28.7692 3.55
      vertex 18.01 21.99 3.55
      vertex 9.58234 28.8267 3.55
    endloop
  endfacet
  facet normal 0 0 1
    outer loop
      vertex 2.4 21.99 3.55
      vertex 9.29368 28.7692 3.55
      vertex 9 28.75 3.55
    endloop
  endfacet
  facet normal 0 0 1
    outer loop
      vertex 2.4 21.99 3.55
      vertex 9 28.75 3.55
      vertex 8.70632 28.7692 3.55
    endloop
  endfacet
  facet normal 0 0 1
    outer loop
      vertex 2.4 21.99 3.55
      vertex 8.70632 28.7692 3.55
      vertex 8.41766 28.8267 3.55
    endloop
  endfacet
  facet normal 0 0 1
    outer loop
      vertex 2.4 21.99 3.55
      vertex 8.41766 28.8267 3.55
      vertex 8.13896 28.9213 3.55
    endloop
  endfacet
  facet normal 0 0 1
    outer loop
      vertex 2.4 21.99 3.55
      vertex 8.13896 28.9213 3.55
      vertex 7.875 29.0514 3.55
    endloop
  endfacet
  facet normal 0 0 1
    outer loop
      vertex 2.4 21.99 3.55
      vertex 7.875 29.0514 3.55
      vertex 7.63029 29.215 3.55
    endloop
  endfacet
  facet normal 0 0 1
    outer loop
      vertex 2.4 21.99 3.55
      vertex 6.75 31 3.55
      vertex 2.4 40.01 3.55
    endloop
  endfacet
  facet normal 0 0 1
    outer loop
      vertex 6.75 31 3.55
      vertex 2.4 21.99 3.55
      vertex 6.76925 30.7063 3.55
    endloop
  endfacet
  facet normal 0 0 1
    outer loop
      vertex 6.76925 30.7063 3.55
      vertex 2.4 21.99 3.55
      vertex 6.82667 30.4177 3.55
    endloop
  endfacet
  facet normal 0 0 1
    outer loop
      vertex 9.29368 28.7692 3.55
      vertex 2.4 21.99 3.55
      vertex 18.01 21.99 3.55
    endloop
  endfacet
  facet normal 0 0 1
    outer loop
      vertex 7.40901 29.409 3.55
      vertex 2.4 21.99 3.55
      vertex 7.63029 29.215 3.55
    endloop
  endfacet
  facet normal 0 0 1
    outer loop
      vertex 7.21496 29.6303 3.55
      vertex 2.4 21.99 3.55
      vertex 7.40901 29.409 3.55
    endloop
  endfacet
  facet normal 0 0 1
    outer loop
      vertex 7.05144 29.875 3.55
      vertex 2.4 21.99 3.55
      vertex 7.21496 29.6303 3.55
    endloop
  endfacet
  facet normal 0 0 1
    outer loop
      vertex 6.92127 30.139 3.55
      vertex 2.4 21.99 3.55
      vertex 7.05144 29.875 3.55
    endloop
  endfacet
  facet normal 0 0 1
    outer loop
      vertex 6.82667 30.4177 3.55
      vertex 2.4 21.99 3.55
      vertex 6.92127 30.139 3.55
    endloop
  endfacet
  facet normal 0 1 -0
    outer loop
      vertex 18.01 40.01 0
      vertex 2.4 40.01 3.55
      vertex 18.01 40.01 3.55
    endloop
  endfacet
  facet normal 0 1 0
    outer loop
      vertex 2.4 40.01 3.55
      vertex 18.01 40.01 0
      vertex 2.4 40.01 0
    endloop
  endfacet
  facet normal 0 -1 0
    outer loop
      vertex 2.4 21.99 0
      vertex 18.01 21.99 3.55
      vertex 2.4 21.99 3.55
    endloop
  endfacet
  facet normal 0 -1 -0
    outer loop
      vertex 18.01 21.99 3.55
      vertex 2.4 21.99 0
      vertex 18.01 21.99 0
    endloop
  endfacet
  facet normal 1 -0 0
    outer loop
      vertex 18.01 129.99 3.55
      vertex 18.01 145.6 0
      vertex 18.01 145.6 3.55
    endloop
  endfacet
  facet normal 1 0 0
    outer loop
      vertex 18.01 145.6 0
      vertex 18.01 129.99 3.55
      vertex 18.01 129.99 0
    endloop
  endfacet
  facet normal 0 0 1
    outer loop
      vertex 11.2308 138.706 3.55
      vertex 18.01 145.6 3.55
      vertex 11.25 139 3.55
    endloop
  endfacet
  facet normal 0 0 1
    outer loop
      vertex 18.01 145.6 3.55
      vertex 11.2308 139.294 3.55
      vertex 11.25 139 3.55
    endloop
  endfacet
  facet normal 0 0 1
    outer loop
      vertex 18.01 145.6 3.55
      vertex 11.1733 139.582 3.55
      vertex 11.2308 139.294 3.55
    endloop
  endfacet
  facet normal 0 0 1
    outer loop
      vertex 18.01 145.6 3.55
      vertex 11.0787 139.861 3.55
      vertex 11.1733 139.582 3.55
    endloop
  endfacet
  facet normal 0 0 1
    outer loop
      vertex 18.01 145.6 3.55
      vertex 10.9486 140.125 3.55
      vertex 11.0787 139.861 3.55
    endloop
  endfacet
  facet normal 0 0 1
    outer loop
      vertex 18.01 145.6 3.55
      vertex 10.785 140.37 3.55
      vertex 10.9486 140.125 3.55
    endloop
  endfacet
  facet normal 0 0 1
    outer loop
      vertex 18.01 145.6 3.55
      vertex 10.591 140.591 3.55
      vertex 10.785 140.37 3.55
    endloop
  endfacet
  facet normal 0 0 1
    outer loop
      vertex 18.01 145.6 3.55
      vertex 10.3697 140.785 3.55
      vertex 10.591 140.591 3.55
    endloop
  endfacet
  facet normal 0 0 1
    outer loop
      vertex 18.01 145.6 3.55
      vertex 10.125 140.949 3.55
      vertex 10.3697 140.785 3.55
    endloop
  endfacet
  facet normal 0 0 1
    outer loop
      vertex 18.01 145.6 3.55
      vertex 9.86104 141.079 3.55
      vertex 10.125 140.949 3.55
    endloop
  endfacet
  facet normal 0 0 1
    outer loop
      vertex 18.01 145.6 3.55
      vertex 9.58234 141.173 3.55
      vertex 9.86104 141.079 3.55
    endloop
  endfacet
  facet normal -0 0 1
    outer loop
      vertex 4.00001 145.6 3.55
      vertex 9.58234 141.173 3.55
      vertex 18.01 145.6 3.55
    endloop
  endfacet
  facet normal 0 0 1
    outer loop
      vertex 9.58234 141.173 3.55
      vertex 4.00001 145.6 3.55
      vertex 9.29368 141.231 3.55
    endloop
  endfacet
  facet normal 0 0 1
    outer loop
      vertex 9.29368 141.231 3.55
      vertex 4.00001 145.6 3.55
      vertex 9 141.25 3.55
    endloop
  endfacet
  facet normal 0 0 1
    outer loop
      vertex 9 141.25 3.55
      vertex 4.00001 145.6 3.55
      vertex 8.70632 141.231 3.55
    endloop
  endfacet
  facet normal 0 0 1
    outer loop
      vertex 8.70632 141.231 3.55
      vertex 4.00001 145.6 3.55
      vertex 8.41766 141.173 3.55
    endloop
  endfacet
  facet normal 0 0 1
    outer loop
      vertex 6.82667 139.582 3.55
      vertex 2.4 144 3.55
      vertex 6.76925 139.294 3.55
    endloop
  endfacet
  facet normal 0 0 1
    outer loop
      vertex 6.92127 139.861 3.55
      vertex 2.4 144 3.55
      vertex 6.82667 139.582 3.55
    endloop
  endfacet
  facet normal 0 0 1
    outer loop
      vertex 7.05144 140.125 3.55
      vertex 2.4 144 3.55
      vertex 6.92127 139.861 3.55
    endloop
  endfacet
  facet normal 0 0 1
    outer loop
      vertex 7.21496 140.37 3.55
      vertex 2.4 144 3.55
      vertex 7.05144 140.125 3.55
    endloop
  endfacet
  facet normal 0 0 1
    outer loop
      vertex 7.40901 140.591 3.55
      vertex 2.4 144 3.55
      vertex 7.21496 140.37 3.55
    endloop
  endfacet
  facet normal -0 0 1
    outer loop
      vertex 2.4 144 3.55
      vertex 7.40901 140.591 3.55
      vertex 4.00001 145.6 3.55
    endloop
  endfacet
  facet normal 0 0 1
    outer loop
      vertex 7.63029 140.785 3.55
      vertex 4.00001 145.6 3.55
      vertex 7.40901 140.591 3.55
    endloop
  endfacet
  facet normal 0 0 1
    outer loop
      vertex 7.875 140.949 3.55
      vertex 4.00001 145.6 3.55
      vertex 7.63029 140.785 3.55
    endloop
  endfacet
  facet normal 0 0 1
    outer loop
      vertex 8.13896 141.079 3.55
      vertex 4.00001 145.6 3.55
      vertex 7.875 140.949 3.55
    endloop
  endfacet
  facet normal 0 0 1
    outer loop
      vertex 8.41766 141.173 3.55
      vertex 4.00001 145.6 3.55
      vertex 8.13896 141.079 3.55
    endloop
  endfacet
  facet normal 0 0 1
    outer loop
      vertex 18.01 145.6 3.55
      vertex 11.2308 138.706 3.55
      vertex 18.01 129.99 3.55
    endloop
  endfacet
  facet normal -0 0 1
    outer loop
      vertex 11.1733 138.418 3.55
      vertex 18.01 129.99 3.55
      vertex 11.2308 138.706 3.55
    endloop
  endfacet
  facet normal -0 0 1
    outer loop
      vertex 11.0787 138.139 3.55
      vertex 18.01 129.99 3.55
      vertex 11.1733 138.418 3.55
    endloop
  endfacet
  facet normal -0 0 1
    outer loop
      vertex 10.9486 137.875 3.55
      vertex 18.01 129.99 3.55
      vertex 11.0787 138.139 3.55
    endloop
  endfacet
  facet normal -0 0 1
    outer loop
      vertex 10.785 137.63 3.55
      vertex 18.01 129.99 3.55
      vertex 10.9486 137.875 3.55
    endloop
  endfacet
  facet normal -0 0 1
    outer loop
      vertex 10.591 137.409 3.55
      vertex 18.01 129.99 3.55
      vertex 10.785 137.63 3.55
    endloop
  endfacet
  facet normal -0 0 1
    outer loop
      vertex 10.3697 137.215 3.55
      vertex 18.01 129.99 3.55
      vertex 10.591 137.409 3.55
    endloop
  endfacet
  facet normal -0 0 1
    outer loop
      vertex 10.125 137.051 3.55
      vertex 18.01 129.99 3.55
      vertex 10.3697 137.215 3.55
    endloop
  endfacet
  facet normal -0 0 1
    outer loop
      vertex 9.86104 136.921 3.55
      vertex 18.01 129.99 3.55
      vertex 10.125 137.051 3.55
    endloop
  endfacet
  facet normal -0 0 1
    outer loop
      vertex 9.58234 136.827 3.55
      vertex 18.01 129.99 3.55
      vertex 9.86104 136.921 3.55
    endloop
  endfacet
  facet normal -0 0 1
    outer loop
      vertex 9.29368 136.769 3.55
      vertex 18.01 129.99 3.55
      vertex 9.58234 136.827 3.55
    endloop
  endfacet
  facet normal 0 0 1
    outer loop
      vertex 2.4 129.99 3.55
      vertex 9.29368 136.769 3.55
      vertex 9 136.75 3.55
    endloop
  endfacet
  facet normal 0 0 1
    outer loop
      vertex 2.4 129.99 3.55
      vertex 9 136.75 3.55
      vertex 8.70632 136.769 3.55
    endloop
  endfacet
  facet normal 0 0 1
    outer loop
      vertex 2.4 129.99 3.55
      vertex 8.70632 136.769 3.55
      vertex 8.41766 136.827 3.55
    endloop
  endfacet
  facet normal 0 0 1
    outer loop
      vertex 2.4 129.99 3.55
      vertex 8.41766 136.827 3.55
      vertex 8.13896 136.921 3.55
    endloop
  endfacet
  facet normal 0 0 1
    outer loop
      vertex 2.4 129.99 3.55
      vertex 8.13896 136.921 3.55
      vertex 7.875 137.051 3.55
    endloop
  endfacet
  facet normal 0 0 1
    outer loop
      vertex 2.4 129.99 3.55
      vertex 7.875 137.051 3.55
      vertex 7.63029 137.215 3.55
    endloop
  endfacet
  facet normal 0 0 1
    outer loop
      vertex 6.76925 139.294 3.55
      vertex 2.4 144 3.55
      vertex 6.75 139 3.55
    endloop
  endfacet
  facet normal 0 0 1
    outer loop
      vertex 6.75 139 3.55
      vertex 2.4 144 3.55
      vertex 6.76925 138.706 3.55
    endloop
  endfacet
  facet normal 0 0 1
    outer loop
      vertex 6.76925 138.706 3.55
      vertex 2.4 144 3.55
      vertex 6.82667 138.418 3.55
    endloop
  endfacet
  facet normal 0 0 1
    outer loop
      vertex 2.4 144 3.55
      vertex 4.00001 145.6 3.55
      vertex 3.79116 145.586 3.55
    endloop
  endfacet
  facet normal 0 0 1
    outer loop
      vertex 2.4 144 3.55
      vertex 3.79116 145.586 3.55
      vertex 3.5859 145.545 3.55
    endloop
  endfacet
  facet normal 0 0 1
    outer loop
      vertex 2.4 144 3.55
      vertex 3.5859 145.545 3.55
      vertex 3.38772 145.478 3.55
    endloop
  endfacet
  facet normal 0 0 1
    outer loop
      vertex 2.4 144 3.55
      vertex 3.38772 145.478 3.55
      vertex 3.2 145.386 3.55
    endloop
  endfacet
  facet normal 0 0 1
    outer loop
      vertex 2.4 129.99 3.55
      vertex 6.82667 138.418 3.55
      vertex 2.4 144 3.55
    endloop
  endfacet
  facet normal 0 0 1
    outer loop
      vertex 2.4 144 3.55
      vertex 3.2 145.386 3.55
      vertex 3.02599 145.269 3.55
    endloop
  endfacet
  facet normal 0 0 1
    outer loop
      vertex 2.4 144 3.55
      vertex 3.02599 145.269 3.55
      vertex 2.86863 145.131 3.55
    endloop
  endfacet
  facet normal 0 0 1
    outer loop
      vertex 2.4 144 3.55
      vertex 2.86863 145.131 3.55
      vertex 2.73064 144.974 3.55
    endloop
  endfacet
  facet normal 0 0 1
    outer loop
      vertex 2.4 144 3.55
      vertex 2.73064 144.974 3.55
      vertex 2.61437 144.8 3.55
    endloop
  endfacet
  facet normal 0 0 1
    outer loop
      vertex 2.4 144 3.55
      vertex 2.61437 144.8 3.55
      vertex 2.5218 144.612 3.55
    endloop
  endfacet
  facet normal 0 0 1
    outer loop
      vertex 6.82667 138.418 3.55
      vertex 2.4 129.99 3.55
      vertex 6.92127 138.139 3.55
    endloop
  endfacet
  facet normal 0 0 1
    outer loop
      vertex 2.4 144 3.55
      vertex 2.5218 144.612 3.55
      vertex 2.45452 144.414 3.55
    endloop
  endfacet
  facet normal 0 0 1
    outer loop
      vertex 2.4 144 3.55
      vertex 2.45452 144.414 3.55
      vertex 2.41369 144.209 3.55
    endloop
  endfacet
  facet normal 0 0 1
    outer loop
      vertex 6.92127 138.139 3.55
      vertex 2.4 129.99 3.55
      vertex 7.05144 137.875 3.55
    endloop
  endfacet
  facet normal 0 0 1
    outer loop
      vertex 9.29368 136.769 3.55
      vertex 2.4 129.99 3.55
      vertex 18.01 129.99 3.55
    endloop
  endfacet
  facet normal 0 0 1
    outer loop
      vertex 7.40901 137.409 3.55
      vertex 2.4 129.99 3.55
      vertex 7.63029 137.215 3.55
    endloop
  endfacet
  facet normal 0 0 1
    outer loop
      vertex 7.21496 137.63 3.55
      vertex 2.4 129.99 3.55
      vertex 7.40901 137.409 3.55
    endloop
  endfacet
  facet normal 0 0 1
    outer loop
      vertex 7.05144 137.875 3.55
      vertex 2.4 129.99 3.55
      vertex 7.21496 137.63 3.55
    endloop
  endfacet
  facet normal 0 -1 0
    outer loop
      vertex 2.4 129.99 0
      vertex 18.01 129.99 3.55
      vertex 2.4 129.99 3.55
    endloop
  endfacet
  facet normal 0 -1 -0
    outer loop
      vertex 18.01 129.99 3.55
      vertex 2.4 129.99 0
      vertex 18.01 129.99 0
    endloop
  endfacet
  facet normal 0 0 1
    outer loop
      vertex 227.6 40.01 3.55
      vertex 223.25 31 3.55
      vertex 227.6 21.99 3.55
    endloop
  endfacet
  facet normal 0 0 1
    outer loop
      vertex 227.6 40.01 3.55
      vertex 223.231 31.2937 3.55
      vertex 223.25 31 3.55
    endloop
  endfacet
  facet normal 0 0 1
    outer loop
      vertex 227.6 40.01 3.55
      vertex 223.173 31.5823 3.55
      vertex 223.231 31.2937 3.55
    endloop
  endfacet
  facet normal 0 0 1
    outer loop
      vertex 227.6 40.01 3.55
      vertex 223.079 31.861 3.55
      vertex 223.173 31.5823 3.55
    endloop
  endfacet
  facet normal 0 0 1
    outer loop
      vertex 227.6 40.01 3.55
      vertex 222.949 32.125 3.55
      vertex 223.079 31.861 3.55
    endloop
  endfacet
  facet normal 0 0 1
    outer loop
      vertex 227.6 40.01 3.55
      vertex 222.785 32.3697 3.55
      vertex 222.949 32.125 3.55
    endloop
  endfacet
  facet normal 0 0 1
    outer loop
      vertex 227.6 40.01 3.55
      vertex 222.591 32.591 3.55
      vertex 222.785 32.3697 3.55
    endloop
  endfacet
  facet normal 0 0 1
    outer loop
      vertex 227.6 40.01 3.55
      vertex 222.37 32.785 3.55
      vertex 222.591 32.591 3.55
    endloop
  endfacet
  facet normal 0 0 1
    outer loop
      vertex 227.6 40.01 3.55
      vertex 222.125 32.9486 3.55
      vertex 222.37 32.785 3.55
    endloop
  endfacet
  facet normal 0 0 1
    outer loop
      vertex 227.6 40.01 3.55
      vertex 221.861 33.0787 3.55
      vertex 222.125 32.9486 3.55
    endloop
  endfacet
  facet normal 0 0 1
    outer loop
      vertex 227.6 40.01 3.55
      vertex 221.582 33.1733 3.55
      vertex 221.861 33.0787 3.55
    endloop
  endfacet
  facet normal 0 0 1
    outer loop
      vertex 227.6 40.01 3.55
      vertex 221.294 33.2308 3.55
      vertex 221.582 33.1733 3.55
    endloop
  endfacet
  facet normal 0 0 1
    outer loop
      vertex 227.6 40.01 3.55
      vertex 221 33.25 3.55
      vertex 221.294 33.2308 3.55
    endloop
  endfacet
  facet normal 0 0 1
    outer loop
      vertex 227.6 40.01 3.55
      vertex 220.706 33.2308 3.55
      vertex 221 33.25 3.55
    endloop
  endfacet
  facet normal -0 0 1
    outer loop
      vertex 211.99 40.01 3.55
      vertex 220.706 33.2308 3.55
      vertex 227.6 40.01 3.55
    endloop
  endfacet
  facet normal 0 0 1
    outer loop
      vertex 220.706 33.2308 3.55
      vertex 211.99 40.01 3.55
      vertex 220.418 33.1733 3.55
    endloop
  endfacet
  facet normal 0 0 1
    outer loop
      vertex 220.418 33.1733 3.55
      vertex 211.99 40.01 3.55
      vertex 220.139 33.0787 3.55
    endloop
  endfacet
  facet normal 0 0 1
    outer loop
      vertex 220.139 33.0787 3.55
      vertex 211.99 40.01 3.55
      vertex 219.875 32.9486 3.55
    endloop
  endfacet
  facet normal 0 0 1
    outer loop
      vertex 219.875 32.9486 3.55
      vertex 211.99 40.01 3.55
      vertex 219.63 32.785 3.55
    endloop
  endfacet
  facet normal 0 0 1
    outer loop
      vertex 218.769 31.2937 3.55
      vertex 211.99 40.01 3.55
      vertex 218.75 31 3.55
    endloop
  endfacet
  facet normal 0 0 1
    outer loop
      vertex 218.827 31.5823 3.55
      vertex 211.99 40.01 3.55
      vertex 218.769 31.2937 3.55
    endloop
  endfacet
  facet normal 0 0 1
    outer loop
      vertex 218.921 31.861 3.55
      vertex 211.99 40.01 3.55
      vertex 218.827 31.5823 3.55
    endloop
  endfacet
  facet normal 0 0 1
    outer loop
      vertex 219.051 32.125 3.55
      vertex 211.99 40.01 3.55
      vertex 218.921 31.861 3.55
    endloop
  endfacet
  facet normal 0 0 1
    outer loop
      vertex 219.215 32.3697 3.55
      vertex 211.99 40.01 3.55
      vertex 219.051 32.125 3.55
    endloop
  endfacet
  facet normal 0 0 1
    outer loop
      vertex 219.409 32.591 3.55
      vertex 211.99 40.01 3.55
      vertex 219.215 32.3697 3.55
    endloop
  endfacet
  facet normal 0 0 1
    outer loop
      vertex 219.63 32.785 3.55
      vertex 211.99 40.01 3.55
      vertex 219.409 32.591 3.55
    endloop
  endfacet
  facet normal -0 0 1
    outer loop
      vertex 223.231 30.7063 3.55
      vertex 227.6 21.99 3.55
      vertex 223.25 31 3.55
    endloop
  endfacet
  facet normal -0 0 1
    outer loop
      vertex 223.173 30.4177 3.55
      vertex 227.6 21.99 3.55
      vertex 223.231 30.7063 3.55
    endloop
  endfacet
  facet normal -0 0 1
    outer loop
      vertex 223.079 30.139 3.55
      vertex 227.6 21.99 3.55
      vertex 223.173 30.4177 3.55
    endloop
  endfacet
  facet normal -0 0 1
    outer loop
      vertex 222.949 29.875 3.55
      vertex 227.6 21.99 3.55
      vertex 223.079 30.139 3.55
    endloop
  endfacet
  facet normal -0 0 1
    outer loop
      vertex 222.785 29.6303 3.55
      vertex 227.6 21.99 3.55
      vertex 222.949 29.875 3.55
    endloop
  endfacet
  facet normal -0 0 1
    outer loop
      vertex 222.591 29.409 3.55
      vertex 227.6 21.99 3.55
      vertex 222.785 29.6303 3.55
    endloop
  endfacet
  facet normal -0 0 1
    outer loop
      vertex 222.37 29.215 3.55
      vertex 227.6 21.99 3.55
      vertex 222.591 29.409 3.55
    endloop
  endfacet
  facet normal -0 0 1
    outer loop
      vertex 222.125 29.0514 3.55
      vertex 227.6 21.99 3.55
      vertex 222.37 29.215 3.55
    endloop
  endfacet
  facet normal -0 0 1
    outer loop
      vertex 221.861 28.9213 3.55
      vertex 227.6 21.99 3.55
      vertex 222.125 29.0514 3.55
    endloop
  endfacet
  facet normal -0 0 1
    outer loop
      vertex 221.582 28.8267 3.55
      vertex 227.6 21.99 3.55
      vertex 221.861 28.9213 3.55
    endloop
  endfacet
  facet normal -0 0 1
    outer loop
      vertex 221.294 28.7692 3.55
      vertex 227.6 21.99 3.55
      vertex 221.582 28.8267 3.55
    endloop
  endfacet
  facet normal -0 0 1
    outer loop
      vertex 221 28.75 3.55
      vertex 227.6 21.99 3.55
      vertex 221.294 28.7692 3.55
    endloop
  endfacet
  facet normal 0 0 1
    outer loop
      vertex 220.706 28.7692 3.55
      vertex 227.6 21.99 3.55
      vertex 221 28.75 3.55
    endloop
  endfacet
  facet normal 0 0 1
    outer loop
      vertex 211.99 21.99 3.55
      vertex 220.706 28.7692 3.55
      vertex 220.418 28.8267 3.55
    endloop
  endfacet
  facet normal 0 0 1
    outer loop
      vertex 211.99 21.99 3.55
      vertex 220.418 28.8267 3.55
      vertex 220.139 28.9213 3.55
    endloop
  endfacet
  facet normal 0 0 1
    outer loop
      vertex 211.99 21.99 3.55
      vertex 220.139 28.9213 3.55
      vertex 219.875 29.0514 3.55
    endloop
  endfacet
  facet normal 0 0 1
    outer loop
      vertex 211.99 21.99 3.55
      vertex 219.875 29.0514 3.55
      vertex 219.63 29.215 3.55
    endloop
  endfacet
  facet normal 0 0 1
    outer loop
      vertex 211.99 21.99 3.55
      vertex 219.63 29.215 3.55
      vertex 219.409 29.409 3.55
    endloop
  endfacet
  facet normal 0 0 1
    outer loop
      vertex 211.99 21.99 3.55
      vertex 218.75 31 3.55
      vertex 211.99 40.01 3.55
    endloop
  endfacet
  facet normal 0 0 1
    outer loop
      vertex 218.75 31 3.55
      vertex 211.99 21.99 3.55
      vertex 218.769 30.7063 3.55
    endloop
  endfacet
  facet normal 0 0 1
    outer loop
      vertex 218.769 30.7063 3.55
      vertex 211.99 21.99 3.55
      vertex 218.827 30.4177 3.55
    endloop
  endfacet
  facet normal 0 0 1
    outer loop
      vertex 218.827 30.4177 3.55
      vertex 211.99 21.99 3.55
      vertex 218.921 30.139 3.55
    endloop
  endfacet
  facet normal 0 0 1
    outer loop
      vertex 218.921 30.139 3.55
      vertex 211.99 21.99 3.55
      vertex 219.051 29.875 3.55
    endloop
  endfacet
  facet normal 0 0 1
    outer loop
      vertex 220.706 28.7692 3.55
      vertex 211.99 21.99 3.55
      vertex 227.6 21.99 3.55
    endloop
  endfacet
  facet normal 0 0 1
    outer loop
      vertex 219.215 29.6303 3.55
      vertex 211.99 21.99 3.55
      vertex 219.409 29.409 3.55
    endloop
  endfacet
  facet normal 0 0 1
    outer loop
      vertex 219.051 29.875 3.55
      vertex 211.99 21.99 3.55
      vertex 219.215 29.6303 3.55
    endloop
  endfacet
  facet normal -1 0 0
    outer loop
      vertex 211.99 21.99 0
      vertex 211.99 40.01 3.55
      vertex 211.99 40.01 0
    endloop
  endfacet
  facet normal -1 -0 0
    outer loop
      vertex 211.99 40.01 3.55
      vertex 211.99 21.99 0
      vertex 211.99 21.99 3.55
    endloop
  endfacet
  facet normal 0 1 -0
    outer loop
      vertex 227.6 40.01 0
      vertex 211.99 40.01 3.55
      vertex 227.6 40.01 3.55
    endloop
  endfacet
  facet normal 0 1 0
    outer loop
      vertex 211.99 40.01 3.55
      vertex 227.6 40.01 0
      vertex 211.99 40.01 0
    endloop
  endfacet
  facet normal 0 -1 0
    outer loop
      vertex 211.99 21.99 0
      vertex 227.6 21.99 3.55
      vertex 211.99 21.99 3.55
    endloop
  endfacet
  facet normal 0 -1 -0
    outer loop
      vertex 227.6 21.99 3.55
      vertex 211.99 21.99 0
      vertex 227.6 21.99 0
    endloop
  endfacet
  facet normal 0 0 1
    outer loop
      vertex 227.6 144 3.55
      vertex 223.231 139.294 3.55
      vertex 223.25 139 3.55
    endloop
  endfacet
  facet normal 0 0 1
    outer loop
      vertex 227.6 144 3.55
      vertex 223.173 139.582 3.55
      vertex 223.231 139.294 3.55
    endloop
  endfacet
  facet normal 0 0 1
    outer loop
      vertex 227.6 144 3.55
      vertex 223.079 139.861 3.55
      vertex 223.173 139.582 3.55
    endloop
  endfacet
  facet normal 0 0 1
    outer loop
      vertex 227.6 144 3.55
      vertex 222.949 140.125 3.55
      vertex 223.079 139.861 3.55
    endloop
  endfacet
  facet normal 0 0 1
    outer loop
      vertex 227.6 144 3.55
      vertex 222.785 140.37 3.55
      vertex 222.949 140.125 3.55
    endloop
  endfacet
  facet normal 0 0 1
    outer loop
      vertex 227.6 144 3.55
      vertex 222.591 140.591 3.55
      vertex 222.785 140.37 3.55
    endloop
  endfacet
  facet normal 0 0 1
    outer loop
      vertex 226 145.6 3.55
      vertex 222.37 140.785 3.55
      vertex 222.591 140.591 3.55
    endloop
  endfacet
  facet normal 0 0 1
    outer loop
      vertex 226 145.6 3.55
      vertex 222.125 140.949 3.55
      vertex 222.37 140.785 3.55
    endloop
  endfacet
  facet normal 0 0 1
    outer loop
      vertex 226 145.6 3.55
      vertex 221.861 141.079 3.55
      vertex 222.125 140.949 3.55
    endloop
  endfacet
  facet normal 0 0 1
    outer loop
      vertex 226 145.6 3.55
      vertex 221.582 141.173 3.55
      vertex 221.861 141.079 3.55
    endloop
  endfacet
  facet normal 0 0 1
    outer loop
      vertex 226 145.6 3.55
      vertex 221.294 141.231 3.55
      vertex 221.582 141.173 3.55
    endloop
  endfacet
  facet normal 0 0 1
    outer loop
      vertex 226 145.6 3.55
      vertex 221 141.25 3.55
      vertex 221.294 141.231 3.55
    endloop
  endfacet
  facet normal 0 0 1
    outer loop
      vertex 226 145.6 3.55
      vertex 220.706 141.231 3.55
      vertex 221 141.25 3.55
    endloop
  endfacet
  facet normal 0 0 1
    outer loop
      vertex 226 145.6 3.55
      vertex 220.418 141.173 3.55
      vertex 220.706 141.231 3.55
    endloop
  endfacet
  facet normal -0 0 1
    outer loop
      vertex 211.99 145.6 3.55
      vertex 220.418 141.173 3.55
      vertex 226 145.6 3.55
    endloop
  endfacet
  facet normal 0 0 1
    outer loop
      vertex 220.418 141.173 3.55
      vertex 211.99 145.6 3.55
      vertex 220.139 141.079 3.55
    endloop
  endfacet
  facet normal 0 0 1
    outer loop
      vertex 220.139 141.079 3.55
      vertex 211.99 145.6 3.55
      vertex 219.875 140.949 3.55
    endloop
  endfacet
  facet normal 0 0 1
    outer loop
      vertex 218.769 139.294 3.55
      vertex 211.99 145.6 3.55
      vertex 218.75 139 3.55
    endloop
  endfacet
  facet normal 0 0 1
    outer loop
      vertex 218.827 139.582 3.55
      vertex 211.99 145.6 3.55
      vertex 218.769 139.294 3.55
    endloop
  endfacet
  facet normal 0 0 1
    outer loop
      vertex 218.921 139.861 3.55
      vertex 211.99 145.6 3.55
      vertex 218.827 139.582 3.55
    endloop
  endfacet
  facet normal 0 0 1
    outer loop
      vertex 219.051 140.125 3.55
      vertex 211.99 145.6 3.55
      vertex 218.921 139.861 3.55
    endloop
  endfacet
  facet normal 0 0 1
    outer loop
      vertex 219.215 140.37 3.55
      vertex 211.99 145.6 3.55
      vertex 219.051 140.125 3.55
    endloop
  endfacet
  facet normal 0 0 1
    outer loop
      vertex 219.409 140.591 3.55
      vertex 211.99 145.6 3.55
      vertex 219.215 140.37 3.55
    endloop
  endfacet
  facet normal 0 0 1
    outer loop
      vertex 219.63 140.785 3.55
      vertex 211.99 145.6 3.55
      vertex 219.409 140.591 3.55
    endloop
  endfacet
  facet normal 0 0 1
    outer loop
      vertex 219.875 140.949 3.55
      vertex 211.99 145.6 3.55
      vertex 219.63 140.785 3.55
    endloop
  endfacet
  facet normal 0 0 1
    outer loop
      vertex 226 145.6 3.55
      vertex 227.6 144 3.55
      vertex 227.586 144.209 3.55
    endloop
  endfacet
  facet normal 0 0 1
    outer loop
      vertex 226 145.6 3.55
      vertex 227.586 144.209 3.55
      vertex 227.545 144.414 3.55
    endloop
  endfacet
  facet normal 0 0 1
    outer loop
      vertex 226 145.6 3.55
      vertex 227.545 144.414 3.55
      vertex 227.478 144.612 3.55
    endloop
  endfacet
  facet normal 0 0 1
    outer loop
      vertex 226 145.6 3.55
      vertex 227.478 144.612 3.55
      vertex 227.386 144.8 3.55
    endloop
  endfacet
  facet normal 0 0 1
    outer loop
      vertex 226 145.6 3.55
      vertex 227.386 144.8 3.55
      vertex 227.269 144.974 3.55
    endloop
  endfacet
  facet normal 0 0 1
    outer loop
      vertex 226 145.6 3.55
      vertex 227.269 144.974 3.55
      vertex 227.131 145.131 3.55
    endloop
  endfacet
  facet normal 0 0 1
    outer loop
      vertex 226 145.6 3.55
      vertex 227.131 145.131 3.55
      vertex 226.974 145.269 3.55
    endloop
  endfacet
  facet normal 0 0 1
    outer loop
      vertex 226 145.6 3.55
      vertex 226.974 145.269 3.55
      vertex 226.8 145.386 3.55
    endloop
  endfacet
  facet normal 0 0 1
    outer loop
      vertex 226 145.6 3.55
      vertex 226.8 145.386 3.55
      vertex 226.612 145.478 3.55
    endloop
  endfacet
  facet normal 0 0 1
    outer loop
      vertex 226 145.6 3.55
      vertex 226.612 145.478 3.55
      vertex 226.414 145.545 3.55
    endloop
  endfacet
  facet normal 0 0 1
    outer loop
      vertex 226 145.6 3.55
      vertex 226.414 145.545 3.55
      vertex 226.209 145.586 3.55
    endloop
  endfacet
  facet normal 0 0 1
    outer loop
      vertex 222.591 140.591 3.55
      vertex 227.6 144 3.55
      vertex 226 145.6 3.55
    endloop
  endfacet
  facet normal 0 0 1
    outer loop
      vertex 227.6 144 3.55
      vertex 223.25 139 3.55
      vertex 223.231 138.706 3.55
    endloop
  endfacet
  facet normal 0 0 1
    outer loop
      vertex 223.173 138.418 3.55
      vertex 227.6 144 3.55
      vertex 223.231 138.706 3.55
    endloop
  endfacet
  facet normal 0 0 1
    outer loop
      vertex 227.6 144 3.55
      vertex 223.173 138.418 3.55
      vertex 227.6 129.99 3.55
    endloop
  endfacet
  facet normal -0 0 1
    outer loop
      vertex 223.079 138.139 3.55
      vertex 227.6 129.99 3.55
      vertex 223.173 138.418 3.55
    endloop
  endfacet
  facet normal -0 0 1
    outer loop
      vertex 222.949 137.875 3.55
      vertex 227.6 129.99 3.55
      vertex 223.079 138.139 3.55
    endloop
  endfacet
  facet normal -0 0 1
    outer loop
      vertex 222.785 137.63 3.55
      vertex 227.6 129.99 3.55
      vertex 222.949 137.875 3.55
    endloop
  endfacet
  facet normal -0 0 1
    outer loop
      vertex 222.591 137.409 3.55
      vertex 227.6 129.99 3.55
      vertex 222.785 137.63 3.55
    endloop
  endfacet
  facet normal -0 0 1
    outer loop
      vertex 222.37 137.215 3.55
      vertex 227.6 129.99 3.55
      vertex 222.591 137.409 3.55
    endloop
  endfacet
  facet normal -0 0 1
    outer loop
      vertex 222.125 137.051 3.55
      vertex 227.6 129.99 3.55
      vertex 222.37 137.215 3.55
    endloop
  endfacet
  facet normal -0 0 1
    outer loop
      vertex 221.861 136.921 3.55
      vertex 227.6 129.99 3.55
      vertex 222.125 137.051 3.55
    endloop
  endfacet
  facet normal -0 0 1
    outer loop
      vertex 221.582 136.827 3.55
      vertex 227.6 129.99 3.55
      vertex 221.861 136.921 3.55
    endloop
  endfacet
  facet normal -0 0 1
    outer loop
      vertex 221.294 136.769 3.55
      vertex 227.6 129.99 3.55
      vertex 221.582 136.827 3.55
    endloop
  endfacet
  facet normal -0 0 1
    outer loop
      vertex 221 136.75 3.55
      vertex 227.6 129.99 3.55
      vertex 221.294 136.769 3.55
    endloop
  endfacet
  facet normal 0 0 1
    outer loop
      vertex 220.706 136.769 3.55
      vertex 227.6 129.99 3.55
      vertex 221 136.75 3.55
    endloop
  endfacet
  facet normal 0 0 1
    outer loop
      vertex 211.99 129.99 3.55
      vertex 220.706 136.769 3.55
      vertex 220.418 136.827 3.55
    endloop
  endfacet
  facet normal 0 0 1
    outer loop
      vertex 211.99 129.99 3.55
      vertex 220.418 136.827 3.55
      vertex 220.139 136.921 3.55
    endloop
  endfacet
  facet normal 0 0 1
    outer loop
      vertex 211.99 129.99 3.55
      vertex 220.139 136.921 3.55
      vertex 219.875 137.051 3.55
    endloop
  endfacet
  facet normal 0 0 1
    outer loop
      vertex 211.99 129.99 3.55
      vertex 219.875 137.051 3.55
      vertex 219.63 137.215 3.55
    endloop
  endfacet
  facet normal 0 0 1
    outer loop
      vertex 211.99 129.99 3.55
      vertex 219.63 137.215 3.55
      vertex 219.409 137.409 3.55
    endloop
  endfacet
  facet normal 0 0 1
    outer loop
      vertex 211.99 145.6 3.55
      vertex 218.769 138.706 3.55
      vertex 218.75 139 3.55
    endloop
  endfacet
  facet normal 0 0 1
    outer loop
      vertex 211.99 129.99 3.55
      vertex 218.769 138.706 3.55
      vertex 211.99 145.6 3.55
    endloop
  endfacet
  facet normal 0 0 1
    outer loop
      vertex 218.769 138.706 3.55
      vertex 211.99 129.99 3.55
      vertex 218.827 138.418 3.55
    endloop
  endfacet
  facet normal 0 0 1
    outer loop
      vertex 218.827 138.418 3.55
      vertex 211.99 129.99 3.55
      vertex 218.921 138.139 3.55
    endloop
  endfacet
  facet normal 0 0 1
    outer loop
      vertex 218.921 138.139 3.55
      vertex 211.99 129.99 3.55
      vertex 219.051 137.875 3.55
    endloop
  endfacet
  facet normal 0 0 1
    outer loop
      vertex 219.051 137.875 3.55
      vertex 211.99 129.99 3.55
      vertex 219.215 137.63 3.55
    endloop
  endfacet
  facet normal 0 0 1
    outer loop
      vertex 220.706 136.769 3.55
      vertex 211.99 129.99 3.55
      vertex 227.6 129.99 3.55
    endloop
  endfacet
  facet normal 0 0 1
    outer loop
      vertex 219.215 137.63 3.55
      vertex 211.99 129.99 3.55
      vertex 219.409 137.409 3.55
    endloop
  endfacet
  facet normal -1 0 0
    outer loop
      vertex 211.99 129.99 0
      vertex 211.99 145.6 3.55
      vertex 211.99 145.6 0
    endloop
  endfacet
  facet normal -1 -0 0
    outer loop
      vertex 211.99 145.6 3.55
      vertex 211.99 129.99 0
      vertex 211.99 129.99 3.55
    endloop
  endfacet
  facet normal 0 -1 0
    outer loop
      vertex 211.99 129.99 0
      vertex 227.6 129.99 3.55
      vertex 211.99 129.99 3.55
    endloop
  endfacet
  facet normal 0 -1 -0
    outer loop
      vertex 227.6 129.99 3.55
      vertex 211.99 129.99 0
      vertex 227.6 129.99 0
    endloop
  endfacet
  facet normal 0.980737 -0.195334 0
    outer loop
      vertex 2.41369 144.209 61.9258
      vertex 2.45452 144.414 3.55
      vertex 2.45452 144.414 62.0202
    endloop
  endfacet
  facet normal 0.980737 -0.195334 0
    outer loop
      vertex 2.45452 144.414 3.55
      vertex 2.41369 144.209 61.9258
      vertex 2.41369 144.209 3.55
    endloop
  endfacet
  facet normal -0.829843 -0.557998 -0
    outer loop
      vertex 227.386 144.8 62.1977
      vertex 227.269 144.974 3.55
      vertex 227.386 144.8 3.55
    endloop
  endfacet
  facet normal -0.829843 -0.557998 0
    outer loop
      vertex 227.269 144.974 3.55
      vertex 227.386 144.8 62.1977
      vertex 227.269 144.974 62.2778
    endloop
  endfacet
  facet normal 1 0 0
    outer loop
      vertex 2.4 144 61.8298
      vertex 2.4 129.99 3.55
      vertex 2.4 144 3.55
    endloop
  endfacet
  facet normal 1 0 0
    outer loop
      vertex 2.4 129.99 3.55
      vertex 2.4 40.01 3.55
      vertex 2.4 129.99 0
    endloop
  endfacet
  facet normal 1 0 0
    outer loop
      vertex 2.4 144 61.8298
      vertex 2.4 40.01 3.55
      vertex 2.4 129.99 3.55
    endloop
  endfacet
  facet normal 1 0 0
    outer loop
      vertex 2.4 144 61.8298
      vertex 2.4 21.99 3.55
      vertex 2.4 40.01 3.55
    endloop
  endfacet
  facet normal 1 0 0
    outer loop
      vertex 2.4 21.99 3.55
      vertex 2.4 9.57242 0
      vertex 2.4 21.99 0
    endloop
  endfacet
  facet normal 1 0 0
    outer loop
      vertex 2.4 9.57242 0
      vertex 2.4 21.99 3.55
      vertex 2.4 144 61.8298
    endloop
  endfacet
  facet normal 1 0 0
    outer loop
      vertex 2.4 129.99 0
      vertex 2.4 40.01 3.55
      vertex 2.4 40.01 0
    endloop
  endfacet
  facet normal -0.751093 -0.660196 -0
    outer loop
      vertex 227.269 144.974 62.2778
      vertex 227.131 145.131 3.55
      vertex 227.269 144.974 3.55
    endloop
  endfacet
  facet normal -0.751093 -0.660196 0
    outer loop
      vertex 227.131 145.131 3.55
      vertex 227.269 144.974 62.2778
      vertex 227.131 145.131 62.3501
    endloop
  endfacet
  facet normal -0.0668359 -0.997764 0
    outer loop
      vertex 226 145.6 3.55
      vertex 226.209 145.586 62.5594
      vertex 226 145.6 62.5657
    endloop
  endfacet
  facet normal -0.0668359 -0.997764 -0
    outer loop
      vertex 226.209 145.586 62.5594
      vertex 226 145.6 3.55
      vertex 226.209 145.586 3.55
    endloop
  endfacet
  facet normal -0.898217 -0.439553 -0
    outer loop
      vertex 227.478 144.612 62.1114
      vertex 227.386 144.8 3.55
      vertex 227.478 144.612 3.55
    endloop
  endfacet
  facet normal -0.898217 -0.439553 0
    outer loop
      vertex 227.386 144.8 3.55
      vertex 227.478 144.612 62.1114
      vertex 227.386 144.8 62.1977
    endloop
  endfacet
  facet normal 0.320269 -0.947327 0
    outer loop
      vertex 3.5859 145.545 3.55
      vertex 3.38772 145.478 62.5097
      vertex 3.38772 145.478 3.55
    endloop
  endfacet
  facet normal 0.320269 -0.947327 0
    outer loop
      vertex 3.38772 145.478 62.5097
      vertex 3.5859 145.545 3.55
      vertex 3.5859 145.545 62.5406
    endloop
  endfacet
  facet normal 0.997862 -0.0653623 0
    outer loop
      vertex 2.4 144 61.8298
      vertex 2.41369 144.209 3.55
      vertex 2.41369 144.209 61.9258
    endloop
  endfacet
  facet normal 0.997862 -0.0653623 0
    outer loop
      vertex 2.41369 144.209 3.55
      vertex 2.4 144 61.8298
      vertex 2.4 144 3.55
    endloop
  endfacet
  facet normal -1 0 0
    outer loop
      vertex 227.6 21.99 0
      vertex 227.6 9.57242 0
      vertex 227.6 21.99 3.55
    endloop
  endfacet
  facet normal -1 0 0
    outer loop
      vertex 227.6 129.99 0
      vertex 227.6 40.01 0
      vertex 227.6 129.99 3.55
    endloop
  endfacet
  facet normal -1 0 0
    outer loop
      vertex 227.6 129.99 3.55
      vertex 227.6 144 61.8298
      vertex 227.6 144 3.55
    endloop
  endfacet
  facet normal -1 0 0
    outer loop
      vertex 227.6 40.01 3.55
      vertex 227.6 129.99 3.55
      vertex 227.6 40.01 0
    endloop
  endfacet
  facet normal -1 0 0
    outer loop
      vertex 227.6 129.99 3.55
      vertex 227.6 40.01 3.55
      vertex 227.6 144 61.8298
    endloop
  endfacet
  facet normal -1 0 0
    outer loop
      vertex 227.6 21.99 3.55
      vertex 227.6 144 61.8298
      vertex 227.6 40.01 3.55
    endloop
  endfacet
  facet normal -1 0 0
    outer loop
      vertex 227.6 144 61.8298
      vertex 227.6 21.99 3.55
      vertex 227.6 9.57242 0
    endloop
  endfacet
  facet normal 0 -1 0
    outer loop
      vertex 18.01 145.6 0
      vertex 211.99 145.6 3.55
      vertex 18.01 145.6 3.55
    endloop
  endfacet
  facet normal 0 -1 -0
    outer loop
      vertex 211.99 145.6 3.55
      vertex 18.01 145.6 0
      vertex 211.99 145.6 0
    endloop
  endfacet
  facet normal 0 -1 0
    outer loop
      vertex 18.01 145.6 3.55
      vertex 4.00001 145.6 62.5657
      vertex 4.00001 145.6 3.55
    endloop
  endfacet
  facet normal 0 -1 0
    outer loop
      vertex 4.00001 145.6 62.5657
      vertex 18.01 145.6 3.55
      vertex 226 145.6 62.5657
    endloop
  endfacet
  facet normal 0 -1 0
    outer loop
      vertex 211.99 145.6 3.55
      vertex 226 145.6 62.5657
      vertex 18.01 145.6 3.55
    endloop
  endfacet
  facet normal 0 -1 -0
    outer loop
      vertex 226 145.6 62.5657
      vertex 211.99 145.6 3.55
      vertex 226 145.6 3.55
    endloop
  endfacet
  facet normal 0.89714 -0.441746 0
    outer loop
      vertex 2.5218 144.612 62.1114
      vertex 2.61437 144.8 3.55
      vertex 2.61437 144.8 62.1977
    endloop
  endfacet
  facet normal 0.89714 -0.441746 0
    outer loop
      vertex 2.61437 144.8 3.55
      vertex 2.5218 144.612 62.1114
      vertex 2.5218 144.612 3.55
    endloop
  endfacet
  facet normal 0.440082 -0.897958 0
    outer loop
      vertex 3.38772 145.478 3.55
      vertex 3.2 145.386 62.4671
      vertex 3.2 145.386 3.55
    endloop
  endfacet
  facet normal 0.440082 -0.897958 0
    outer loop
      vertex 3.2 145.386 62.4671
      vertex 3.38772 145.478 3.55
      vertex 3.38772 145.478 62.5097
    endloop
  endfacet
  facet normal 0.0668837 -0.997761 0
    outer loop
      vertex 4.00001 145.6 3.55
      vertex 3.79116 145.586 62.5594
      vertex 3.79116 145.586 3.55
    endloop
  endfacet
  facet normal 0.0668837 -0.997761 0
    outer loop
      vertex 3.79116 145.586 62.5594
      vertex 4.00001 145.6 3.55
      vertex 4.00001 145.6 62.5657
    endloop
  endfacet
  facet normal -0.947238 -0.32053 -0
    outer loop
      vertex 227.545 144.414 62.0202
      vertex 227.478 144.612 3.55
      vertex 227.545 144.414 3.55
    endloop
  endfacet
  facet normal -0.947238 -0.32053 0
    outer loop
      vertex 227.478 144.612 3.55
      vertex 227.545 144.414 62.0202
      vertex 227.478 144.612 62.1114
    endloop
  endfacet
  facet normal 0.831454 -0.555593 0
    outer loop
      vertex 2.61437 144.8 62.1977
      vertex 2.73064 144.974 3.55
      vertex 2.73064 144.974 62.2778
    endloop
  endfacet
  facet normal 0.831454 -0.555593 0
    outer loop
      vertex 2.73064 144.974 3.55
      vertex 2.61437 144.8 62.1977
      vertex 2.61437 144.8 3.55
    endloop
  endfacet
  facet normal 0.195877 -0.980628 0
    outer loop
      vertex 3.79116 145.586 3.55
      vertex 3.5859 145.545 62.5406
      vertex 3.5859 145.545 3.55
    endloop
  endfacet
  facet normal 0.195877 -0.980628 0
    outer loop
      vertex 3.5859 145.545 62.5406
      vertex 3.79116 145.586 3.55
      vertex 3.79116 145.586 62.5594
    endloop
  endfacet
  facet normal -0.32053 -0.947238 0
    outer loop
      vertex 226.414 145.545 3.55
      vertex 226.612 145.478 62.5097
      vertex 226.414 145.545 62.5406
    endloop
  endfacet
  facet normal -0.32053 -0.947238 -0
    outer loop
      vertex 226.612 145.478 62.5097
      vertex 226.414 145.545 3.55
      vertex 226.612 145.478 3.55
    endloop
  endfacet
  facet normal -0.439553 -0.898217 0
    outer loop
      vertex 226.612 145.478 3.55
      vertex 226.8 145.386 62.4671
      vertex 226.612 145.478 62.5097
    endloop
  endfacet
  facet normal -0.439553 -0.898217 -0
    outer loop
      vertex 226.8 145.386 62.4671
      vertex 226.612 145.478 3.55
      vertex 226.8 145.386 3.55
    endloop
  endfacet
  facet normal -0.660196 -0.751093 0
    outer loop
      vertex 226.974 145.269 3.55
      vertex 227.131 145.131 62.3501
      vertex 226.974 145.269 62.4136
    endloop
  endfacet
  facet normal -0.660196 -0.751093 -0
    outer loop
      vertex 227.131 145.131 62.3501
      vertex 226.974 145.269 3.55
      vertex 227.131 145.131 3.55
    endloop
  endfacet
  facet normal -0.997764 -0.0668359 -0
    outer loop
      vertex 227.6 144 61.8298
      vertex 227.586 144.209 3.55
      vertex 227.6 144 3.55
    endloop
  endfacet
  facet normal -0.997764 -0.0668359 0
    outer loop
      vertex 227.586 144.209 3.55
      vertex 227.6 144 61.8298
      vertex 227.586 144.209 61.9258
    endloop
  endfacet
  facet normal -0.557998 -0.829843 0
    outer loop
      vertex 226.8 145.386 3.55
      vertex 226.974 145.269 62.4136
      vertex 226.8 145.386 62.4671
    endloop
  endfacet
  facet normal -0.557998 -0.829843 -0
    outer loop
      vertex 226.974 145.269 62.4136
      vertex 226.8 145.386 3.55
      vertex 226.974 145.269 3.55
    endloop
  endfacet
  facet normal 0.659343 -0.751842 0
    outer loop
      vertex 3.02599 145.269 3.55
      vertex 2.86863 145.131 62.3501
      vertex 2.86863 145.131 3.55
    endloop
  endfacet
  facet normal 0.659343 -0.751842 0
    outer loop
      vertex 2.86863 145.131 62.3501
      vertex 3.02599 145.269 3.55
      vertex 3.02599 145.269 62.4136
    endloop
  endfacet
  facet normal 0.946831 -0.321731 0
    outer loop
      vertex 2.45452 144.414 62.0202
      vertex 2.5218 144.612 3.55
      vertex 2.5218 144.612 62.1114
    endloop
  endfacet
  facet normal 0.946831 -0.321731 0
    outer loop
      vertex 2.5218 144.612 3.55
      vertex 2.45452 144.414 62.0202
      vertex 2.45452 144.414 3.55
    endloop
  endfacet
  facet normal -0.196116 -0.980581 0
    outer loop
      vertex 226.209 145.586 3.55
      vertex 226.414 145.545 62.5406
      vertex 226.209 145.586 62.5594
    endloop
  endfacet
  facet normal -0.196116 -0.980581 -0
    outer loop
      vertex 226.414 145.545 62.5406
      vertex 226.209 145.586 3.55
      vertex 226.414 145.545 3.55
    endloop
  endfacet
  facet normal 0.751117 -0.660169 0
    outer loop
      vertex 2.73064 144.974 62.2778
      vertex 2.86863 145.131 3.55
      vertex 2.86863 145.131 62.3501
    endloop
  endfacet
  facet normal 0.751117 -0.660169 0
    outer loop
      vertex 2.86863 145.131 3.55
      vertex 2.73064 144.974 62.2778
      vertex 2.73064 144.974 3.55
    endloop
  endfacet
  facet normal 0.557976 -0.829857 0
    outer loop
      vertex 3.2 145.386 3.55
      vertex 3.02599 145.269 62.4136
      vertex 3.02599 145.269 3.55
    endloop
  endfacet
  facet normal 0.557976 -0.829857 0
    outer loop
      vertex 3.02599 145.269 62.4136
      vertex 3.2 145.386 3.55
      vertex 3.2 145.386 62.4671
    endloop
  endfacet
  facet normal -0.980581 -0.196116 -0
    outer loop
      vertex 227.586 144.209 61.9258
      vertex 227.545 144.414 3.55
      vertex 227.586 144.209 3.55
    endloop
  endfacet
  facet normal -0.980581 -0.196116 0
    outer loop
      vertex 227.545 144.414 3.55
      vertex 227.586 144.209 61.9258
      vertex 227.545 144.414 62.0202
    endloop
  endfacet
  facet normal -0.000694198 0.417866 -0.908508
    outer loop
      vertex 221.578 28.8258 8.85558
      vertex 221.294 136.769 58.504
      vertex 221.578 136.826 58.53
    endloop
  endfacet
  facet normal 0.000188343 0.417868 -0.908508
    outer loop
      vertex 221.578 28.8258 8.85558
      vertex 221 136.75 58.4952
      vertex 221.294 136.769 58.504
    endloop
  endfacet
  facet normal 0 0.417867 -0.908508
    outer loop
      vertex 220.422 28.8258 8.85558
      vertex 221 136.75 58.4952
      vertex 221.578 28.8258 8.85558
    endloop
  endfacet
  facet normal -0.000188343 0.417868 -0.908508
    outer loop
      vertex 221 136.75 58.4952
      vertex 220.422 28.8258 8.85558
      vertex 220.706 136.769 58.504
    endloop
  endfacet
  facet normal 0.000694198 0.417866 -0.908508
    outer loop
      vertex 220.706 136.769 58.504
      vertex 220.422 28.8258 8.85558
      vertex 220.422 136.826 58.53
    endloop
  endfacet
  facet normal -1.74421e-06 0.417867 -0.908508
    outer loop
      vertex 221.578 28.8258 8.85558
      vertex 227.6 144 61.8298
      vertex 227.6 9.57242 0
    endloop
  endfacet
  facet normal 2.06334e-05 0.417866 -0.908509
    outer loop
      vertex 221.578 136.826 58.53
      vertex 227.6 144 61.8298
      vertex 221.578 28.8258 8.85558
    endloop
  endfacet
  facet normal 1.4346e-05 0.417871 -0.908507
    outer loop
      vertex 226 145.6 62.5657
      vertex 227.6 144 61.8298
      vertex 221.578 136.826 58.53
    endloop
  endfacet
  facet normal -0.000591552 0.41737 -0.908736
    outer loop
      vertex 227.6 144 61.8298
      vertex 226 145.6 62.5657
      vertex 227.586 144.209 61.9258
    endloop
  endfacet
  facet normal 0.000443474 0.418344 -0.908288
    outer loop
      vertex 227.586 144.209 61.9258
      vertex 226 145.6 62.5657
      vertex 227.545 144.414 62.0202
    endloop
  endfacet
  facet normal 0.000618441 0.418532 -0.908202
    outer loop
      vertex 227.545 144.414 62.0202
      vertex 226 145.6 62.5657
      vertex 227.478 144.612 62.1114
    endloop
  endfacet
  facet normal -0.00070006 0.416904 -0.90895
    outer loop
      vertex 227.478 144.612 62.1114
      vertex 226 145.6 62.5657
      vertex 227.386 144.8 62.1977
    endloop
  endfacet
  facet normal 0.000295453 0.418328 -0.908296
    outer loop
      vertex 227.386 144.8 62.1977
      vertex 226 145.6 62.5657
      vertex 227.269 144.974 62.2778
    endloop
  endfacet
  facet normal 0.000478844 0.418635 -0.908155
    outer loop
      vertex 227.269 144.974 62.2778
      vertex 226 145.6 62.5657
      vertex 227.131 145.131 62.3501
    endloop
  endfacet
  facet normal 0.00031619 0.418311 -0.908304
    outer loop
      vertex 227.131 145.131 62.3501
      vertex 226 145.6 62.5657
      vertex 226.974 145.269 62.4136
    endloop
  endfacet
  facet normal -0.00140819 0.414118 -0.910222
    outer loop
      vertex 226.974 145.269 62.4136
      vertex 226 145.6 62.5657
      vertex 226.8 145.386 62.4671
    endloop
  endfacet
  facet normal 0.00122791 0.422249 -0.906479
    outer loop
      vertex 226.8 145.386 62.4671
      vertex 226 145.6 62.5657
      vertex 226.612 145.478 62.5097
    endloop
  endfacet
  facet normal 0.000958248 0.421134 -0.906998
    outer loop
      vertex 226.612 145.478 62.5097
      vertex 226 145.6 62.5657
      vertex 226.414 145.545 62.5406
    endloop
  endfacet
  facet normal -9.43833e-06 0.417865 -0.908509
    outer loop
      vertex 227.6 9.57242 0
      vertex 221.294 28.7692 8.82955
      vertex 221.578 28.8258 8.85558
    endloop
  endfacet
  facet normal 5.73857e-05 0.417883 -0.908501
    outer loop
      vertex 227.6 9.57242 0
      vertex 221 28.75 8.8207
      vertex 221.294 28.7692 8.82955
    endloop
  endfacet
  facet normal -6.00255e-05 0.41785 -0.908516
    outer loop
      vertex 227.6 9.57242 0
      vertex 220.706 28.7692 8.82955
      vertex 221 28.75 8.8207
    endloop
  endfacet
  facet normal 1.08314e-05 0.417871 -0.908506
    outer loop
      vertex 227.6 9.57242 0
      vertex 220.422 28.8258 8.85558
      vertex 220.706 28.7692 8.82955
    endloop
  endfacet
  facet normal 7.02317e-07 0.417868 -0.908508
    outer loop
      vertex 179.85 137.936 59.0407
      vertex 220.422 28.8258 8.85558
      vertex 179.85 24.309 6.77805
    endloop
  endfacet
  facet normal 6.59751e-07 0.417868 -0.908508
    outer loop
      vertex 227.6 9.57242 0
      vertex 179.85 24.309 6.77805
      vertex 220.422 28.8258 8.85558
    endloop
  endfacet
  facet normal 0 0.417866 -0.908509
    outer loop
      vertex 2.4 9.57242 0
      vertex 179.85 24.309 6.77805
      vertex 227.6 9.57242 0
    endloop
  endfacet
  facet normal -6.23264e-06 0.417868 -0.908508
    outer loop
      vertex 9.5782 28.8258 8.85558
      vertex 14.15 137.936 59.0407
      vertex 14.15 24.309 6.77805
    endloop
  endfacet
  facet normal 3.14565e-05 0.417866 -0.908509
    outer loop
      vertex 14.15 137.936 59.0407
      vertex 9.5782 28.8258 8.85558
      vertex 9.5782 136.826 58.53
    endloop
  endfacet
  facet normal -9.35293e-06 0.417865 -0.908509
    outer loop
      vertex 14.15 24.309 6.77805
      vertex 9.29368 28.7692 8.82955
      vertex 9.5782 28.8258 8.85558
    endloop
  endfacet
  facet normal 5.43686e-05 0.417922 -0.908483
    outer loop
      vertex 14.15 24.309 6.77805
      vertex 9 28.75 8.8207
      vertex 9.29368 28.7692 8.82955
    endloop
  endfacet
  facet normal -6.32924e-05 0.41781 -0.908535
    outer loop
      vertex 14.15 24.309 6.77805
      vertex 8.70632 28.7692 8.82955
      vertex 9 28.75 8.8207
    endloop
  endfacet
  facet normal 1.50272e-05 0.417888 -0.908498
    outer loop
      vertex 14.15 24.309 6.77805
      vertex 8.4218 28.8258 8.85558
      vertex 8.70632 28.7692 8.82955
    endloop
  endfacet
  facet normal -2.06341e-05 0.417866 -0.908509
    outer loop
      vertex 2.4 144 61.8298
      vertex 8.4218 136.826 58.53
      vertex 8.4218 28.8258 8.85558
    endloop
  endfacet
  facet normal -1.43462e-05 0.417871 -0.908507
    outer loop
      vertex 8.4218 136.826 58.53
      vertex 2.4 144 61.8298
      vertex 4.00001 145.6 62.5657
    endloop
  endfacet
  facet normal -0.000648512 0.418394 -0.908265
    outer loop
      vertex 4.00001 145.6 62.5657
      vertex 2.4 144 61.8298
      vertex 3.79116 145.586 62.5594
    endloop
  endfacet
  facet normal -0.000327482 0.418162 -0.908373
    outer loop
      vertex 3.79116 145.586 62.5594
      vertex 2.4 144 61.8298
      vertex 3.5859 145.545 62.5406
    endloop
  endfacet
  facet normal 0.000468463 0.417657 -0.908605
    outer loop
      vertex 3.5859 145.545 62.5406
      vertex 2.4 144 61.8298
      vertex 3.38772 145.478 62.5097
    endloop
  endfacet
  facet normal 0.00200721 0.416807 -0.908993
    outer loop
      vertex 3.38772 145.478 62.5097
      vertex 2.4 144 61.8298
      vertex 3.2 145.386 62.4671
    endloop
  endfacet
  facet normal -0.00254166 0.418974 -0.907995
    outer loop
      vertex 3.2 145.386 62.4671
      vertex 2.4 144 61.8298
      vertex 3.02599 145.269 62.4136
    endloop
  endfacet
  facet normal 0.000137113 0.417885 -0.9085
    outer loop
      vertex 3.02599 145.269 62.4136
      vertex 2.4 144 61.8298
      vertex 2.86863 145.131 62.3501
    endloop
  endfacet
  facet normal 0.000927439 0.417615 -0.908624
    outer loop
      vertex 2.86863 145.131 62.3501
      vertex 2.4 144 61.8298
      vertex 2.73064 144.974 62.2778
    endloop
  endfacet
  facet normal 0.00106658 0.417576 -0.908642
    outer loop
      vertex 2.73064 144.974 62.2778
      vertex 2.4 144 61.8298
      vertex 2.61437 144.8 62.1977
    endloop
  endfacet
  facet normal -0.00336859 0.418554 -0.908185
    outer loop
      vertex 2.61437 144.8 62.1977
      vertex 2.4 144 61.8298
      vertex 2.5218 144.612 62.1114
    endloop
  endfacet
  facet normal 0.00306816 0.417498 -0.908673
    outer loop
      vertex 2.5218 144.612 62.1114
      vertex 2.4 144 61.8298
      vertex 2.45452 144.414 62.0202
    endloop
  endfacet
  facet normal 0 0.417866 -0.908509
    outer loop
      vertex 179.85 24.309 6.77805
      vertex 2.4 9.57242 0
      vertex 14.15 24.309 6.77805
    endloop
  endfacet
  facet normal -3.90404e-06 0.417869 -0.908507
    outer loop
      vertex 2.4 9.57242 0
      vertex 8.4218 28.8258 8.85558
      vertex 14.15 24.309 6.77805
    endloop
  endfacet
  facet normal 1.74427e-06 0.417867 -0.908508
    outer loop
      vertex 2.4 144 61.8298
      vertex 8.4218 28.8258 8.85558
      vertex 2.4 9.57242 0
    endloop
  endfacet
  facet normal 0.00787161 0.416964 -0.908889
    outer loop
      vertex 2.45452 144.414 62.0202
      vertex 2.4 144 61.8298
      vertex 2.41369 144.209 61.9258
    endloop
  endfacet
  facet normal 0.000780278 0.420028 -0.907511
    outer loop
      vertex 226.414 145.545 62.5406
      vertex 226 145.6 62.5657
      vertex 226.209 145.586 62.5594
    endloop
  endfacet
  facet normal 0 0.417877 -0.908504
    outer loop
      vertex 220.422 136.826 58.53
      vertex 226 145.6 62.5657
      vertex 221.578 136.826 58.53
    endloop
  endfacet
  facet normal -3.54463e-06 0.417866 -0.908509
    outer loop
      vertex 220.422 28.8258 8.85558
      vertex 179.85 137.936 59.0407
      vertex 220.422 136.826 58.53
    endloop
  endfacet
  facet normal -3.14766e-06 0.417878 -0.908503
    outer loop
      vertex 179.85 137.936 59.0407
      vertex 226 145.6 62.5657
      vertex 220.422 136.826 58.53
    endloop
  endfacet
  facet normal 0 0.417863 -0.90851
    outer loop
      vertex 4.00001 145.6 62.5657
      vertex 179.85 137.936 59.0407
      vertex 14.15 137.936 59.0407
    endloop
  endfacet
  facet normal 0 0.417877 -0.908504
    outer loop
      vertex 4.00001 145.6 62.5657
      vertex 9.5782 136.826 58.53
      vertex 8.4218 136.826 58.53
    endloop
  endfacet
  facet normal 0 0.417863 -0.90851
    outer loop
      vertex 179.85 137.936 59.0407
      vertex 4.00001 145.6 62.5657
      vertex 226 145.6 62.5657
    endloop
  endfacet
  facet normal 2.46191e-05 0.417889 -0.908498
    outer loop
      vertex 9.5782 136.826 58.53
      vertex 4.00001 145.6 62.5657
      vertex 14.15 137.936 59.0407
    endloop
  endfacet
  facet normal -0.000692929 0.417866 -0.908508
    outer loop
      vertex 9.5782 28.8258 8.85558
      vertex 9.29368 136.769 58.504
      vertex 9.5782 136.826 58.53
    endloop
  endfacet
  facet normal 0.000188548 0.417868 -0.908508
    outer loop
      vertex 9.5782 28.8258 8.85558
      vertex 9 136.75 58.4952
      vertex 9.29368 136.769 58.504
    endloop
  endfacet
  facet normal 0 0.417867 -0.908508
    outer loop
      vertex 8.4218 28.8258 8.85558
      vertex 9 136.75 58.4952
      vertex 9.5782 28.8258 8.85558
    endloop
  endfacet
  facet normal -0.000188548 0.417868 -0.908508
    outer loop
      vertex 9 136.75 58.4952
      vertex 8.4218 28.8258 8.85558
      vertex 8.70632 136.769 58.504
    endloop
  endfacet
  facet normal 0.000692929 0.417866 -0.908508
    outer loop
      vertex 8.70632 136.769 58.504
      vertex 8.4218 28.8258 8.85558
      vertex 8.4218 136.826 58.53
    endloop
  endfacet
  facet normal -0.321832 0.860183 0.395612
    outer loop
      vertex 23.1814 26.8688 9.66156
      vertex 22.9771 25.782 11.8584
      vertex 23.1814 25.8451 11.8874
    endloop
  endfacet
  facet normal -0.321437 0.86029 0.395702
    outer loop
      vertex 22.9771 25.782 11.8584
      vertex 23.1814 26.8688 9.66156
      vertex 22.9771 26.8058 9.63257
    endloop
  endfacet
  facet normal -0.9808 -0.177172 -0.0814902
    outer loop
      vertex 24.1859 28.4494 10.3886
      vertex 24.1438 27.618 12.7029
      vertex 24.1438 28.6418 10.477
    endloop
  endfacet
  facet normal -0.980792 -0.177213 -0.0815048
    outer loop
      vertex 24.1438 27.618 12.7029
      vertex 24.1859 28.4494 10.3886
      vertex 24.1859 27.4257 12.6144
    endloop
  endfacet
  facet normal -0.997863 -0.0593682 -0.0273049
    outer loop
      vertex 24.2 28.2538 10.2986
      vertex 24.1859 27.4257 12.6144
      vertex 24.1859 28.4494 10.3886
    endloop
  endfacet
  facet normal -0.997864 -0.0593423 -0.0272956
    outer loop
      vertex 24.1859 27.4257 12.6144
      vertex 24.2 28.2538 10.2986
      vertex 24.2 27.23 12.5244
    endloop
  endfacet
  facet normal -0.946863 -0.292216 -0.134391
    outer loop
      vertex 24.1438 28.6418 10.477
      vertex 24.0744 27.8037 12.7883
      vertex 24.0744 28.8274 10.5624
    endloop
  endfacet
  facet normal -0.946906 -0.292094 -0.134348
    outer loop
      vertex 24.0744 27.8037 12.7883
      vertex 24.1438 28.6418 10.477
      vertex 24.1438 27.618 12.7029
    endloop
  endfacet
  facet normal 0.831446 -0.504776 -0.232159
    outer loop
      vertex 21.241 28.1426 12.9441
      vertex 21.1211 29.0033 10.6433
      vertex 21.241 29.1663 10.7183
    endloop
  endfacet
  facet normal 0.831576 -0.504591 -0.232096
    outer loop
      vertex 21.1211 29.0033 10.6433
      vertex 21.241 28.1426 12.9441
      vertex 21.1211 27.9795 12.8691
    endloop
  endfacet
  facet normal -0.831446 -0.504776 -0.232159
    outer loop
      vertex 23.9789 29.0033 10.6433
      vertex 23.859 28.1426 12.9441
      vertex 23.859 29.1663 10.7183
    endloop
  endfacet
  facet normal -0.831576 -0.504591 -0.232096
    outer loop
      vertex 23.859 28.1426 12.9441
      vertex 23.9789 29.0033 10.6433
      vertex 23.9789 27.9795 12.8691
    endloop
  endfacet
  facet normal -0.321832 -0.860187 -0.395603
    outer loop
      vertex 22.9771 29.7017 10.9645
      vertex 23.1814 28.6149 13.1614
      vertex 22.9771 28.678 13.1904
    endloop
  endfacet
  facet normal -0.321281 -0.860336 -0.395728
    outer loop
      vertex 23.1814 28.6149 13.1614
      vertex 22.9771 29.7017 10.9645
      vertex 23.1814 29.6387 10.9356
    endloop
  endfacet
  facet normal 0.83157 0.504602 0.232093
    outer loop
      vertex 21.1211 26.4805 12.1797
      vertex 21.241 27.3412 9.87883
      vertex 21.1211 27.5043 9.95382
    endloop
  endfacet
  facet normal 0.831576 0.504594 0.23209
    outer loop
      vertex 21.241 27.3412 9.87883
      vertex 21.1211 26.4805 12.1797
      vertex 21.241 26.3174 12.1047
    endloop
  endfacet
  facet normal 0.659575 0.682869 0.314087
    outer loop
      vertex 21.5455 26.0407 11.9774
      vertex 21.3833 27.1938 9.81102
      vertex 21.3833 26.17 12.0369
    endloop
  endfacet
  facet normal 0.659542 0.682893 0.314103
    outer loop
      vertex 21.3833 27.1938 9.81102
      vertex 21.5455 26.0407 11.9774
      vertex 21.5455 27.0645 9.75155
    endloop
  endfacet
  facet normal -0.442168 -0.814864 -0.374812
    outer loop
      vertex 23.1814 29.6387 10.9356
      vertex 23.375 28.5282 13.1215
      vertex 23.1814 28.6149 13.1614
    endloop
  endfacet
  facet normal -0.442168 -0.814864 -0.374812
    outer loop
      vertex 23.375 28.5282 13.1215
      vertex 23.1814 29.6387 10.9356
      vertex 23.375 29.552 10.8957
    endloop
  endfacet
  facet normal -0.896744 0.402057 0.184934
    outer loop
      vertex 23.9789 27.5043 9.95382
      vertex 24.0744 26.6563 12.2605
      vertex 24.0744 27.6801 10.0347
    endloop
  endfacet
  facet normal -0.896714 0.402115 0.184954
    outer loop
      vertex 24.0744 26.6563 12.2605
      vertex 23.9789 27.5043 9.95382
      vertex 23.9789 26.4805 12.1797
    endloop
  endfacet
  facet normal -0.0652936 -0.906569 -0.416976
    outer loop
      vertex 22.55 29.7528 10.988
      vertex 22.7654 28.7162 13.208
      vertex 22.55 28.729 13.2139
    endloop
  endfacet
  facet normal -0.0652936 -0.906569 -0.416976
    outer loop
      vertex 22.7654 28.7162 13.208
      vertex 22.55 29.7528 10.988
      vertex 22.7654 29.74 10.9821
    endloop
  endfacet
  facet normal -0.896834 -0.401891 -0.184858
    outer loop
      vertex 24.0744 28.8274 10.5624
      vertex 23.9789 27.9795 12.8691
      vertex 23.9789 29.0033 10.6433
    endloop
  endfacet
  facet normal -0.896714 -0.402123 -0.184938
    outer loop
      vertex 23.9789 27.9795 12.8691
      vertex 24.0744 28.8274 10.5624
      vertex 24.0744 27.8037 12.7883
    endloop
  endfacet
  facet normal 0.194866 -0.891092 -0.409857
    outer loop
      vertex 22.1229 28.678 13.1904
      vertex 22.3346 29.74 10.9821
      vertex 22.3346 28.7162 13.208
    endloop
  endfacet
  facet normal 0.195271 -0.891034 -0.40979
    outer loop
      vertex 22.3346 29.74 10.9821
      vertex 22.1229 28.678 13.1904
      vertex 22.1229 29.7017 10.9645
    endloop
  endfacet
  facet normal -0.997864 0.0593423 0.0272956
    outer loop
      vertex 24.1859 28.0581 10.2086
      vertex 24.2 27.23 12.5244
      vertex 24.2 28.2538 10.2986
    endloop
  endfacet
  facet normal -0.997864 0.0593423 0.0272956
    outer loop
      vertex 24.2 27.23 12.5244
      vertex 24.1859 28.0581 10.2086
      vertex 24.1859 27.0343 12.4344
    endloop
  endfacet
  facet normal -0.194866 -0.891092 -0.409857
    outer loop
      vertex 22.7654 29.74 10.9821
      vertex 22.9771 28.678 13.1904
      vertex 22.7654 28.7162 13.208
    endloop
  endfacet
  facet normal -0.195271 -0.891034 -0.40979
    outer loop
      vertex 22.9771 28.678 13.1904
      vertex 22.7654 29.74 10.9821
      vertex 22.9771 29.7017 10.9645
    endloop
  endfacet
  facet normal 0.946906 0.292094 0.134348
    outer loop
      vertex 20.9562 26.842 12.346
      vertex 21.0256 27.6801 10.0347
      vertex 20.9562 27.8658 10.1201
    endloop
  endfacet
  facet normal 0.946926 0.292039 0.134329
    outer loop
      vertex 21.0256 27.6801 10.0347
      vertex 20.9562 26.842 12.346
      vertex 21.0256 26.6563 12.2605
    endloop
  endfacet
  facet normal 0.555358 0.755523 0.34751
    outer loop
      vertex 21.725 25.9318 11.9273
      vertex 21.5455 27.0645 9.75155
      vertex 21.5455 26.0407 11.9774
    endloop
  endfacet
  facet normal 0.555358 0.755523 0.34751
    outer loop
      vertex 21.5455 27.0645 9.75155
      vertex 21.725 25.9318 11.9273
      vertex 21.725 26.9556 9.70145
    endloop
  endfacet
  facet normal 0.659575 -0.682876 -0.314071
    outer loop
      vertex 21.3833 28.29 13.0119
      vertex 21.5455 29.443 10.8456
      vertex 21.5455 28.4193 13.0714
    endloop
  endfacet
  facet normal 0.659337 -0.683054 -0.314184
    outer loop
      vertex 21.5455 29.443 10.8456
      vertex 21.3833 28.29 13.0119
      vertex 21.3833 29.3138 10.7861
    endloop
  endfacet
  facet normal -0.946906 0.292094 0.134348
    outer loop
      vertex 24.0744 27.6801 10.0347
      vertex 24.1438 26.842 12.346
      vertex 24.1438 27.8658 10.1201
    endloop
  endfacet
  facet normal -0.946926 0.292039 0.134329
    outer loop
      vertex 24.1438 26.842 12.346
      vertex 24.0744 27.6801 10.0347
      vertex 24.0744 26.6563 12.2605
    endloop
  endfacet
  facet normal 0.9808 -0.177172 -0.0814902
    outer loop
      vertex 20.9562 27.618 12.7029
      vertex 20.9141 28.4494 10.3886
      vertex 20.9562 28.6418 10.477
    endloop
  endfacet
  facet normal 0.980792 -0.177213 -0.0815048
    outer loop
      vertex 20.9141 28.4494 10.3886
      vertex 20.9562 27.618 12.7029
      vertex 20.9141 27.4257 12.6144
    endloop
  endfacet
  facet normal -0.442168 0.814867 0.374806
    outer loop
      vertex 23.375 26.9556 9.70145
      vertex 23.1814 25.8451 11.8874
      vertex 23.375 25.9318 11.9273
    endloop
  endfacet
  facet normal -0.442491 0.814736 0.37471
    outer loop
      vertex 23.1814 25.8451 11.8874
      vertex 23.375 26.9556 9.70145
      vertex 23.1814 26.8688 9.66156
    endloop
  endfacet
  facet normal 0.321832 -0.860187 -0.395603
    outer loop
      vertex 21.9186 28.6149 13.1614
      vertex 22.1229 29.7017 10.9645
      vertex 22.1229 28.678 13.1904
    endloop
  endfacet
  facet normal 0.321281 -0.860336 -0.395728
    outer loop
      vertex 22.1229 29.7017 10.9645
      vertex 21.9186 28.6149 13.1614
      vertex 21.9186 29.6387 10.9356
    endloop
  endfacet
  facet normal 0.321832 0.860183 0.395612
    outer loop
      vertex 22.1229 25.782 11.8584
      vertex 21.9186 26.8688 9.66156
      vertex 21.9186 25.8451 11.8874
    endloop
  endfacet
  facet normal 0.321437 0.86029 0.395702
    outer loop
      vertex 21.9186 26.8688 9.66156
      vertex 22.1229 25.782 11.8584
      vertex 22.1229 26.8058 9.63257
    endloop
  endfacet
  facet normal 0.980792 0.17721 0.0815114
    outer loop
      vertex 20.9141 27.0343 12.4344
      vertex 20.9562 27.8658 10.1201
      vertex 20.9141 28.0581 10.2086
    endloop
  endfacet
  facet normal 0.980784 0.177246 0.0815239
    outer loop
      vertex 20.9562 27.8658 10.1201
      vertex 20.9141 27.0343 12.4344
      vertex 20.9562 26.842 12.346
    endloop
  endfacet
  facet normal -0.83157 0.504602 0.232093
    outer loop
      vertex 23.859 27.3412 9.87883
      vertex 23.9789 26.4805 12.1797
      vertex 23.9789 27.5043 9.95382
    endloop
  endfacet
  facet normal -0.831576 0.504594 0.23209
    outer loop
      vertex 23.9789 26.4805 12.1797
      vertex 23.859 27.3412 9.87883
      vertex 23.859 26.3174 12.1047
    endloop
  endfacet
  facet normal -0.194866 0.891087 0.409867
    outer loop
      vertex 22.9771 26.8058 9.63257
      vertex 22.7654 25.7438 11.8408
      vertex 22.9771 25.782 11.8584
    endloop
  endfacet
  facet normal -0.194866 0.891087 0.409867
    outer loop
      vertex 22.7654 25.7438 11.8408
      vertex 22.9771 26.8058 9.63257
      vertex 22.7654 26.7676 9.61497
    endloop
  endfacet
  facet normal 0.896834 -0.401891 -0.184858
    outer loop
      vertex 21.1211 27.9795 12.8691
      vertex 21.0256 28.8274 10.5624
      vertex 21.1211 29.0033 10.6433
    endloop
  endfacet
  facet normal 0.896714 -0.402123 -0.184938
    outer loop
      vertex 21.0256 28.8274 10.5624
      vertex 21.1211 27.9795 12.8691
      vertex 21.0256 27.8037 12.7883
    endloop
  endfacet
  facet normal 0.442168 0.814867 0.374806
    outer loop
      vertex 21.9186 25.8451 11.8874
      vertex 21.725 26.9556 9.70145
      vertex 21.725 25.9318 11.9273
    endloop
  endfacet
  facet normal 0.442491 0.814736 0.37471
    outer loop
      vertex 21.725 26.9556 9.70145
      vertex 21.9186 25.8451 11.8874
      vertex 21.9186 26.8688 9.66156
    endloop
  endfacet
  facet normal -0.555358 0.755523 0.34751
    outer loop
      vertex 23.5545 27.0645 9.75155
      vertex 23.375 25.9318 11.9273
      vertex 23.5545 26.0407 11.9774
    endloop
  endfacet
  facet normal -0.555358 0.755523 0.34751
    outer loop
      vertex 23.375 25.9318 11.9273
      vertex 23.5545 27.0645 9.75155
      vertex 23.375 26.9556 9.70145
    endloop
  endfacet
  facet normal -0.555358 -0.75552 -0.347516
    outer loop
      vertex 23.375 29.552 10.8957
      vertex 23.5545 28.4193 13.0714
      vertex 23.375 28.5282 13.1215
    endloop
  endfacet
  facet normal -0.555649 -0.755356 -0.347407
    outer loop
      vertex 23.5545 28.4193 13.0714
      vertex 23.375 29.552 10.8957
      vertex 23.5545 29.443 10.8456
    endloop
  endfacet
  facet normal 0.997863 -0.0593682 -0.0273049
    outer loop
      vertex 20.9141 27.4257 12.6144
      vertex 20.9 28.2538 10.2986
      vertex 20.9141 28.4494 10.3886
    endloop
  endfacet
  facet normal 0.997864 -0.0593423 -0.0272956
    outer loop
      vertex 20.9 28.2538 10.2986
      vertex 20.9141 27.4257 12.6144
      vertex 20.9 27.23 12.5244
    endloop
  endfacet
  facet normal 0.896744 0.402057 0.184934
    outer loop
      vertex 21.0256 26.6563 12.2605
      vertex 21.1211 27.5043 9.95382
      vertex 21.0256 27.6801 10.0347
    endloop
  endfacet
  facet normal 0.896714 0.402115 0.184954
    outer loop
      vertex 21.1211 27.5043 9.95382
      vertex 21.0256 26.6563 12.2605
      vertex 21.1211 26.4805 12.1797
    endloop
  endfacet
  facet normal -0.751989 -0.598861 -0.275458
    outer loop
      vertex 23.859 29.1663 10.7183
      vertex 23.7167 28.29 13.0119
      vertex 23.7167 29.3138 10.7861
    endloop
  endfacet
  facet normal -0.751806 -0.599061 -0.275523
    outer loop
      vertex 23.7167 28.29 13.0119
      vertex 23.859 29.1663 10.7183
      vertex 23.859 28.1426 12.9441
    endloop
  endfacet
  facet normal -0.0652936 0.906564 0.416986
    outer loop
      vertex 22.7654 26.7676 9.61497
      vertex 22.55 25.731 11.8349
      vertex 22.7654 25.7438 11.8408
    endloop
  endfacet
  facet normal -0.0657127 0.906555 0.416941
    outer loop
      vertex 22.55 25.731 11.8349
      vertex 22.7654 26.7676 9.61497
      vertex 22.55 26.7547 9.60907
    endloop
  endfacet
  facet normal -0.980792 0.17721 0.0815114
    outer loop
      vertex 24.1438 27.8658 10.1201
      vertex 24.1859 27.0343 12.4344
      vertex 24.1859 28.0581 10.2086
    endloop
  endfacet
  facet normal -0.980784 0.177246 0.0815239
    outer loop
      vertex 24.1859 27.0343 12.4344
      vertex 24.1438 27.8658 10.1201
      vertex 24.1438 26.842 12.346
    endloop
  endfacet
  facet normal 0.946863 -0.292216 -0.134391
    outer loop
      vertex 21.0256 27.8037 12.7883
      vertex 20.9562 28.6418 10.477
      vertex 21.0256 28.8274 10.5624
    endloop
  endfacet
  facet normal 0.946906 -0.292094 -0.134348
    outer loop
      vertex 20.9562 28.6418 10.477
      vertex 21.0256 27.8037 12.7883
      vertex 20.9562 27.618 12.7029
    endloop
  endfacet
  facet normal 0.194866 0.891087 0.409867
    outer loop
      vertex 22.3346 25.7438 11.8408
      vertex 22.1229 26.8058 9.63257
      vertex 22.1229 25.782 11.8584
    endloop
  endfacet
  facet normal 0.194866 0.891087 0.409867
    outer loop
      vertex 22.1229 26.8058 9.63257
      vertex 22.3346 25.7438 11.8408
      vertex 22.3346 26.7676 9.61497
    endloop
  endfacet
  facet normal -0.659575 -0.682876 -0.314071
    outer loop
      vertex 23.5545 29.443 10.8456
      vertex 23.7167 28.29 13.0119
      vertex 23.5545 28.4193 13.0714
    endloop
  endfacet
  facet normal -0.659337 -0.683054 -0.314184
    outer loop
      vertex 23.7167 28.29 13.0119
      vertex 23.5545 29.443 10.8456
      vertex 23.7167 29.3138 10.7861
    endloop
  endfacet
  facet normal 0.751815 0.599045 0.275534
    outer loop
      vertex 21.241 26.3174 12.1047
      vertex 21.3833 27.1938 9.81102
      vertex 21.241 27.3412 9.87883
    endloop
  endfacet
  facet normal 0.751806 0.599055 0.275537
    outer loop
      vertex 21.3833 27.1938 9.81102
      vertex 21.241 26.3174 12.1047
      vertex 21.3833 26.17 12.0369
    endloop
  endfacet
  facet normal 0.997864 0.0593423 0.0272956
    outer loop
      vertex 20.9 27.23 12.5244
      vertex 20.9141 28.0581 10.2086
      vertex 20.9 28.2538 10.2986
    endloop
  endfacet
  facet normal 0.997864 0.0593423 0.0272956
    outer loop
      vertex 20.9141 28.0581 10.2086
      vertex 20.9 27.23 12.5244
      vertex 20.9141 27.0343 12.4344
    endloop
  endfacet
  facet normal 0.442168 -0.814864 -0.374812
    outer loop
      vertex 21.725 28.5282 13.1215
      vertex 21.9186 29.6387 10.9356
      vertex 21.9186 28.6149 13.1614
    endloop
  endfacet
  facet normal 0.442168 -0.814864 -0.374812
    outer loop
      vertex 21.9186 29.6387 10.9356
      vertex 21.725 28.5282 13.1215
      vertex 21.725 29.552 10.8957
    endloop
  endfacet
  facet normal 0.751989 -0.598861 -0.275458
    outer loop
      vertex 21.3833 28.29 13.0119
      vertex 21.241 29.1663 10.7183
      vertex 21.3833 29.3138 10.7861
    endloop
  endfacet
  facet normal 0.751806 -0.599061 -0.275523
    outer loop
      vertex 21.241 29.1663 10.7183
      vertex 21.3833 28.29 13.0119
      vertex 21.241 28.1426 12.9441
    endloop
  endfacet
  facet normal 0.0652936 -0.906569 -0.416976
    outer loop
      vertex 22.3346 28.7162 13.208
      vertex 22.55 29.7528 10.988
      vertex 22.55 28.729 13.2139
    endloop
  endfacet
  facet normal 0.0652936 -0.906569 -0.416976
    outer loop
      vertex 22.55 29.7528 10.988
      vertex 22.3346 28.7162 13.208
      vertex 22.3346 29.74 10.9821
    endloop
  endfacet
  facet normal 0.555358 -0.75552 -0.347516
    outer loop
      vertex 21.5455 28.4193 13.0714
      vertex 21.725 29.552 10.8957
      vertex 21.725 28.5282 13.1215
    endloop
  endfacet
  facet normal 0.555649 -0.755356 -0.347407
    outer loop
      vertex 21.725 29.552 10.8957
      vertex 21.5455 28.4193 13.0714
      vertex 21.5455 29.443 10.8456
    endloop
  endfacet
  facet normal 0.0652936 0.906564 0.416986
    outer loop
      vertex 22.55 25.731 11.8349
      vertex 22.3346 26.7676 9.61497
      vertex 22.3346 25.7438 11.8408
    endloop
  endfacet
  facet normal 0.0657127 0.906555 0.416941
    outer loop
      vertex 22.3346 26.7676 9.61497
      vertex 22.55 25.731 11.8349
      vertex 22.55 26.7547 9.60907
    endloop
  endfacet
  facet normal -0.659575 0.682869 0.314087
    outer loop
      vertex 23.7167 27.1938 9.81102
      vertex 23.5545 26.0407 11.9774
      vertex 23.7167 26.17 12.0369
    endloop
  endfacet
  facet normal -0.659542 0.682893 0.314103
    outer loop
      vertex 23.5545 26.0407 11.9774
      vertex 23.7167 27.1938 9.81102
      vertex 23.5545 27.0645 9.75155
    endloop
  endfacet
  facet normal -0.751815 0.599045 0.275534
    outer loop
      vertex 23.7167 27.1938 9.81102
      vertex 23.859 26.3174 12.1047
      vertex 23.859 27.3412 9.87883
    endloop
  endfacet
  facet normal -0.751806 0.599055 0.275537
    outer loop
      vertex 23.859 26.3174 12.1047
      vertex 23.7167 27.1938 9.81102
      vertex 23.7167 26.17 12.0369
    endloop
  endfacet
  facet normal -0.321455 0.860253 0.395767
    outer loop
      vertex 23.1814 131.311 57.6996
      vertex 22.9771 130.224 59.8964
      vertex 23.1814 130.287 59.9254
    endloop
  endfacet
  facet normal -0.321455 0.860253 0.395767
    outer loop
      vertex 22.9771 130.224 59.8964
      vertex 23.1814 131.311 57.6996
      vertex 22.9771 131.248 57.6706
    endloop
  endfacet
  facet normal -0.980744 -0.177424 -0.0816256
    outer loop
      vertex 24.1859 132.892 58.4265
      vertex 24.1438 132.06 60.7408
      vertex 24.1438 133.084 58.515
    endloop
  endfacet
  facet normal -0.980736 -0.177459 -0.0816381
    outer loop
      vertex 24.1438 132.06 60.7408
      vertex 24.1859 132.892 58.4265
      vertex 24.1859 131.868 60.6524
    endloop
  endfacet
  facet normal -0.997869 -0.0592775 -0.0272699
    outer loop
      vertex 24.2 132.696 58.3366
      vertex 24.1859 131.868 60.6524
      vertex 24.1859 132.892 58.4265
    endloop
  endfacet
  facet normal -0.99787 -0.0592656 -0.0272657
    outer loop
      vertex 24.1859 131.868 60.6524
      vertex 24.2 132.696 58.3366
      vertex 24.2 131.672 60.5624
    endloop
  endfacet
  facet normal -0.947036 -0.291736 -0.13421
    outer loop
      vertex 24.1438 133.084 58.515
      vertex 24.0744 132.246 60.8263
      vertex 24.0744 133.27 58.6004
    endloop
  endfacet
  facet normal -0.947056 -0.29168 -0.13419
    outer loop
      vertex 24.0744 132.246 60.8263
      vertex 24.1438 133.084 58.515
      vertex 24.1438 132.06 60.7408
    endloop
  endfacet
  facet normal 0.831446 -0.504836 -0.232028
    outer loop
      vertex 21.241 132.585 60.9821
      vertex 21.1211 133.445 58.6813
      vertex 21.241 133.608 58.7563
    endloop
  endfacet
  facet normal 0.831446 -0.504836 -0.232028
    outer loop
      vertex 21.1211 133.445 58.6813
      vertex 21.241 132.585 60.9821
      vertex 21.1211 132.422 60.9071
    endloop
  endfacet
  facet normal -0.831446 -0.504836 -0.232028
    outer loop
      vertex 23.9789 133.445 58.6813
      vertex 23.859 132.585 60.9821
      vertex 23.859 133.608 58.7563
    endloop
  endfacet
  facet normal -0.831446 -0.504836 -0.232028
    outer loop
      vertex 23.859 132.585 60.9821
      vertex 23.9789 133.445 58.6813
      vertex 23.9789 132.422 60.9071
    endloop
  endfacet
  facet normal -0.321455 -0.86026 -0.395753
    outer loop
      vertex 22.9771 134.144 59.0025
      vertex 23.1814 133.057 61.1994
      vertex 22.9771 133.12 61.2284
    endloop
  endfacet
  facet normal -0.321281 -0.860306 -0.395792
    outer loop
      vertex 23.1814 133.057 61.1994
      vertex 22.9771 134.144 59.0025
      vertex 23.1814 134.081 58.9736
    endloop
  endfacet
  facet normal 0.831446 0.50484 0.232019
    outer loop
      vertex 21.1211 130.923 60.2177
      vertex 21.241 131.783 57.9168
      vertex 21.1211 131.946 57.9918
    endloop
  endfacet
  facet normal 0.831446 0.50484 0.232019
    outer loop
      vertex 21.241 131.783 57.9168
      vertex 21.1211 130.923 60.2177
      vertex 21.241 130.76 60.1427
    endloop
  endfacet
  facet normal 0.658861 0.683415 0.314397
    outer loop
      vertex 21.5455 130.483 60.0154
      vertex 21.3833 131.636 57.849
      vertex 21.3833 130.612 60.0749
    endloop
  endfacet
  facet normal 0.658751 0.683497 0.314449
    outer loop
      vertex 21.3833 131.636 57.849
      vertex 21.5455 130.483 60.0154
      vertex 21.5455 131.507 57.7896
    endloop
  endfacet
  facet normal -0.443183 -0.814381 -0.374663
    outer loop
      vertex 23.1814 134.081 58.9736
      vertex 23.375 132.97 61.1595
      vertex 23.1814 133.057 61.1994
    endloop
  endfacet
  facet normal -0.443183 -0.814381 -0.374663
    outer loop
      vertex 23.375 132.97 61.1595
      vertex 23.1814 134.081 58.9736
      vertex 23.375 133.994 58.9337
    endloop
  endfacet
  facet normal -0.896916 0.401726 0.184818
    outer loop
      vertex 23.9789 131.946 57.9918
      vertex 24.0744 131.098 60.2985
      vertex 24.0744 132.122 58.0727
    endloop
  endfacet
  facet normal -0.896051 0.403389 0.185393
    outer loop
      vertex 24.0744 131.098 60.2985
      vertex 23.9789 131.946 57.9918
      vertex 23.9789 130.923 60.2177
    endloop
  endfacet
  facet normal -0.0661317 -0.906488 -0.41702
    outer loop
      vertex 22.55 134.195 59.026
      vertex 22.7654 133.158 61.246
      vertex 22.55 133.171 61.2519
    endloop
  endfacet
  facet normal -0.0661317 -0.906488 -0.41702
    outer loop
      vertex 22.7654 133.158 61.246
      vertex 22.55 134.195 59.026
      vertex 22.7654 134.182 59.0201
    endloop
  endfacet
  facet normal -0.896089 -0.403316 -0.185368
    outer loop
      vertex 24.0744 133.27 58.6004
      vertex 23.9789 132.422 60.9071
      vertex 23.9789 133.445 58.6813
    endloop
  endfacet
  facet normal -0.896878 -0.401799 -0.184843
    outer loop
      vertex 23.9789 132.422 60.9071
      vertex 24.0744 133.27 58.6004
      vertex 24.0744 132.246 60.8263
    endloop
  endfacet
  facet normal 0.194056 -0.891207 -0.40999
    outer loop
      vertex 22.1229 133.12 61.2284
      vertex 22.3346 134.182 59.0201
      vertex 22.3346 133.158 61.246
    endloop
  endfacet
  facet normal 0.194056 -0.891207 -0.40999
    outer loop
      vertex 22.3346 134.182 59.0201
      vertex 22.1229 133.12 61.2284
      vertex 22.1229 134.144 59.0025
    endloop
  endfacet
  facet normal -0.99787 0.0592656 0.0272657
    outer loop
      vertex 24.1859 132.5 58.2466
      vertex 24.2 131.672 60.5624
      vertex 24.2 132.696 58.3366
    endloop
  endfacet
  facet normal -0.99787 0.0592656 0.0272657
    outer loop
      vertex 24.2 131.672 60.5624
      vertex 24.1859 132.5 58.2466
      vertex 24.1859 131.476 60.4724
    endloop
  endfacet
  facet normal -0.194056 -0.891207 -0.40999
    outer loop
      vertex 22.7654 134.182 59.0201
      vertex 22.9771 133.12 61.2284
      vertex 22.7654 133.158 61.246
    endloop
  endfacet
  facet normal -0.194056 -0.891207 -0.40999
    outer loop
      vertex 22.9771 133.12 61.2284
      vertex 22.7654 134.182 59.0201
      vertex 22.9771 134.144 59.0025
    endloop
  endfacet
  facet normal 0.947036 0.291733 0.134215
    outer loop
      vertex 20.9562 131.284 60.3839
      vertex 21.0256 132.122 58.0727
      vertex 20.9562 132.308 58.1581
    endloop
  endfacet
  facet normal 0.947036 0.291733 0.134215
    outer loop
      vertex 21.0256 132.122 58.0727
      vertex 20.9562 131.284 60.3839
      vertex 21.0256 131.098 60.2985
    endloop
  endfacet
  facet normal 0.555649 0.755318 0.347491
    outer loop
      vertex 21.725 130.374 59.9653
      vertex 21.5455 131.507 57.7896
      vertex 21.5455 130.483 60.0154
    endloop
  endfacet
  facet normal 0.555782 0.755242 0.347441
    outer loop
      vertex 21.5455 131.507 57.7896
      vertex 21.725 130.374 59.9653
      vertex 21.725 131.398 57.7394
    endloop
  endfacet
  facet normal 0.658861 -0.68341 -0.314409
    outer loop
      vertex 21.3833 132.732 61.0499
      vertex 21.5455 133.885 58.8836
      vertex 21.5455 132.861 61.1094
    endloop
  endfacet
  facet normal 0.658861 -0.68341 -0.314409
    outer loop
      vertex 21.5455 133.885 58.8836
      vertex 21.3833 132.732 61.0499
      vertex 21.3833 133.756 58.8241
    endloop
  endfacet
  facet normal -0.947036 0.291733 0.134215
    outer loop
      vertex 24.0744 132.122 58.0727
      vertex 24.1438 131.284 60.3839
      vertex 24.1438 132.308 58.1581
    endloop
  endfacet
  facet normal -0.947036 0.291733 0.134215
    outer loop
      vertex 24.1438 131.284 60.3839
      vertex 24.0744 132.122 58.0727
      vertex 24.0744 131.098 60.2985
    endloop
  endfacet
  facet normal 0.980744 -0.177424 -0.0816256
    outer loop
      vertex 20.9562 132.06 60.7408
      vertex 20.9141 132.892 58.4265
      vertex 20.9562 133.084 58.515
    endloop
  endfacet
  facet normal 0.980736 -0.177459 -0.0816381
    outer loop
      vertex 20.9141 132.892 58.4265
      vertex 20.9562 132.06 60.7408
      vertex 20.9141 131.868 60.6524
    endloop
  endfacet
  facet normal -0.443183 0.814387 0.37465
    outer loop
      vertex 23.375 131.398 57.7394
      vertex 23.1814 130.287 59.9254
      vertex 23.375 130.374 59.9653
    endloop
  endfacet
  facet normal -0.443027 0.814451 0.374696
    outer loop
      vertex 23.1814 130.287 59.9254
      vertex 23.375 131.398 57.7394
      vertex 23.1814 131.311 57.6996
    endloop
  endfacet
  facet normal 0.321455 -0.86026 -0.395753
    outer loop
      vertex 21.9186 133.057 61.1994
      vertex 22.1229 134.144 59.0025
      vertex 22.1229 133.12 61.2284
    endloop
  endfacet
  facet normal 0.321281 -0.860306 -0.395792
    outer loop
      vertex 22.1229 134.144 59.0025
      vertex 21.9186 133.057 61.1994
      vertex 21.9186 134.081 58.9736
    endloop
  endfacet
  facet normal 0.321455 0.860253 0.395767
    outer loop
      vertex 22.1229 130.224 59.8964
      vertex 21.9186 131.311 57.6996
      vertex 21.9186 130.287 59.9254
    endloop
  endfacet
  facet normal 0.321455 0.860253 0.395767
    outer loop
      vertex 21.9186 131.311 57.6996
      vertex 22.1229 130.224 59.8964
      vertex 22.1229 131.248 57.6706
    endloop
  endfacet
  facet normal 0.980744 0.177424 0.0816256
    outer loop
      vertex 20.9141 131.476 60.4724
      vertex 20.9562 132.308 58.1581
      vertex 20.9141 132.5 58.2466
    endloop
  endfacet
  facet normal 0.980744 0.177424 0.0816256
    outer loop
      vertex 20.9562 132.308 58.1581
      vertex 20.9141 131.476 60.4724
      vertex 20.9562 131.284 60.3839
    endloop
  endfacet
  facet normal -0.831446 0.50484 0.232019
    outer loop
      vertex 23.859 131.783 57.9168
      vertex 23.9789 130.923 60.2177
      vertex 23.9789 131.946 57.9918
    endloop
  endfacet
  facet normal -0.831446 0.50484 0.232019
    outer loop
      vertex 23.9789 130.923 60.2177
      vertex 23.859 131.783 57.9168
      vertex 23.859 130.76 60.1427
    endloop
  endfacet
  facet normal -0.194056 0.8912 0.410005
    outer loop
      vertex 22.9771 131.248 57.6706
      vertex 22.7654 130.186 59.8788
      vertex 22.9771 130.224 59.8964
    endloop
  endfacet
  facet normal -0.194056 0.8912 0.410005
    outer loop
      vertex 22.7654 130.186 59.8788
      vertex 22.9771 131.248 57.6706
      vertex 22.7654 131.21 57.653
    endloop
  endfacet
  facet normal 0.896089 -0.403316 -0.185368
    outer loop
      vertex 21.1211 132.422 60.9071
      vertex 21.0256 133.27 58.6004
      vertex 21.1211 133.445 58.6813
    endloop
  endfacet
  facet normal 0.896878 -0.401799 -0.184843
    outer loop
      vertex 21.0256 133.27 58.6004
      vertex 21.1211 132.422 60.9071
      vertex 21.0256 132.246 60.8263
    endloop
  endfacet
  facet normal 0.443183 0.814387 0.37465
    outer loop
      vertex 21.9186 130.287 59.9254
      vertex 21.725 131.398 57.7394
      vertex 21.725 130.374 59.9653
    endloop
  endfacet
  facet normal 0.443027 0.814451 0.374696
    outer loop
      vertex 21.725 131.398 57.7394
      vertex 21.9186 130.287 59.9254
      vertex 21.9186 131.311 57.6996
    endloop
  endfacet
  facet normal -0.555649 0.755318 0.347491
    outer loop
      vertex 23.5545 131.507 57.7896
      vertex 23.375 130.374 59.9653
      vertex 23.5545 130.483 60.0154
    endloop
  endfacet
  facet normal -0.555782 0.755242 0.347441
    outer loop
      vertex 23.375 130.374 59.9653
      vertex 23.5545 131.507 57.7896
      vertex 23.375 131.398 57.7394
    endloop
  endfacet
  facet normal 0.997869 -0.0592775 -0.0272699
    outer loop
      vertex 20.9141 131.868 60.6524
      vertex 20.9 132.696 58.3366
      vertex 20.9141 132.892 58.4265
    endloop
  endfacet
  facet normal 0.99787 -0.0592656 -0.0272657
    outer loop
      vertex 20.9 132.696 58.3366
      vertex 20.9141 131.868 60.6524
      vertex 20.9 131.672 60.5624
    endloop
  endfacet
  facet normal 0.896916 0.401726 0.184818
    outer loop
      vertex 21.0256 131.098 60.2985
      vertex 21.1211 131.946 57.9918
      vertex 21.0256 132.122 58.0727
    endloop
  endfacet
  facet normal 0.896051 0.403389 0.185393
    outer loop
      vertex 21.1211 131.946 57.9918
      vertex 21.0256 131.098 60.2985
      vertex 21.1211 130.923 60.2177
    endloop
  endfacet
  facet normal -0.752902 -0.597894 -0.275067
    outer loop
      vertex 23.859 133.608 58.7563
      vertex 23.7167 132.732 61.0499
      vertex 23.7167 133.756 58.8241
    endloop
  endfacet
  facet normal -0.751073 -0.599892 -0.275716
    outer loop
      vertex 23.7167 132.732 61.0499
      vertex 23.859 133.608 58.7563
      vertex 23.859 132.585 60.9821
    endloop
  endfacet
  facet normal -0.0661317 0.906481 0.417035
    outer loop
      vertex 22.7654 131.21 57.653
      vertex 22.55 130.173 59.8729
      vertex 22.7654 130.186 59.8788
    endloop
  endfacet
  facet normal -0.0661317 0.906481 0.417035
    outer loop
      vertex 22.55 130.173 59.8729
      vertex 22.7654 131.21 57.653
      vertex 22.55 131.197 57.6471
    endloop
  endfacet
  facet normal -0.980744 0.177424 0.0816256
    outer loop
      vertex 24.1438 132.308 58.1581
      vertex 24.1859 131.476 60.4724
      vertex 24.1859 132.5 58.2466
    endloop
  endfacet
  facet normal -0.980744 0.177424 0.0816256
    outer loop
      vertex 24.1859 131.476 60.4724
      vertex 24.1438 132.308 58.1581
      vertex 24.1438 131.284 60.3839
    endloop
  endfacet
  facet normal 0.947036 -0.291736 -0.13421
    outer loop
      vertex 21.0256 132.246 60.8263
      vertex 20.9562 133.084 58.515
      vertex 21.0256 133.27 58.6004
    endloop
  endfacet
  facet normal 0.947056 -0.29168 -0.13419
    outer loop
      vertex 20.9562 133.084 58.515
      vertex 21.0256 132.246 60.8263
      vertex 20.9562 132.06 60.7408
    endloop
  endfacet
  facet normal 0.194056 0.8912 0.410005
    outer loop
      vertex 22.3346 130.186 59.8788
      vertex 22.1229 131.248 57.6706
      vertex 22.1229 130.224 59.8964
    endloop
  endfacet
  facet normal 0.194056 0.8912 0.410005
    outer loop
      vertex 22.1229 131.248 57.6706
      vertex 22.3346 130.186 59.8788
      vertex 22.3346 131.21 57.653
    endloop
  endfacet
  facet normal -0.658861 -0.68341 -0.314409
    outer loop
      vertex 23.5545 133.885 58.8836
      vertex 23.7167 132.732 61.0499
      vertex 23.5545 132.861 61.1094
    endloop
  endfacet
  facet normal -0.658861 -0.68341 -0.314409
    outer loop
      vertex 23.7167 132.732 61.0499
      vertex 23.5545 133.885 58.8836
      vertex 23.7167 133.756 58.8241
    endloop
  endfacet
  facet normal -0.555649 -0.755318 -0.347491
    outer loop
      vertex 23.375 133.994 58.9337
      vertex 23.5545 132.861 61.1094
      vertex 23.375 132.97 61.1595
    endloop
  endfacet
  facet normal -0.555649 -0.755318 -0.347491
    outer loop
      vertex 23.5545 132.861 61.1094
      vertex 23.375 133.994 58.9337
      vertex 23.5545 133.885 58.8836
    endloop
  endfacet
  facet normal 0.751073 0.599897 0.275706
    outer loop
      vertex 21.241 130.76 60.1427
      vertex 21.3833 131.636 57.849
      vertex 21.241 131.783 57.9168
    endloop
  endfacet
  facet normal 0.752902 0.597899 0.275057
    outer loop
      vertex 21.3833 131.636 57.849
      vertex 21.241 130.76 60.1427
      vertex 21.3833 130.612 60.0749
    endloop
  endfacet
  facet normal 0.99787 0.0592656 0.0272657
    outer loop
      vertex 20.9 131.672 60.5624
      vertex 20.9141 132.5 58.2466
      vertex 20.9 132.696 58.3366
    endloop
  endfacet
  facet normal 0.99787 0.0592656 0.0272657
    outer loop
      vertex 20.9141 132.5 58.2466
      vertex 20.9 131.672 60.5624
      vertex 20.9141 131.476 60.4724
    endloop
  endfacet
  facet normal 0.443183 -0.814381 -0.374663
    outer loop
      vertex 21.725 132.97 61.1595
      vertex 21.9186 134.081 58.9736
      vertex 21.9186 133.057 61.1994
    endloop
  endfacet
  facet normal 0.443183 -0.814381 -0.374663
    outer loop
      vertex 21.9186 134.081 58.9736
      vertex 21.725 132.97 61.1595
      vertex 21.725 133.994 58.9337
    endloop
  endfacet
  facet normal 0.752902 -0.597894 -0.275067
    outer loop
      vertex 21.3833 132.732 61.0499
      vertex 21.241 133.608 58.7563
      vertex 21.3833 133.756 58.8241
    endloop
  endfacet
  facet normal 0.751073 -0.599892 -0.275716
    outer loop
      vertex 21.241 133.608 58.7563
      vertex 21.3833 132.732 61.0499
      vertex 21.241 132.585 60.9821
    endloop
  endfacet
  facet normal 0.0661317 -0.906488 -0.41702
    outer loop
      vertex 22.3346 133.158 61.246
      vertex 22.55 134.195 59.026
      vertex 22.55 133.171 61.2519
    endloop
  endfacet
  facet normal 0.0661317 -0.906488 -0.41702
    outer loop
      vertex 22.55 134.195 59.026
      vertex 22.3346 133.158 61.246
      vertex 22.3346 134.182 59.0201
    endloop
  endfacet
  facet normal 0.555649 -0.755318 -0.347491
    outer loop
      vertex 21.5455 132.861 61.1094
      vertex 21.725 133.994 58.9337
      vertex 21.725 132.97 61.1595
    endloop
  endfacet
  facet normal 0.555649 -0.755318 -0.347491
    outer loop
      vertex 21.725 133.994 58.9337
      vertex 21.5455 132.861 61.1094
      vertex 21.5455 133.885 58.8836
    endloop
  endfacet
  facet normal 0.0661317 0.906481 0.417035
    outer loop
      vertex 22.55 130.173 59.8729
      vertex 22.3346 131.21 57.653
      vertex 22.3346 130.186 59.8788
    endloop
  endfacet
  facet normal 0.0661317 0.906481 0.417035
    outer loop
      vertex 22.3346 131.21 57.653
      vertex 22.55 130.173 59.8729
      vertex 22.55 131.197 57.6471
    endloop
  endfacet
  facet normal -0.658861 0.683415 0.314397
    outer loop
      vertex 23.7167 131.636 57.849
      vertex 23.5545 130.483 60.0154
      vertex 23.7167 130.612 60.0749
    endloop
  endfacet
  facet normal -0.658751 0.683497 0.314449
    outer loop
      vertex 23.5545 130.483 60.0154
      vertex 23.7167 131.636 57.849
      vertex 23.5545 131.507 57.7896
    endloop
  endfacet
  facet normal -0.751073 0.599897 0.275706
    outer loop
      vertex 23.7167 131.636 57.849
      vertex 23.859 130.76 60.1427
      vertex 23.859 131.783 57.9168
    endloop
  endfacet
  facet normal -0.752902 0.597899 0.275057
    outer loop
      vertex 23.859 130.76 60.1427
      vertex 23.7167 131.636 57.849
      vertex 23.7167 130.612 60.0749
    endloop
  endfacet
  facet normal 0.98088 0.176805 0.0813251
    outer loop
      vertex 169.814 27.0343 12.4344
      vertex 169.856 27.8658 10.1201
      vertex 169.814 28.0581 10.2086
    endloop
  endfacet
  facet normal 0.980873 0.17684 0.0813376
    outer loop
      vertex 169.856 27.8658 10.1201
      vertex 169.814 27.0343 12.4344
      vertex 169.856 26.842 12.346
    endloop
  endfacet
  facet normal -0.980889 -0.176767 -0.081304
    outer loop
      vertex 173.086 28.4494 10.3886
      vertex 173.044 27.618 12.7029
      vertex 173.044 28.6418 10.477
    endloop
  endfacet
  facet normal -0.98088 -0.176809 -0.0813186
    outer loop
      vertex 173.044 27.618 12.7029
      vertex 173.086 28.4494 10.3886
      vertex 173.086 27.4257 12.6144
    endloop
  endfacet
  facet normal -0.997893 -0.0589489 -0.0271121
    outer loop
      vertex 173.1 28.2538 10.2986
      vertex 173.086 27.4257 12.6144
      vertex 173.086 28.4494 10.3886
    endloop
  endfacet
  facet normal -0.997895 -0.0589232 -0.0271029
    outer loop
      vertex 173.086 27.4257 12.6144
      vertex 173.1 28.2538 10.2986
      vertex 173.1 27.23 12.5244
    endloop
  endfacet
  facet normal -0.946057 0.294356 0.135389
    outer loop
      vertex 172.974 27.6801 10.0347
      vertex 173.044 26.842 12.346
      vertex 173.044 27.8658 10.1201
    endloop
  endfacet
  facet normal -0.946078 0.294299 0.135369
    outer loop
      vertex 173.044 26.842 12.346
      vertex 172.974 27.6801 10.0347
      vertex 172.974 26.6563 12.2605
    endloop
  endfacet
  facet normal 0.194601 -0.89114 -0.409879
    outer loop
      vertex 171.023 28.678 13.1904
      vertex 171.235 29.74 10.9821
      vertex 171.235 28.7162 13.208
    endloop
  endfacet
  facet normal 0.195005 -0.891082 -0.409812
    outer loop
      vertex 171.235 29.74 10.9821
      vertex 171.023 28.678 13.1904
      vertex 171.023 29.7017 10.9645
    endloop
  endfacet
  facet normal -0.831232 -0.505067 -0.232293
    outer loop
      vertex 172.879 29.0033 10.6433
      vertex 172.759 28.1426 12.9441
      vertex 172.759 29.1663 10.7183
    endloop
  endfacet
  facet normal -0.831362 -0.504882 -0.23223
    outer loop
      vertex 172.759 28.1426 12.9441
      vertex 172.879 29.0033 10.6433
      vertex 172.879 27.9795 12.8691
    endloop
  endfacet
  facet normal 0.980889 -0.176767 -0.081304
    outer loop
      vertex 169.856 27.618 12.7029
      vertex 169.814 28.4494 10.3886
      vertex 169.856 28.6418 10.477
    endloop
  endfacet
  facet normal 0.98088 -0.176809 -0.0813186
    outer loop
      vertex 169.814 28.4494 10.3886
      vertex 169.856 27.618 12.7029
      vertex 169.814 27.4257 12.6144
    endloop
  endfacet
  facet normal -0.322256 0.860052 0.395552
    outer loop
      vertex 172.081 26.8688 9.66156
      vertex 171.877 25.782 11.8584
      vertex 172.081 25.8451 11.8874
    endloop
  endfacet
  facet normal -0.321861 0.860159 0.395641
    outer loop
      vertex 171.877 25.782 11.8584
      vertex 172.081 26.8688 9.66156
      vertex 171.877 26.8058 9.63257
    endloop
  endfacet
  facet normal -0.556429 -0.754869 -0.347217
    outer loop
      vertex 172.275 29.552 10.8957
      vertex 172.454 28.4193 13.0714
      vertex 172.275 28.5282 13.1215
    endloop
  endfacet
  facet normal -0.55672 -0.754705 -0.347107
    outer loop
      vertex 172.454 28.4193 13.0714
      vertex 172.275 29.552 10.8957
      vertex 172.454 29.443 10.8456
    endloop
  endfacet
  facet normal -0.194601 -0.89114 -0.409879
    outer loop
      vertex 171.665 29.74 10.9821
      vertex 171.877 28.678 13.1904
      vertex 171.665 28.7162 13.208
    endloop
  endfacet
  facet normal -0.195005 -0.891082 -0.409812
    outer loop
      vertex 171.877 28.678 13.1904
      vertex 171.665 29.74 10.9821
      vertex 171.877 29.7017 10.9645
    endloop
  endfacet
  facet normal -0.98088 0.176805 0.0813251
    outer loop
      vertex 173.044 27.8658 10.1201
      vertex 173.086 27.0343 12.4344
      vertex 173.086 28.0581 10.2086
    endloop
  endfacet
  facet normal -0.980873 0.17684 0.0813376
    outer loop
      vertex 173.086 27.0343 12.4344
      vertex 173.044 27.8658 10.1201
      vertex 173.044 26.842 12.346
    endloop
  endfacet
  facet normal -0.322256 -0.860056 -0.395543
    outer loop
      vertex 171.877 29.7017 10.9645
      vertex 172.081 28.6149 13.1614
      vertex 171.877 28.678 13.1904
    endloop
  endfacet
  facet normal -0.321705 -0.860205 -0.395668
    outer loop
      vertex 172.081 28.6149 13.1614
      vertex 171.877 29.7017 10.9645
      vertex 172.081 29.6387 10.9356
    endloop
  endfacet
  facet normal 0.556429 -0.754869 -0.347217
    outer loop
      vertex 170.446 28.4193 13.0714
      vertex 170.625 29.552 10.8957
      vertex 170.625 28.5282 13.1215
    endloop
  endfacet
  facet normal 0.55672 -0.754705 -0.347107
    outer loop
      vertex 170.625 29.552 10.8957
      vertex 170.446 28.4193 13.0714
      vertex 170.446 29.443 10.8456
    endloop
  endfacet
  facet normal -0.441434 0.815195 0.374957
    outer loop
      vertex 172.275 26.9556 9.70145
      vertex 172.081 25.8451 11.8874
      vertex 172.275 25.9318 11.9273
    endloop
  endfacet
  facet normal -0.441757 0.815064 0.374861
    outer loop
      vertex 172.081 25.8451 11.8874
      vertex 172.275 26.9556 9.70145
      vertex 172.081 26.8688 9.66156
    endloop
  endfacet
  facet normal -0.831356 0.504893 0.232227
    outer loop
      vertex 172.759 27.3412 9.87883
      vertex 172.879 26.4805 12.1797
      vertex 172.879 27.5043 9.95382
    endloop
  endfacet
  facet normal -0.831362 0.504885 0.232224
    outer loop
      vertex 172.879 26.4805 12.1797
      vertex 172.759 27.3412 9.87883
      vertex 172.759 26.3174 12.1047
    endloop
  endfacet
  facet normal 0.657741 -0.684335 -0.314742
    outer loop
      vertex 170.283 28.29 13.0119
      vertex 170.446 29.443 10.8456
      vertex 170.446 28.4193 13.0714
    endloop
  endfacet
  facet normal 0.657502 -0.684512 -0.314855
    outer loop
      vertex 170.446 29.443 10.8456
      vertex 170.283 28.29 13.0119
      vertex 170.283 29.3138 10.7861
    endloop
  endfacet
  facet normal 0.946057 0.294356 0.135389
    outer loop
      vertex 169.856 26.842 12.346
      vertex 169.926 27.6801 10.0347
      vertex 169.856 27.8658 10.1201
    endloop
  endfacet
  facet normal 0.946078 0.294299 0.135369
    outer loop
      vertex 169.926 27.6801 10.0347
      vertex 169.856 26.842 12.346
      vertex 169.926 26.6563 12.2605
    endloop
  endfacet
  facet normal -0.897752 -0.400196 -0.184078
    outer loop
      vertex 172.974 28.8274 10.5624
      vertex 172.879 27.9795 12.8691
      vertex 172.879 29.0033 10.6433
    endloop
  endfacet
  facet normal -0.897632 -0.400427 -0.184158
    outer loop
      vertex 172.879 27.9795 12.8691
      vertex 172.974 28.8274 10.5624
      vertex 172.974 27.8037 12.7883
    endloop
  endfacet
  facet normal -0.657741 -0.684335 -0.314742
    outer loop
      vertex 172.454 29.443 10.8456
      vertex 172.617 28.29 13.0119
      vertex 172.454 28.4193 13.0714
    endloop
  endfacet
  facet normal -0.657502 -0.684512 -0.314855
    outer loop
      vertex 172.617 28.29 13.0119
      vertex 172.454 29.443 10.8456
      vertex 172.617 29.3138 10.7861
    endloop
  endfacet
  facet normal 0.752504 0.598331 0.275205
    outer loop
      vertex 170.141 26.3174 12.1047
      vertex 170.283 27.1938 9.81102
      vertex 170.141 27.3412 9.87883
    endloop
  endfacet
  facet normal 0.752496 0.59834 0.275208
    outer loop
      vertex 170.283 27.1938 9.81102
      vertex 170.141 26.3174 12.1047
      vertex 170.283 26.17 12.0369
    endloop
  endfacet
  facet normal 0.657741 0.684328 0.314759
    outer loop
      vertex 170.446 26.0407 11.9774
      vertex 170.283 27.1938 9.81102
      vertex 170.283 26.17 12.0369
    endloop
  endfacet
  facet normal 0.657708 0.684352 0.314774
    outer loop
      vertex 170.283 27.1938 9.81102
      vertex 170.446 26.0407 11.9774
      vertex 170.446 27.0645 9.75155
    endloop
  endfacet
  facet normal -0.556429 0.754872 0.34721
    outer loop
      vertex 172.454 27.0645 9.75155
      vertex 172.275 25.9318 11.9273
      vertex 172.454 26.0407 11.9774
    endloop
  endfacet
  facet normal -0.556429 0.754872 0.34721
    outer loop
      vertex 172.275 25.9318 11.9273
      vertex 172.454 27.0645 9.75155
      vertex 172.275 26.9556 9.70145
    endloop
  endfacet
  facet normal -0.997895 0.0589232 0.0271029
    outer loop
      vertex 173.086 28.0581 10.2086
      vertex 173.1 27.23 12.5244
      vertex 173.1 28.2538 10.2986
    endloop
  endfacet
  facet normal -0.997895 0.0589232 0.0271029
    outer loop
      vertex 173.1 27.23 12.5244
      vertex 173.086 28.0581 10.2086
      vertex 173.086 27.0343 12.4344
    endloop
  endfacet
  facet normal 0.0654146 -0.906562 -0.416972
    outer loop
      vertex 171.235 28.7162 13.208
      vertex 171.45 29.7528 10.988
      vertex 171.45 28.729 13.2139
    endloop
  endfacet
  facet normal 0.0654146 -0.906562 -0.416972
    outer loop
      vertex 171.45 29.7528 10.988
      vertex 171.235 28.7162 13.208
      vertex 171.235 29.74 10.9821
    endloop
  endfacet
  facet normal -0.194601 0.891135 0.409889
    outer loop
      vertex 171.877 26.8058 9.63257
      vertex 171.665 25.7438 11.8408
      vertex 171.877 25.782 11.8584
    endloop
  endfacet
  facet normal -0.194601 0.891135 0.409889
    outer loop
      vertex 171.665 25.7438 11.8408
      vertex 171.877 26.8058 9.63257
      vertex 171.665 26.7676 9.61497
    endloop
  endfacet
  facet normal 0.322256 -0.860056 -0.395543
    outer loop
      vertex 170.819 28.6149 13.1614
      vertex 171.023 29.7017 10.9645
      vertex 171.023 28.678 13.1904
    endloop
  endfacet
  facet normal 0.321705 -0.860205 -0.395668
    outer loop
      vertex 171.023 29.7017 10.9645
      vertex 170.819 28.6149 13.1614
      vertex 170.819 29.6387 10.9356
    endloop
  endfacet
  facet normal 0.752678 -0.598146 -0.275129
    outer loop
      vertex 170.283 28.29 13.0119
      vertex 170.141 29.1663 10.7183
      vertex 170.283 29.3138 10.7861
    endloop
  endfacet
  facet normal 0.752496 -0.598346 -0.275194
    outer loop
      vertex 170.141 29.1663 10.7183
      vertex 170.283 28.29 13.0119
      vertex 170.141 28.1426 12.9441
    endloop
  endfacet
  facet normal 0.441434 0.815195 0.374957
    outer loop
      vertex 170.819 25.8451 11.8874
      vertex 170.625 26.9556 9.70145
      vertex 170.625 25.9318 11.9273
    endloop
  endfacet
  facet normal 0.441757 0.815064 0.374861
    outer loop
      vertex 170.625 26.9556 9.70145
      vertex 170.819 25.8451 11.8874
      vertex 170.819 26.8688 9.66156
    endloop
  endfacet
  facet normal -0.897662 0.400362 0.184154
    outer loop
      vertex 172.879 27.5043 9.95382
      vertex 172.974 26.6563 12.2605
      vertex 172.974 27.6801 10.0347
    endloop
  endfacet
  facet normal -0.897632 0.40042 0.184174
    outer loop
      vertex 172.974 26.6563 12.2605
      vertex 172.879 27.5043 9.95382
      vertex 172.879 26.4805 12.1797
    endloop
  endfacet
  facet normal 0.441434 -0.815192 -0.374964
    outer loop
      vertex 170.625 28.5282 13.1215
      vertex 170.819 29.6387 10.9356
      vertex 170.819 28.6149 13.1614
    endloop
  endfacet
  facet normal 0.441434 -0.815192 -0.374964
    outer loop
      vertex 170.819 29.6387 10.9356
      vertex 170.625 28.5282 13.1215
      vertex 170.625 29.552 10.8957
    endloop
  endfacet
  facet normal 0.897752 -0.400196 -0.184078
    outer loop
      vertex 170.021 27.9795 12.8691
      vertex 169.926 28.8274 10.5624
      vertex 170.021 29.0033 10.6433
    endloop
  endfacet
  facet normal 0.897632 -0.400427 -0.184158
    outer loop
      vertex 169.926 28.8274 10.5624
      vertex 170.021 27.9795 12.8691
      vertex 169.926 27.8037 12.7883
    endloop
  endfacet
  facet normal -0.441434 -0.815192 -0.374964
    outer loop
      vertex 172.081 29.6387 10.9356
      vertex 172.275 28.5282 13.1215
      vertex 172.081 28.6149 13.1614
    endloop
  endfacet
  facet normal -0.441434 -0.815192 -0.374964
    outer loop
      vertex 172.275 28.5282 13.1215
      vertex 172.081 29.6387 10.9356
      vertex 172.275 29.552 10.8957
    endloop
  endfacet
  facet normal 0.997895 0.0589232 0.0271029
    outer loop
      vertex 169.8 27.23 12.5244
      vertex 169.814 28.0581 10.2086
      vertex 169.8 28.2538 10.2986
    endloop
  endfacet
  facet normal 0.997895 0.0589232 0.0271029
    outer loop
      vertex 169.814 28.0581 10.2086
      vertex 169.8 27.23 12.5244
      vertex 169.814 27.0343 12.4344
    endloop
  endfacet
  facet normal 0.997893 -0.0589489 -0.0271121
    outer loop
      vertex 169.814 27.4257 12.6144
      vertex 169.8 28.2538 10.2986
      vertex 169.814 28.4494 10.3886
    endloop
  endfacet
  facet normal 0.997895 -0.0589232 -0.0271029
    outer loop
      vertex 169.8 28.2538 10.2986
      vertex 169.814 27.4257 12.6144
      vertex 169.8 27.23 12.5244
    endloop
  endfacet
  facet normal 0.556429 0.754872 0.34721
    outer loop
      vertex 170.625 25.9318 11.9273
      vertex 170.446 27.0645 9.75155
      vertex 170.446 26.0407 11.9774
    endloop
  endfacet
  facet normal 0.556429 0.754872 0.34721
    outer loop
      vertex 170.446 27.0645 9.75155
      vertex 170.625 25.9318 11.9273
      vertex 170.625 26.9556 9.70145
    endloop
  endfacet
  facet normal 0.946013 -0.294478 -0.135431
    outer loop
      vertex 169.926 27.8037 12.7883
      vertex 169.856 28.6418 10.477
      vertex 169.926 28.8274 10.5624
    endloop
  endfacet
  facet normal 0.946057 -0.294356 -0.135389
    outer loop
      vertex 169.856 28.6418 10.477
      vertex 169.926 27.8037 12.7883
      vertex 169.856 27.618 12.7029
    endloop
  endfacet
  facet normal -0.0654146 -0.906562 -0.416972
    outer loop
      vertex 171.45 29.7528 10.988
      vertex 171.665 28.7162 13.208
      vertex 171.45 28.729 13.2139
    endloop
  endfacet
  facet normal -0.0654146 -0.906562 -0.416972
    outer loop
      vertex 171.665 28.7162 13.208
      vertex 171.45 29.7528 10.988
      vertex 171.665 29.74 10.9821
    endloop
  endfacet
  facet normal -0.752678 -0.598146 -0.275129
    outer loop
      vertex 172.759 29.1663 10.7183
      vertex 172.617 28.29 13.0119
      vertex 172.617 29.3138 10.7861
    endloop
  endfacet
  facet normal -0.752496 -0.598346 -0.275194
    outer loop
      vertex 172.617 28.29 13.0119
      vertex 172.759 29.1663 10.7183
      vertex 172.759 28.1426 12.9441
    endloop
  endfacet
  facet normal 0.831356 0.504893 0.232227
    outer loop
      vertex 170.021 26.4805 12.1797
      vertex 170.141 27.3412 9.87883
      vertex 170.021 27.5043 9.95382
    endloop
  endfacet
  facet normal 0.831362 0.504885 0.232224
    outer loop
      vertex 170.141 27.3412 9.87883
      vertex 170.021 26.4805 12.1797
      vertex 170.141 26.3174 12.1047
    endloop
  endfacet
  facet normal 0.897662 0.400362 0.184154
    outer loop
      vertex 169.926 26.6563 12.2605
      vertex 170.021 27.5043 9.95382
      vertex 169.926 27.6801 10.0347
    endloop
  endfacet
  facet normal 0.897632 0.40042 0.184174
    outer loop
      vertex 170.021 27.5043 9.95382
      vertex 169.926 26.6563 12.2605
      vertex 170.021 26.4805 12.1797
    endloop
  endfacet
  facet normal -0.946013 -0.294478 -0.135431
    outer loop
      vertex 173.044 28.6418 10.477
      vertex 172.974 27.8037 12.7883
      vertex 172.974 28.8274 10.5624
    endloop
  endfacet
  facet normal -0.946057 -0.294356 -0.135389
    outer loop
      vertex 172.974 27.8037 12.7883
      vertex 173.044 28.6418 10.477
      vertex 173.044 27.618 12.7029
    endloop
  endfacet
  facet normal 0.0654146 0.906557 0.416983
    outer loop
      vertex 171.45 25.731 11.8349
      vertex 171.235 26.7676 9.61497
      vertex 171.235 25.7438 11.8408
    endloop
  endfacet
  facet normal 0.0658344 0.906548 0.416938
    outer loop
      vertex 171.235 26.7676 9.61497
      vertex 171.45 25.731 11.8349
      vertex 171.45 26.7547 9.60907
    endloop
  endfacet
  facet normal 0.322256 0.860052 0.395552
    outer loop
      vertex 171.023 25.782 11.8584
      vertex 170.819 26.8688 9.66156
      vertex 170.819 25.8451 11.8874
    endloop
  endfacet
  facet normal 0.321861 0.860159 0.395641
    outer loop
      vertex 170.819 26.8688 9.66156
      vertex 171.023 25.782 11.8584
      vertex 171.023 26.8058 9.63257
    endloop
  endfacet
  facet normal 0.831232 -0.505067 -0.232293
    outer loop
      vertex 170.141 28.1426 12.9441
      vertex 170.021 29.0033 10.6433
      vertex 170.141 29.1663 10.7183
    endloop
  endfacet
  facet normal 0.831362 -0.504882 -0.23223
    outer loop
      vertex 170.021 29.0033 10.6433
      vertex 170.141 28.1426 12.9441
      vertex 170.021 27.9795 12.8691
    endloop
  endfacet
  facet normal -0.0654146 0.906557 0.416983
    outer loop
      vertex 171.665 26.7676 9.61497
      vertex 171.45 25.731 11.8349
      vertex 171.665 25.7438 11.8408
    endloop
  endfacet
  facet normal -0.0658344 0.906548 0.416938
    outer loop
      vertex 171.45 25.731 11.8349
      vertex 171.665 26.7676 9.61497
      vertex 171.45 26.7547 9.60907
    endloop
  endfacet
  facet normal -0.752504 0.598331 0.275205
    outer loop
      vertex 172.617 27.1938 9.81102
      vertex 172.759 26.3174 12.1047
      vertex 172.759 27.3412 9.87883
    endloop
  endfacet
  facet normal -0.752496 0.59834 0.275208
    outer loop
      vertex 172.759 26.3174 12.1047
      vertex 172.617 27.1938 9.81102
      vertex 172.617 26.17 12.0369
    endloop
  endfacet
  facet normal -0.657741 0.684328 0.314759
    outer loop
      vertex 172.617 27.1938 9.81102
      vertex 172.454 26.0407 11.9774
      vertex 172.617 26.17 12.0369
    endloop
  endfacet
  facet normal -0.657708 0.684352 0.314774
    outer loop
      vertex 172.454 26.0407 11.9774
      vertex 172.617 27.1938 9.81102
      vertex 172.454 27.0645 9.75155
    endloop
  endfacet
  facet normal 0.194601 0.891135 0.409889
    outer loop
      vertex 171.235 25.7438 11.8408
      vertex 171.023 26.8058 9.63257
      vertex 171.023 25.782 11.8584
    endloop
  endfacet
  facet normal 0.194601 0.891135 0.409889
    outer loop
      vertex 171.023 26.8058 9.63257
      vertex 171.235 25.7438 11.8408
      vertex 171.235 26.7676 9.61497
    endloop
  endfacet
  facet normal 0.980832 0.177019 0.0814391
    outer loop
      vertex 169.814 131.476 60.4724
      vertex 169.856 132.308 58.1581
      vertex 169.814 132.5 58.2466
    endloop
  endfacet
  facet normal 0.980832 0.177019 0.0814391
    outer loop
      vertex 169.856 132.308 58.1581
      vertex 169.814 131.476 60.4724
      vertex 169.856 131.284 60.3839
    endloop
  endfacet
  facet normal -0.980832 -0.177019 -0.0814391
    outer loop
      vertex 173.086 132.892 58.4265
      vertex 173.044 132.06 60.7408
      vertex 173.044 133.084 58.515
    endloop
  endfacet
  facet normal -0.980825 -0.177054 -0.0814516
    outer loop
      vertex 173.044 132.06 60.7408
      vertex 173.086 132.892 58.4265
      vertex 173.086 131.868 60.6524
    endloop
  endfacet
  facet normal -0.997899 -0.0588588 -0.0270773
    outer loop
      vertex 173.1 132.696 58.3366
      vertex 173.086 131.868 60.6524
      vertex 173.086 132.892 58.4265
    endloop
  endfacet
  facet normal -0.9979 -0.058847 -0.0270731
    outer loop
      vertex 173.086 131.868 60.6524
      vertex 173.1 132.696 58.3366
      vertex 173.1 131.672 60.5624
    endloop
  endfacet
  facet normal -0.94619 0.293992 0.135254
    outer loop
      vertex 172.974 132.122 58.0727
      vertex 173.044 131.284 60.3839
      vertex 173.044 132.308 58.1581
    endloop
  endfacet
  facet normal -0.94619 0.293992 0.135254
    outer loop
      vertex 173.044 131.284 60.3839
      vertex 172.974 132.122 58.0727
      vertex 172.974 131.098 60.2985
    endloop
  endfacet
  facet normal 0.193792 -0.891255 -0.410012
    outer loop
      vertex 171.023 133.12 61.2284
      vertex 171.235 134.182 59.0201
      vertex 171.235 133.158 61.246
    endloop
  endfacet
  facet normal 0.193792 -0.891255 -0.410012
    outer loop
      vertex 171.235 134.182 59.0201
      vertex 171.023 133.12 61.2284
      vertex 171.023 134.144 59.0025
    endloop
  endfacet
  facet normal -0.831232 -0.505127 -0.232162
    outer loop
      vertex 172.879 133.445 58.6813
      vertex 172.759 132.585 60.9821
      vertex 172.759 133.608 58.7563
    endloop
  endfacet
  facet normal -0.831232 -0.505127 -0.232162
    outer loop
      vertex 172.759 132.585 60.9821
      vertex 172.879 133.445 58.6813
      vertex 172.879 132.422 60.9071
    endloop
  endfacet
  facet normal 0.980832 -0.177019 -0.0814391
    outer loop
      vertex 169.856 132.06 60.7408
      vertex 169.814 132.892 58.4265
      vertex 169.856 133.084 58.515
    endloop
  endfacet
  facet normal 0.980825 -0.177054 -0.0814516
    outer loop
      vertex 169.814 132.892 58.4265
      vertex 169.856 132.06 60.7408
      vertex 169.814 131.868 60.6524
    endloop
  endfacet
  facet normal -0.321878 0.860122 0.395707
    outer loop
      vertex 172.081 131.311 57.6996
      vertex 171.877 130.224 59.8964
      vertex 172.081 130.287 59.9254
    endloop
  endfacet
  facet normal -0.321878 0.860122 0.395707
    outer loop
      vertex 171.877 130.224 59.8964
      vertex 172.081 131.311 57.6996
      vertex 171.877 131.248 57.6706
    endloop
  endfacet
  facet normal -0.55672 -0.754666 -0.347191
    outer loop
      vertex 172.275 133.994 58.9337
      vertex 172.454 132.861 61.1094
      vertex 172.275 132.97 61.1595
    endloop
  endfacet
  facet normal -0.55672 -0.754666 -0.347191
    outer loop
      vertex 172.454 132.861 61.1094
      vertex 172.275 133.994 58.9337
      vertex 172.454 133.885 58.8836
    endloop
  endfacet
  facet normal -0.193792 -0.891255 -0.410012
    outer loop
      vertex 171.665 134.182 59.0201
      vertex 171.877 133.12 61.2284
      vertex 171.665 133.158 61.246
    endloop
  endfacet
  facet normal -0.193792 -0.891255 -0.410012
    outer loop
      vertex 171.877 133.12 61.2284
      vertex 171.665 134.182 59.0201
      vertex 171.877 134.144 59.0025
    endloop
  endfacet
  facet normal -0.980832 0.177019 0.0814391
    outer loop
      vertex 173.044 132.308 58.1581
      vertex 173.086 131.476 60.4724
      vertex 173.086 132.5 58.2466
    endloop
  endfacet
  facet normal -0.980832 0.177019 0.0814391
    outer loop
      vertex 173.086 131.476 60.4724
      vertex 173.044 132.308 58.1581
      vertex 173.044 131.284 60.3839
    endloop
  endfacet
  facet normal -0.321878 -0.860129 -0.395693
    outer loop
      vertex 171.877 134.144 59.0025
      vertex 172.081 133.057 61.1994
      vertex 171.877 133.12 61.2284
    endloop
  endfacet
  facet normal -0.321705 -0.860176 -0.395732
    outer loop
      vertex 172.081 133.057 61.1994
      vertex 171.877 134.144 59.0025
      vertex 172.081 134.081 58.9736
    endloop
  endfacet
  facet normal 0.55672 -0.754666 -0.347191
    outer loop
      vertex 170.446 132.861 61.1094
      vertex 170.625 133.994 58.9337
      vertex 170.625 132.97 61.1595
    endloop
  endfacet
  facet normal 0.55672 -0.754666 -0.347191
    outer loop
      vertex 170.625 133.994 58.9337
      vertex 170.446 132.861 61.1094
      vertex 170.446 133.885 58.8836
    endloop
  endfacet
  facet normal -0.442448 0.814717 0.374801
    outer loop
      vertex 172.275 131.398 57.7394
      vertex 172.081 130.287 59.9254
      vertex 172.275 130.374 59.9653
    endloop
  endfacet
  facet normal -0.442293 0.81478 0.374847
    outer loop
      vertex 172.081 130.287 59.9254
      vertex 172.275 131.398 57.7394
      vertex 172.081 131.311 57.6996
    endloop
  endfacet
  facet normal -0.831232 0.505131 0.232153
    outer loop
      vertex 172.759 131.783 57.9168
      vertex 172.879 130.923 60.2177
      vertex 172.879 131.946 57.9918
    endloop
  endfacet
  facet normal -0.831232 0.505131 0.232153
    outer loop
      vertex 172.879 130.923 60.2177
      vertex 172.759 131.783 57.9168
      vertex 172.759 130.76 60.1427
    endloop
  endfacet
  facet normal 0.657025 -0.684867 -0.315079
    outer loop
      vertex 170.283 132.732 61.0499
      vertex 170.446 133.885 58.8836
      vertex 170.446 132.861 61.1094
    endloop
  endfacet
  facet normal 0.657025 -0.684867 -0.315079
    outer loop
      vertex 170.446 133.885 58.8836
      vertex 170.283 132.732 61.0499
      vertex 170.283 133.756 58.8241
    endloop
  endfacet
  facet normal 0.94619 0.293992 0.135254
    outer loop
      vertex 169.856 131.284 60.3839
      vertex 169.926 132.122 58.0727
      vertex 169.856 132.308 58.1581
    endloop
  endfacet
  facet normal 0.94619 0.293992 0.135254
    outer loop
      vertex 169.926 132.122 58.0727
      vertex 169.856 131.284 60.3839
      vertex 169.926 131.098 60.2985
    endloop
  endfacet
  facet normal -0.897012 -0.401617 -0.184587
    outer loop
      vertex 172.974 133.27 58.6004
      vertex 172.879 132.422 60.9071
      vertex 172.879 133.445 58.6813
    endloop
  endfacet
  facet normal -0.897796 -0.400104 -0.184063
    outer loop
      vertex 172.879 132.422 60.9071
      vertex 172.974 133.27 58.6004
      vertex 172.974 132.246 60.8263
    endloop
  endfacet
  facet normal -0.657025 -0.684867 -0.315079
    outer loop
      vertex 172.454 133.885 58.8836
      vertex 172.617 132.732 61.0499
      vertex 172.454 132.861 61.1094
    endloop
  endfacet
  facet normal -0.657025 -0.684867 -0.315079
    outer loop
      vertex 172.617 132.732 61.0499
      vertex 172.454 133.885 58.8836
      vertex 172.617 133.756 58.8241
    endloop
  endfacet
  facet normal 0.751763 0.599182 0.275378
    outer loop
      vertex 170.141 130.76 60.1427
      vertex 170.283 131.636 57.849
      vertex 170.141 131.783 57.9168
    endloop
  endfacet
  facet normal 0.753589 0.597183 0.274727
    outer loop
      vertex 170.283 131.636 57.849
      vertex 170.141 130.76 60.1427
      vertex 170.283 130.612 60.0749
    endloop
  endfacet
  facet normal 0.657025 0.684872 0.315068
    outer loop
      vertex 170.446 130.483 60.0154
      vertex 170.283 131.636 57.849
      vertex 170.283 130.612 60.0749
    endloop
  endfacet
  facet normal 0.656915 0.684954 0.31512
    outer loop
      vertex 170.283 131.636 57.849
      vertex 170.446 130.483 60.0154
      vertex 170.446 131.507 57.7896
    endloop
  endfacet
  facet normal -0.55672 0.754666 0.347191
    outer loop
      vertex 172.454 131.507 57.7896
      vertex 172.275 130.374 59.9653
      vertex 172.454 130.483 60.0154
    endloop
  endfacet
  facet normal -0.556854 0.754591 0.347141
    outer loop
      vertex 172.275 130.374 59.9653
      vertex 172.454 131.507 57.7896
      vertex 172.275 131.398 57.7394
    endloop
  endfacet
  facet normal -0.9979 0.058847 0.0270731
    outer loop
      vertex 173.086 132.5 58.2466
      vertex 173.1 131.672 60.5624
      vertex 173.1 132.696 58.3366
    endloop
  endfacet
  facet normal -0.9979 0.058847 0.0270731
    outer loop
      vertex 173.1 131.672 60.5624
      vertex 173.086 132.5 58.2466
      vertex 173.086 131.476 60.4724
    endloop
  endfacet
  facet normal 0.0662542 -0.906481 -0.417016
    outer loop
      vertex 171.235 133.158 61.246
      vertex 171.45 134.195 59.026
      vertex 171.45 133.171 61.2519
    endloop
  endfacet
  facet normal 0.0662542 -0.906481 -0.417016
    outer loop
      vertex 171.45 134.195 59.026
      vertex 171.235 133.158 61.246
      vertex 171.235 134.182 59.0201
    endloop
  endfacet
  facet normal -0.193792 0.891248 0.410027
    outer loop
      vertex 171.877 131.248 57.6706
      vertex 171.665 130.186 59.8788
      vertex 171.877 130.224 59.8964
    endloop
  endfacet
  facet normal -0.193792 0.891248 0.410027
    outer loop
      vertex 171.665 130.186 59.8788
      vertex 171.877 131.248 57.6706
      vertex 171.665 131.21 57.653
    endloop
  endfacet
  facet normal 0.321878 -0.860129 -0.395693
    outer loop
      vertex 170.819 133.057 61.1994
      vertex 171.023 134.144 59.0025
      vertex 171.023 133.12 61.2284
    endloop
  endfacet
  facet normal 0.321705 -0.860176 -0.395732
    outer loop
      vertex 171.023 134.144 59.0025
      vertex 170.819 133.057 61.1994
      vertex 170.819 134.081 58.9736
    endloop
  endfacet
  facet normal 0.753589 -0.597179 -0.274738
    outer loop
      vertex 170.283 132.732 61.0499
      vertex 170.141 133.608 58.7563
      vertex 170.283 133.756 58.8241
    endloop
  endfacet
  facet normal 0.751763 -0.599177 -0.275388
    outer loop
      vertex 170.141 133.608 58.7563
      vertex 170.283 132.732 61.0499
      vertex 170.141 132.585 60.9821
    endloop
  endfacet
  facet normal 0.442448 0.814717 0.374801
    outer loop
      vertex 170.819 130.287 59.9254
      vertex 170.625 131.398 57.7394
      vertex 170.625 130.374 59.9653
    endloop
  endfacet
  facet normal 0.442293 0.81478 0.374847
    outer loop
      vertex 170.625 131.398 57.7394
      vertex 170.819 130.287 59.9254
      vertex 170.819 131.311 57.6996
    endloop
  endfacet
  facet normal -0.897833 0.400031 0.184038
    outer loop
      vertex 172.879 131.946 57.9918
      vertex 172.974 131.098 60.2985
      vertex 172.974 132.122 58.0727
    endloop
  endfacet
  facet normal -0.896974 0.401691 0.184613
    outer loop
      vertex 172.974 131.098 60.2985
      vertex 172.879 131.946 57.9918
      vertex 172.879 130.923 60.2177
    endloop
  endfacet
  facet normal 0.442448 -0.814711 -0.374815
    outer loop
      vertex 170.625 132.97 61.1595
      vertex 170.819 134.081 58.9736
      vertex 170.819 133.057 61.1994
    endloop
  endfacet
  facet normal 0.442448 -0.814711 -0.374815
    outer loop
      vertex 170.819 134.081 58.9736
      vertex 170.625 132.97 61.1595
      vertex 170.625 133.994 58.9337
    endloop
  endfacet
  facet normal -0.751763 0.599182 0.275378
    outer loop
      vertex 172.617 131.636 57.849
      vertex 172.759 130.76 60.1427
      vertex 172.759 131.783 57.9168
    endloop
  endfacet
  facet normal -0.753589 0.597183 0.274727
    outer loop
      vertex 172.759 130.76 60.1427
      vertex 172.617 131.636 57.849
      vertex 172.617 130.612 60.0749
    endloop
  endfacet
  facet normal 0.897012 -0.401617 -0.184587
    outer loop
      vertex 170.021 132.422 60.9071
      vertex 169.926 133.27 58.6004
      vertex 170.021 133.445 58.6813
    endloop
  endfacet
  facet normal 0.897796 -0.400104 -0.184063
    outer loop
      vertex 169.926 133.27 58.6004
      vertex 170.021 132.422 60.9071
      vertex 169.926 132.246 60.8263
    endloop
  endfacet
  facet normal -0.442448 -0.814711 -0.374815
    outer loop
      vertex 172.081 134.081 58.9736
      vertex 172.275 132.97 61.1595
      vertex 172.081 133.057 61.1994
    endloop
  endfacet
  facet normal -0.442448 -0.814711 -0.374815
    outer loop
      vertex 172.275 132.97 61.1595
      vertex 172.081 134.081 58.9736
      vertex 172.275 133.994 58.9337
    endloop
  endfacet
  facet normal 0.9979 0.058847 0.0270731
    outer loop
      vertex 169.8 131.672 60.5624
      vertex 169.814 132.5 58.2466
      vertex 169.8 132.696 58.3366
    endloop
  endfacet
  facet normal 0.9979 0.058847 0.0270731
    outer loop
      vertex 169.814 132.5 58.2466
      vertex 169.8 131.672 60.5624
      vertex 169.814 131.476 60.4724
    endloop
  endfacet
  facet normal 0.997899 -0.0588588 -0.0270773
    outer loop
      vertex 169.814 131.868 60.6524
      vertex 169.8 132.696 58.3366
      vertex 169.814 132.892 58.4265
    endloop
  endfacet
  facet normal 0.9979 -0.058847 -0.0270731
    outer loop
      vertex 169.8 132.696 58.3366
      vertex 169.814 131.868 60.6524
      vertex 169.8 131.672 60.5624
    endloop
  endfacet
  facet normal 0.55672 0.754666 0.347191
    outer loop
      vertex 170.625 130.374 59.9653
      vertex 170.446 131.507 57.7896
      vertex 170.446 130.483 60.0154
    endloop
  endfacet
  facet normal 0.556854 0.754591 0.347141
    outer loop
      vertex 170.446 131.507 57.7896
      vertex 170.625 130.374 59.9653
      vertex 170.625 131.398 57.7394
    endloop
  endfacet
  facet normal 0.94619 -0.293995 -0.135249
    outer loop
      vertex 169.926 132.246 60.8263
      vertex 169.856 133.084 58.515
      vertex 169.926 133.27 58.6004
    endloop
  endfacet
  facet normal 0.94621 -0.293939 -0.135229
    outer loop
      vertex 169.856 133.084 58.515
      vertex 169.926 132.246 60.8263
      vertex 169.856 132.06 60.7408
    endloop
  endfacet
  facet normal -0.0662542 -0.906481 -0.417016
    outer loop
      vertex 171.45 134.195 59.026
      vertex 171.665 133.158 61.246
      vertex 171.45 133.171 61.2519
    endloop
  endfacet
  facet normal -0.0662542 -0.906481 -0.417016
    outer loop
      vertex 171.665 133.158 61.246
      vertex 171.45 134.195 59.026
      vertex 171.665 134.182 59.0201
    endloop
  endfacet
  facet normal -0.753589 -0.597179 -0.274738
    outer loop
      vertex 172.759 133.608 58.7563
      vertex 172.617 132.732 61.0499
      vertex 172.617 133.756 58.8241
    endloop
  endfacet
  facet normal -0.751763 -0.599177 -0.275388
    outer loop
      vertex 172.617 132.732 61.0499
      vertex 172.759 133.608 58.7563
      vertex 172.759 132.585 60.9821
    endloop
  endfacet
  facet normal 0.831232 0.505131 0.232153
    outer loop
      vertex 170.021 130.923 60.2177
      vertex 170.141 131.783 57.9168
      vertex 170.021 131.946 57.9918
    endloop
  endfacet
  facet normal 0.831232 0.505131 0.232153
    outer loop
      vertex 170.141 131.783 57.9168
      vertex 170.021 130.923 60.2177
      vertex 170.141 130.76 60.1427
    endloop
  endfacet
  facet normal 0.897833 0.400031 0.184038
    outer loop
      vertex 169.926 131.098 60.2985
      vertex 170.021 131.946 57.9918
      vertex 169.926 132.122 58.0727
    endloop
  endfacet
  facet normal 0.896974 0.401691 0.184613
    outer loop
      vertex 170.021 131.946 57.9918
      vertex 169.926 131.098 60.2985
      vertex 170.021 130.923 60.2177
    endloop
  endfacet
  facet normal -0.94619 -0.293995 -0.135249
    outer loop
      vertex 173.044 133.084 58.515
      vertex 172.974 132.246 60.8263
      vertex 172.974 133.27 58.6004
    endloop
  endfacet
  facet normal -0.94621 -0.293939 -0.135229
    outer loop
      vertex 172.974 132.246 60.8263
      vertex 173.044 133.084 58.515
      vertex 173.044 132.06 60.7408
    endloop
  endfacet
  facet normal 0.0662542 0.906474 0.417032
    outer loop
      vertex 171.45 130.173 59.8729
      vertex 171.235 131.21 57.653
      vertex 171.235 130.186 59.8788
    endloop
  endfacet
  facet normal 0.0662542 0.906474 0.417032
    outer loop
      vertex 171.235 131.21 57.653
      vertex 171.45 130.173 59.8729
      vertex 171.45 131.197 57.6471
    endloop
  endfacet
  facet normal 0.321878 0.860122 0.395707
    outer loop
      vertex 171.023 130.224 59.8964
      vertex 170.819 131.311 57.6996
      vertex 170.819 130.287 59.9254
    endloop
  endfacet
  facet normal 0.321878 0.860122 0.395707
    outer loop
      vertex 170.819 131.311 57.6996
      vertex 171.023 130.224 59.8964
      vertex 171.023 131.248 57.6706
    endloop
  endfacet
  facet normal 0.831232 -0.505127 -0.232162
    outer loop
      vertex 170.141 132.585 60.9821
      vertex 170.021 133.445 58.6813
      vertex 170.141 133.608 58.7563
    endloop
  endfacet
  facet normal 0.831232 -0.505127 -0.232162
    outer loop
      vertex 170.021 133.445 58.6813
      vertex 170.141 132.585 60.9821
      vertex 170.021 132.422 60.9071
    endloop
  endfacet
  facet normal -0.0662542 0.906474 0.417032
    outer loop
      vertex 171.665 131.21 57.653
      vertex 171.45 130.173 59.8729
      vertex 171.665 130.186 59.8788
    endloop
  endfacet
  facet normal -0.0662542 0.906474 0.417032
    outer loop
      vertex 171.45 130.173 59.8729
      vertex 171.665 131.21 57.653
      vertex 171.45 131.197 57.6471
    endloop
  endfacet
  facet normal -0.657025 0.684872 0.315068
    outer loop
      vertex 172.617 131.636 57.849
      vertex 172.454 130.483 60.0154
      vertex 172.617 130.612 60.0749
    endloop
  endfacet
  facet normal -0.656915 0.684954 0.31512
    outer loop
      vertex 172.454 130.483 60.0154
      vertex 172.617 131.636 57.849
      vertex 172.454 131.507 57.7896
    endloop
  endfacet
  facet normal 0.193792 0.891248 0.410027
    outer loop
      vertex 171.235 130.186 59.8788
      vertex 171.023 131.248 57.6706
      vertex 171.023 130.224 59.8964
    endloop
  endfacet
  facet normal 0.193792 0.891248 0.410027
    outer loop
      vertex 171.023 131.248 57.6706
      vertex 171.235 130.186 59.8788
      vertex 171.235 131.21 57.653
    endloop
  endfacet
  facet normal -1 0 0
    outer loop
      vertex 179.85 24.309 6.77805
      vertex 179.85 137.288 60.4489
      vertex 179.85 137.936 59.0407
    endloop
  endfacet
  facet normal -1 0 0
    outer loop
      vertex 179.85 137.288 60.4489
      vertex 179.85 24.309 6.77805
      vertex 179.85 23.6613 8.18624
    endloop
  endfacet
  facet normal 0.000527635 0.417262 -0.908786
    outer loop
      vertex 179.85 137.288 60.4489
      vertex 173.086 132.5 58.2466
      vertex 173.1 132.696 58.3366
    endloop
  endfacet
  facet normal -0.000741647 0.418742 -0.908105
    outer loop
      vertex 179.85 137.288 60.4489
      vertex 173.044 132.308 58.1581
      vertex 173.086 132.5 58.2466
    endloop
  endfacet
  facet normal 0.000789489 0.417015 -0.908899
    outer loop
      vertex 179.85 137.288 60.4489
      vertex 172.974 132.122 58.0727
      vertex 173.044 132.308 58.1581
    endloop
  endfacet
  facet normal 0.000355941 0.417491 -0.908681
    outer loop
      vertex 179.85 137.288 60.4489
      vertex 172.879 131.946 57.9918
      vertex 172.974 132.122 58.0727
    endloop
  endfacet
  facet normal 0.000193194 0.41788 -0.908502
    outer loop
      vertex 173.105 118.596 51.8513
      vertex 172.759 131.783 57.9168
      vertex 172.879 131.946 57.9918
    endloop
  endfacet
  facet normal 0.00115726 0.417901 -0.908492
    outer loop
      vertex 173.105 118.596 51.8513
      vertex 172.617 131.636 57.849
      vertex 172.759 131.783 57.9168
    endloop
  endfacet
  facet normal 0.000362285 0.417877 -0.908504
    outer loop
      vertex 173.105 118.596 51.8513
      vertex 172.454 131.507 57.7896
      vertex 172.617 131.636 57.849
    endloop
  endfacet
  facet normal 0.00032705 0.417875 -0.908504
    outer loop
      vertex 173.105 118.596 51.8513
      vertex 172.275 131.398 57.7394
      vertex 172.454 131.507 57.7896
    endloop
  endfacet
  facet normal -0.000975829 0.417805 -0.908536
    outer loop
      vertex 173.105 118.596 51.8513
      vertex 172.081 131.311 57.6996
      vertex 172.275 131.398 57.7394
    endloop
  endfacet
  facet normal 9.98257e-05 0.417877 -0.908504
    outer loop
      vertex 173.105 118.596 51.8513
      vertex 171.877 131.248 57.6706
      vertex 172.081 131.311 57.6996
    endloop
  endfacet
  facet normal 0.000513289 0.41791 -0.908488
    outer loop
      vertex 173.105 118.596 51.8513
      vertex 171.665 131.21 57.653
      vertex 171.877 131.248 57.6706
    endloop
  endfacet
  facet normal -0.000332538 0.41783 -0.908525
    outer loop
      vertex 173.105 118.596 51.8513
      vertex 171.45 131.197 57.6471
      vertex 171.665 131.21 57.653
    endloop
  endfacet
  facet normal 0.000337849 0.417903 -0.908492
    outer loop
      vertex 173.105 118.596 51.8513
      vertex 171.235 131.21 57.653
      vertex 171.45 131.197 57.6471
    endloop
  endfacet
  facet normal -0.000538121 0.417796 -0.908541
    outer loop
      vertex 173.105 118.596 51.8513
      vertex 171.023 131.248 57.6706
      vertex 171.235 131.21 57.653
    endloop
  endfacet
  facet normal -0.000108324 0.417854 -0.908514
    outer loop
      vertex 173.105 118.596 51.8513
      vertex 170.819 131.311 57.6996
      vertex 171.023 131.248 57.6706
    endloop
  endfacet
  facet normal 0.00109961 0.418033 -0.908431
    outer loop
      vertex 173.105 118.596 51.8513
      vertex 170.625 131.398 57.7394
      vertex 170.819 131.311 57.6996
    endloop
  endfacet
  facet normal -0.000385444 0.417796 -0.908541
    outer loop
      vertex 173.105 118.596 51.8513
      vertex 170.446 131.507 57.7896
      vertex 170.625 131.398 57.7394
    endloop
  endfacet
  facet normal -0.000450126 0.417785 -0.908546
    outer loop
      vertex 173.105 118.596 51.8513
      vertex 170.283 131.636 57.849
      vertex 170.446 131.507 57.7896
    endloop
  endfacet
  facet normal -0.0015494 0.417588 -0.908635
    outer loop
      vertex 173.105 118.596 51.8513
      vertex 170.141 131.783 57.9168
      vertex 170.283 131.636 57.849
    endloop
  endfacet
  facet normal -0.00028802 0.417823 -0.908529
    outer loop
      vertex 173.105 118.596 51.8513
      vertex 170.021 131.946 57.9918
      vertex 170.141 131.783 57.9168
    endloop
  endfacet
  facet normal 0.000892815 0.418048 -0.908425
    outer loop
      vertex 173.105 118.596 51.8513
      vertex 169.926 132.122 58.0727
      vertex 170.021 131.946 57.9918
    endloop
  endfacet
  facet normal 0.00526129 0.418889 -0.908022
    outer loop
      vertex 173.105 118.596 51.8513
      vertex 169.856 132.308 58.1581
      vertex 169.926 132.122 58.0727
    endloop
  endfacet
  facet normal 0 0.417293 -0.908772
    outer loop
      vertex 169.814 132.5 58.2466
      vertex 24.2 132.696 58.3366
      vertex 169.8 132.696 58.3366
    endloop
  endfacet
  facet normal 0 0.418608 -0.908167
    outer loop
      vertex 24.1859 132.5 58.2466
      vertex 169.814 132.5 58.2466
      vertex 169.856 132.308 58.1581
    endloop
  endfacet
  facet normal 0 0.417866 -0.908509
    outer loop
      vertex 24.1438 132.308 58.1581
      vertex 169.856 132.308 58.1581
      vertex 173.105 118.596 51.8513
    endloop
  endfacet
  facet normal 0 0.417293 -0.908772
    outer loop
      vertex 169.814 132.5 58.2466
      vertex 24.1859 132.5 58.2466
      vertex 24.2 132.696 58.3366
    endloop
  endfacet
  facet normal 0 0.418608 -0.908167
    outer loop
      vertex 169.856 132.308 58.1581
      vertex 24.1438 132.308 58.1581
      vertex 24.1859 132.5 58.2466
    endloop
  endfacet
  facet normal 0 0.417866 -0.908509
    outer loop
      vertex 20.895 118.596 51.8513
      vertex 24.1438 132.308 58.1581
      vertex 173.105 118.596 51.8513
    endloop
  endfacet
  facet normal -0.00538528 0.418913 -0.90801
    outer loop
      vertex 24.1438 132.308 58.1581
      vertex 20.895 118.596 51.8513
      vertex 24.0744 132.122 58.0727
    endloop
  endfacet
  facet normal -0.000884654 0.418046 -0.908425
    outer loop
      vertex 24.0744 132.122 58.0727
      vertex 20.895 118.596 51.8513
      vertex 23.9789 131.946 57.9918
    endloop
  endfacet
  facet normal 0.000288365 0.417823 -0.908529
    outer loop
      vertex 23.9789 131.946 57.9918
      vertex 20.895 118.596 51.8513
      vertex 23.859 131.783 57.9168
    endloop
  endfacet
  facet normal 0.00154514 0.417589 -0.908635
    outer loop
      vertex 23.859 131.783 57.9168
      vertex 20.895 118.596 51.8513
      vertex 23.7167 131.636 57.849
    endloop
  endfacet
  facet normal 0.000452797 0.417784 -0.908546
    outer loop
      vertex 23.7167 131.636 57.849
      vertex 20.895 118.596 51.8513
      vertex 23.5545 131.507 57.7896
    endloop
  endfacet
  facet normal 0.000384227 0.417796 -0.908541
    outer loop
      vertex 23.5545 131.507 57.7896
      vertex 20.895 118.596 51.8513
      vertex 23.375 131.398 57.7394
    endloop
  endfacet
  facet normal -0.0011021 0.418034 -0.908431
    outer loop
      vertex 23.375 131.398 57.7394
      vertex 20.895 118.596 51.8513
      vertex 23.1814 131.311 57.6996
    endloop
  endfacet
  facet normal 0.000108157 0.417854 -0.908514
    outer loop
      vertex 23.1814 131.311 57.6996
      vertex 20.895 118.596 51.8513
      vertex 22.9771 131.248 57.6706
    endloop
  endfacet
  facet normal 0.000538908 0.417796 -0.908541
    outer loop
      vertex 22.9771 131.248 57.6706
      vertex 20.895 118.596 51.8513
      vertex 22.7654 131.21 57.653
    endloop
  endfacet
  facet normal -0.000337217 0.417903 -0.908492
    outer loop
      vertex 22.7654 131.21 57.653
      vertex 20.895 118.596 51.8513
      vertex 22.55 131.197 57.6471
    endloop
  endfacet
  facet normal 0.000741957 0.418742 -0.908105
    outer loop
      vertex 20.9562 132.308 58.1581
      vertex 14.15 137.288 60.4489
      vertex 20.9141 132.5 58.2466
    endloop
  endfacet
  facet normal -0.000786893 0.417018 -0.908898
    outer loop
      vertex 21.0256 132.122 58.0727
      vertex 14.15 137.288 60.4489
      vertex 20.9562 132.308 58.1581
    endloop
  endfacet
  facet normal -0.000357259 0.41749 -0.908682
    outer loop
      vertex 21.1211 131.946 57.9918
      vertex 14.15 137.288 60.4489
      vertex 21.0256 132.122 58.0727
    endloop
  endfacet
  facet normal 2.56345e-06 0.417877 -0.908503
    outer loop
      vertex 14.15 137.288 60.4489
      vertex 21.1211 131.946 57.9918
      vertex 20.895 118.596 51.8513
    endloop
  endfacet
  facet normal -0.000193349 0.41788 -0.908502
    outer loop
      vertex 21.241 131.783 57.9168
      vertex 20.895 118.596 51.8513
      vertex 21.1211 131.946 57.9918
    endloop
  endfacet
  facet normal -0.00115489 0.417901 -0.908492
    outer loop
      vertex 21.3833 131.636 57.849
      vertex 20.895 118.596 51.8513
      vertex 21.241 131.783 57.9168
    endloop
  endfacet
  facet normal -0.000364014 0.417877 -0.908504
    outer loop
      vertex 21.5455 131.507 57.7896
      vertex 20.895 118.596 51.8513
      vertex 21.3833 131.636 57.849
    endloop
  endfacet
  facet normal -0.000326174 0.417875 -0.908504
    outer loop
      vertex 21.725 131.398 57.7394
      vertex 20.895 118.596 51.8513
      vertex 21.5455 131.507 57.7896
    endloop
  endfacet
  facet normal 0.000977788 0.417805 -0.908536
    outer loop
      vertex 21.9186 131.311 57.6996
      vertex 20.895 118.596 51.8513
      vertex 21.725 131.398 57.7394
    endloop
  endfacet
  facet normal -9.96836e-05 0.417877 -0.908504
    outer loop
      vertex 22.1229 131.248 57.6706
      vertex 20.895 118.596 51.8513
      vertex 21.9186 131.311 57.6996
    endloop
  endfacet
  facet normal -0.000514004 0.41791 -0.908488
    outer loop
      vertex 22.3346 131.21 57.653
      vertex 20.895 118.596 51.8513
      vertex 22.1229 131.248 57.6706
    endloop
  endfacet
  facet normal 0.000331925 0.41783 -0.908525
    outer loop
      vertex 22.55 131.197 57.6471
      vertex 20.895 118.596 51.8513
      vertex 22.3346 131.21 57.653
    endloop
  endfacet
  facet normal -4.69594e-06 0.417869 -0.908508
    outer loop
      vertex 179.85 23.6613 8.18624
      vertex 173.105 42.3538 16.7839
      vertex 179.85 137.288 60.4489
    endloop
  endfacet
  facet normal 0.0001066 0.418004 -0.908445
    outer loop
      vertex 173.086 28.4494 10.3886
      vertex 179.85 23.6613 8.18624
      vertex 173.1 28.2538 10.2986
    endloop
  endfacet
  facet normal -4.18773e-05 0.417824 -0.908528
    outer loop
      vertex 179.85 23.6613 8.18624
      vertex 173.086 28.0581 10.2086
      vertex 173.1 28.2538 10.2986
    endloop
  endfacet
  facet normal 0.000132695 0.418045 -0.908426
    outer loop
      vertex 179.85 23.6613 8.18624
      vertex 173.044 27.8658 10.1201
      vertex 173.086 28.0581 10.2086
    endloop
  endfacet
  facet normal -3.11952e-05 0.417826 -0.908527
    outer loop
      vertex 179.85 23.6613 8.18624
      vertex 172.974 27.6801 10.0347
      vertex 173.044 27.8658 10.1201
    endloop
  endfacet
  facet normal 4.64214e-05 0.417936 -0.908476
    outer loop
      vertex 179.85 23.6613 8.18624
      vertex 172.879 27.5043 9.95382
      vertex 172.974 27.6801 10.0347
    endloop
  endfacet
  facet normal -6.01072e-05 0.417777 -0.90855
    outer loop
      vertex 179.85 23.6613 8.18624
      vertex 172.759 27.3412 9.87883
      vertex 172.879 27.5043 9.95382
    endloop
  endfacet
  facet normal 2.68027e-05 0.417915 -0.908486
    outer loop
      vertex 179.85 23.6613 8.18624
      vertex 172.617 27.1938 9.81102
      vertex 172.759 27.3412 9.87883
    endloop
  endfacet
  facet normal -3.77528e-06 0.417863 -0.90851
    outer loop
      vertex 179.85 23.6613 8.18624
      vertex 172.454 27.0645 9.75155
      vertex 172.617 27.1938 9.81102
    endloop
  endfacet
  facet normal 2.44436e-05 0.417914 -0.908487
    outer loop
      vertex 179.85 23.6613 8.18624
      vertex 172.275 26.9556 9.70145
      vertex 172.454 27.0645 9.75155
    endloop
  endfacet
  facet normal -7.7502e-05 0.41772 -0.908576
    outer loop
      vertex 179.85 23.6613 8.18624
      vertex 172.081 26.8688 9.66156
      vertex 172.275 26.9556 9.70145
    endloop
  endfacet
  facet normal 3.19815e-05 0.417939 -0.908475
    outer loop
      vertex 179.85 23.6613 8.18624
      vertex 171.877 26.8058 9.63257
      vertex 172.081 26.8688 9.66156
    endloop
  endfacet
  facet normal 8.73568e-05 0.418055 -0.908422
    outer loop
      vertex 179.85 23.6613 8.18624
      vertex 171.665 26.7676 9.61497
      vertex 171.877 26.8058 9.63257
    endloop
  endfacet
  facet normal -0.000121528 0.417601 -0.908631
    outer loop
      vertex 179.85 23.6613 8.18624
      vertex 171.45 26.7547 9.60907
      vertex 171.665 26.7676 9.61497
    endloop
  endfacet
  facet normal 0.000168781 0.418251 -0.908331
    outer loop
      vertex 179.85 23.6613 8.18624
      vertex 171.235 26.7676 9.61497
      vertex 171.45 26.7547 9.60907
    endloop
  endfacet
  facet normal -0.000257631 0.417275 -0.90878
    outer loop
      vertex 179.85 23.6613 8.18624
      vertex 171.023 26.8058 9.63257
      vertex 171.235 26.7676 9.61497
    endloop
  endfacet
  facet normal -0.000428679 0.416879 -0.908962
    outer loop
      vertex 179.85 23.6613 8.18624
      vertex 170.819 26.8688 9.66156
      vertex 171.023 26.8058 9.63257
    endloop
  endfacet
  facet normal 0 0.417821 -0.908529
    outer loop
      vertex 169.814 28.0581 10.2086
      vertex 24.2 28.2538 10.2986
      vertex 169.8 28.2538 10.2986
    endloop
  endfacet
  facet normal 0 0.418069 -0.908415
    outer loop
      vertex 24.1859 28.0581 10.2086
      vertex 169.814 28.0581 10.2086
      vertex 169.856 27.8658 10.1201
    endloop
  endfacet
  facet normal 0 0.417817 -0.908531
    outer loop
      vertex 24.1438 27.8658 10.1201
      vertex 169.856 27.8658 10.1201
      vertex 169.926 27.6801 10.0347
    endloop
  endfacet
  facet normal 0 0.417957 -0.908467
    outer loop
      vertex 24.0744 27.6801 10.0347
      vertex 169.926 27.6801 10.0347
      vertex 170.021 27.5043 9.95382
    endloop
  endfacet
  facet normal 0 0.41774 -0.908567
    outer loop
      vertex 23.9789 27.5043 9.95382
      vertex 170.021 27.5043 9.95382
      vertex 170.141 27.3412 9.87883
    endloop
  endfacet
  facet normal 0 0.417936 -0.908476
    outer loop
      vertex 23.859 27.3412 9.87883
      vertex 170.141 27.3412 9.87883
      vertex 170.283 27.1938 9.81102
    endloop
  endfacet
  facet normal 0 0.417859 -0.908512
    outer loop
      vertex 23.7167 27.1938 9.81102
      vertex 170.283 27.1938 9.81102
      vertex 170.446 27.0645 9.75155
    endloop
  endfacet
  facet normal 0 0.417947 -0.908471
    outer loop
      vertex 23.5545 27.0645 9.75155
      vertex 170.446 27.0645 9.75155
      vertex 170.625 26.9556 9.70145
    endloop
  endfacet
  facet normal 0 0.417577 -0.908641
    outer loop
      vertex 23.375 26.9556 9.70145
      vertex 170.625 26.9556 9.70145
      vertex 170.819 26.8688 9.66156
    endloop
  endfacet
  facet normal 0 0.417875 -0.908504
    outer loop
      vertex 23.1814 26.8688 9.66156
      vertex 170.819 26.8688 9.66156
      vertex 179.85 23.6613 8.18624
    endloop
  endfacet
  facet normal 0 0.417821 -0.908529
    outer loop
      vertex 169.814 28.0581 10.2086
      vertex 24.1859 28.0581 10.2086
      vertex 24.2 28.2538 10.2986
    endloop
  endfacet
  facet normal 0 0.418069 -0.908415
    outer loop
      vertex 169.856 27.8658 10.1201
      vertex 24.1438 27.8658 10.1201
      vertex 24.1859 28.0581 10.2086
    endloop
  endfacet
  facet normal 0 0.417817 -0.908531
    outer loop
      vertex 169.926 27.6801 10.0347
      vertex 24.0744 27.6801 10.0347
      vertex 24.1438 27.8658 10.1201
    endloop
  endfacet
  facet normal 0 0.417957 -0.908467
    outer loop
      vertex 170.021 27.5043 9.95382
      vertex 23.9789 27.5043 9.95382
      vertex 24.0744 27.6801 10.0347
    endloop
  endfacet
  facet normal 0 0.41774 -0.908567
    outer loop
      vertex 170.141 27.3412 9.87883
      vertex 23.859 27.3412 9.87883
      vertex 23.9789 27.5043 9.95382
    endloop
  endfacet
  facet normal 0 0.417936 -0.908476
    outer loop
      vertex 170.283 27.1938 9.81102
      vertex 23.7167 27.1938 9.81102
      vertex 23.859 27.3412 9.87883
    endloop
  endfacet
  facet normal 0 0.417859 -0.908512
    outer loop
      vertex 170.446 27.0645 9.75155
      vertex 23.5545 27.0645 9.75155
      vertex 23.7167 27.1938 9.81102
    endloop
  endfacet
  facet normal 0 0.417947 -0.908471
    outer loop
      vertex 170.625 26.9556 9.70145
      vertex 23.375 26.9556 9.70145
      vertex 23.5545 27.0645 9.75155
    endloop
  endfacet
  facet normal 0 0.417577 -0.908641
    outer loop
      vertex 170.819 26.8688 9.66156
      vertex 23.1814 26.8688 9.66156
      vertex 23.375 26.9556 9.70145
    endloop
  endfacet
  facet normal 0 0.417875 -0.908504
    outer loop
      vertex 14.15 23.6613 8.18624
      vertex 23.1814 26.8688 9.66156
      vertex 179.85 23.6613 8.18624
    endloop
  endfacet
  facet normal 0.000424023 0.416889 -0.908957
    outer loop
      vertex 23.1814 26.8688 9.66156
      vertex 14.15 23.6613 8.18624
      vertex 22.9771 26.8058 9.63257
    endloop
  endfacet
  facet normal 0.000258374 0.417273 -0.908781
    outer loop
      vertex 22.9771 26.8058 9.63257
      vertex 14.15 23.6613 8.18624
      vertex 22.7654 26.7676 9.61497
    endloop
  endfacet
  facet normal 1.26117e-05 0.417866 -0.908509
    outer loop
      vertex 20.895 42.3538 16.7839
      vertex 14.15 23.6613 8.18624
      vertex 20.895 118.596 51.8513
    endloop
  endfacet
  facet normal -1.01831e-06 0.41787 -0.908507
    outer loop
      vertex 21.1211 29.0033 10.6433
      vertex 14.15 23.6613 8.18624
      vertex 20.895 42.3538 16.7839
    endloop
  endfacet
  facet normal 4.18634e-05 0.417824 -0.908528
    outer loop
      vertex 20.9141 28.0581 10.2086
      vertex 14.15 23.6613 8.18624
      vertex 20.9 28.2538 10.2986
    endloop
  endfacet
  facet normal -0.000132654 0.418045 -0.908426
    outer loop
      vertex 20.9562 27.8658 10.1201
      vertex 14.15 23.6613 8.18624
      vertex 20.9141 28.0581 10.2086
    endloop
  endfacet
  facet normal 3.1245e-05 0.417826 -0.908527
    outer loop
      vertex 21.0256 27.6801 10.0347
      vertex 14.15 23.6613 8.18624
      vertex 20.9562 27.8658 10.1201
    endloop
  endfacet
  facet normal -4.63649e-05 0.417936 -0.908476
    outer loop
      vertex 21.1211 27.5043 9.95382
      vertex 14.15 23.6613 8.18624
      vertex 21.0256 27.6801 10.0347
    endloop
  endfacet
  facet normal 6.01211e-05 0.417777 -0.90855
    outer loop
      vertex 21.241 27.3412 9.87883
      vertex 14.15 23.6613 8.18624
      vertex 21.1211 27.5043 9.95382
    endloop
  endfacet
  facet normal -2.67839e-05 0.417915 -0.908486
    outer loop
      vertex 21.3833 27.1938 9.81102
      vertex 14.15 23.6613 8.18624
      vertex 21.241 27.3412 9.87883
    endloop
  endfacet
  facet normal 3.78225e-06 0.417863 -0.90851
    outer loop
      vertex 21.5455 27.0645 9.75155
      vertex 14.15 23.6613 8.18624
      vertex 21.3833 27.1938 9.81102
    endloop
  endfacet
  facet normal -2.44152e-05 0.417914 -0.908487
    outer loop
      vertex 21.725 26.9556 9.70145
      vertex 14.15 23.6613 8.18624
      vertex 21.5455 27.0645 9.75155
    endloop
  endfacet
  facet normal 7.75808e-05 0.41772 -0.908576
    outer loop
      vertex 21.9186 26.8688 9.66156
      vertex 14.15 23.6613 8.18624
      vertex 21.725 26.9556 9.70145
    endloop
  endfacet
  facet normal -3.19554e-05 0.417939 -0.908475
    outer loop
      vertex 22.1229 26.8058 9.63257
      vertex 14.15 23.6613 8.18624
      vertex 21.9186 26.8688 9.66156
    endloop
  endfacet
  facet normal -8.74421e-05 0.418055 -0.908422
    outer loop
      vertex 22.3346 26.7676 9.61497
      vertex 14.15 23.6613 8.18624
      vertex 22.1229 26.8058 9.63257
    endloop
  endfacet
  facet normal 0.000121334 0.417601 -0.90863
    outer loop
      vertex 22.55 26.7547 9.60907
      vertex 14.15 23.6613 8.18624
      vertex 22.3346 26.7676 9.61497
    endloop
  endfacet
  facet normal -0.000168407 0.418251 -0.908332
    outer loop
      vertex 22.7654 26.7676 9.61497
      vertex 14.15 23.6613 8.18624
      vertex 22.55 26.7547 9.60907
    endloop
  endfacet
  facet normal 3.55061e-05 0.417866 -0.908509
    outer loop
      vertex 173.105 118.596 51.8513
      vertex 179.85 137.288 60.4489
      vertex 173.105 42.3538 16.7839
    endloop
  endfacet
  facet normal -2.5635e-06 0.417877 -0.908503
    outer loop
      vertex 172.879 131.946 57.9918
      vertex 179.85 137.288 60.4489
      vertex 173.105 118.596 51.8513
    endloop
  endfacet
  facet normal 0.000779667 0.416956 -0.908926
    outer loop
      vertex 173.086 132.892 58.4265
      vertex 179.85 137.288 60.4489
      vertex 173.1 132.696 58.3366
    endloop
  endfacet
  facet normal -0.00045627 0.418526 -0.908205
    outer loop
      vertex 173.044 133.084 58.515
      vertex 179.85 137.288 60.4489
      vertex 173.086 132.892 58.4265
    endloop
  endfacet
  facet normal 0.000398277 0.417384 -0.90873
    outer loop
      vertex 172.974 133.27 58.6004
      vertex 179.85 137.288 60.4489
      vertex 173.044 133.084 58.515
    endloop
  endfacet
  facet normal -0.000898544 0.419215 -0.907886
    outer loop
      vertex 172.879 133.445 58.6813
      vertex 179.85 137.288 60.4489
      vertex 172.974 133.27 58.6004
    endloop
  endfacet
  facet normal -6.03963e-05 0.417961 -0.908465
    outer loop
      vertex 172.759 133.608 58.7563
      vertex 179.85 137.288 60.4489
      vertex 172.879 133.445 58.6813
    endloop
  endfacet
  facet normal 0.000578653 0.416944 -0.908932
    outer loop
      vertex 172.617 133.756 58.8241
      vertex 179.85 137.288 60.4489
      vertex 172.759 133.608 58.7563
    endloop
  endfacet
  facet normal -0.000333968 0.418487 -0.908223
    outer loop
      vertex 172.454 133.885 58.8836
      vertex 179.85 137.288 60.4489
      vertex 172.617 133.756 58.8241
    endloop
  endfacet
  facet normal 8.17856e-05 0.417741 -0.908566
    outer loop
      vertex 172.275 133.994 58.9337
      vertex 179.85 137.288 60.4489
      vertex 172.454 133.885 58.8836
    endloop
  endfacet
  facet normal 0.000274288 0.417376 -0.908734
    outer loop
      vertex 172.081 134.081 58.9736
      vertex 179.85 137.288 60.4489
      vertex 172.275 133.994 58.9337
    endloop
  endfacet
  facet normal 0.000207846 0.417509 -0.908673
    outer loop
      vertex 171.877 134.144 59.0025
      vertex 179.85 137.288 60.4489
      vertex 172.081 134.081 58.9736
    endloop
  endfacet
  facet normal -0.000347705 0.418671 -0.908138
    outer loop
      vertex 171.665 134.182 59.0201
      vertex 179.85 137.288 60.4489
      vertex 171.877 134.144 59.0025
    endloop
  endfacet
  facet normal 0.000292285 0.417279 -0.908778
    outer loop
      vertex 171.45 134.195 59.026
      vertex 179.85 137.288 60.4489
      vertex 171.665 134.182 59.0201
    endloop
  endfacet
  facet normal -0.000406816 0.418846 -0.908057
    outer loop
      vertex 171.235 134.182 59.0201
      vertex 179.85 137.288 60.4489
      vertex 171.45 134.195 59.026
    endloop
  endfacet
  facet normal 0.00101971 0.415579 -0.909556
    outer loop
      vertex 171.023 134.144 59.0025
      vertex 179.85 137.288 60.4489
      vertex 171.235 134.182 59.0201
    endloop
  endfacet
  facet normal -0.00277778 0.424368 -0.905485
    outer loop
      vertex 170.819 134.081 58.9736
      vertex 179.85 137.288 60.4489
      vertex 171.023 134.144 59.0025
    endloop
  endfacet
  facet normal 0 0.41691 -0.908948
    outer loop
      vertex 24.2 132.696 58.3366
      vertex 169.814 132.892 58.4265
      vertex 169.8 132.696 58.3366
    endloop
  endfacet
  facet normal 0 0.41691 -0.908948
    outer loop
      vertex 24.1859 132.892 58.4265
      vertex 169.814 132.892 58.4265
      vertex 24.2 132.696 58.3366
    endloop
  endfacet
  facet normal 0 0.418608 -0.908167
    outer loop
      vertex 169.814 132.892 58.4265
      vertex 24.1859 132.892 58.4265
      vertex 169.856 133.084 58.515
    endloop
  endfacet
  facet normal 0 0.418608 -0.908167
    outer loop
      vertex 24.1438 133.084 58.515
      vertex 169.856 133.084 58.515
      vertex 24.1859 132.892 58.4265
    endloop
  endfacet
  facet normal 0 0.41726 -0.908787
    outer loop
      vertex 169.856 133.084 58.515
      vertex 24.1438 133.084 58.515
      vertex 169.926 133.27 58.6004
    endloop
  endfacet
  facet normal 0 0.41726 -0.908787
    outer loop
      vertex 24.0744 133.27 58.6004
      vertex 169.926 133.27 58.6004
      vertex 24.1438 133.084 58.515
    endloop
  endfacet
  facet normal 0 0.419617 -0.907701
    outer loop
      vertex 169.926 133.27 58.6004
      vertex 24.0744 133.27 58.6004
      vertex 170.021 133.445 58.6813
    endloop
  endfacet
  facet normal 0 0.419617 -0.907701
    outer loop
      vertex 23.9789 133.445 58.6813
      vertex 170.021 133.445 58.6813
      vertex 24.0744 133.27 58.6004
    endloop
  endfacet
  facet normal 0 0.417998 -0.908448
    outer loop
      vertex 170.021 133.445 58.6813
      vertex 23.9789 133.445 58.6813
      vertex 170.141 133.608 58.7563
    endloop
  endfacet
  facet normal 0 0.417998 -0.908448
    outer loop
      vertex 23.859 133.608 58.7563
      vertex 170.141 133.608 58.7563
      vertex 23.9789 133.445 58.6813
    endloop
  endfacet
  facet normal 0 0.416485 -0.909142
    outer loop
      vertex 170.141 133.608 58.7563
      vertex 23.859 133.608 58.7563
      vertex 170.283 133.756 58.8241
    endloop
  endfacet
  facet normal 0 0.416485 -0.909142
    outer loop
      vertex 23.7167 133.756 58.8241
      vertex 170.283 133.756 58.8241
      vertex 23.859 133.608 58.7563
    endloop
  endfacet
  facet normal 0 0.418835 -0.908062
    outer loop
      vertex 170.283 133.756 58.8241
      vertex 23.7167 133.756 58.8241
      vertex 170.446 133.885 58.8836
    endloop
  endfacet
  facet normal 0 0.418835 -0.908062
    outer loop
      vertex 23.5545 133.885 58.8836
      vertex 170.446 133.885 58.8836
      vertex 23.7167 133.756 58.8241
    endloop
  endfacet
  facet normal 0 0.41763 -0.908617
    outer loop
      vertex 170.446 133.885 58.8836
      vertex 23.5545 133.885 58.8836
      vertex 170.625 133.994 58.9337
    endloop
  endfacet
  facet normal 0 0.41763 -0.908617
    outer loop
      vertex 23.375 133.994 58.9337
      vertex 170.625 133.994 58.9337
      vertex 23.5545 133.885 58.8836
    endloop
  endfacet
  facet normal 0 0.416871 -0.908966
    outer loop
      vertex 170.625 133.994 58.9337
      vertex 23.375 133.994 58.9337
      vertex 170.819 134.081 58.9736
    endloop
  endfacet
  facet normal 0 0.416871 -0.908966
    outer loop
      vertex 23.1814 134.081 58.9736
      vertex 170.819 134.081 58.9736
      vertex 23.375 133.994 58.9337
    endloop
  endfacet
  facet normal 0 0.417924 -0.908482
    outer loop
      vertex 170.819 134.081 58.9736
      vertex 23.1814 134.081 58.9736
      vertex 179.85 137.288 60.4489
    endloop
  endfacet
  facet normal 0.00274769 0.424299 -0.905518
    outer loop
      vertex 14.15 137.288 60.4489
      vertex 23.1814 134.081 58.9736
      vertex 22.9771 134.144 59.0025
    endloop
  endfacet
  facet normal -0.00102264 0.415572 -0.909559
    outer loop
      vertex 14.15 137.288 60.4489
      vertex 22.9771 134.144 59.0025
      vertex 22.7654 134.182 59.0201
    endloop
  endfacet
  facet normal 0.000405913 0.418844 -0.908058
    outer loop
      vertex 14.15 137.288 60.4489
      vertex 22.7654 134.182 59.0201
      vertex 22.55 134.195 59.026
    endloop
  endfacet
  facet normal -2.75905e-05 0.417869 -0.908508
    outer loop
      vertex 14.15 137.288 60.4489
      vertex 20.895 118.596 51.8513
      vertex 14.15 23.6613 8.18624
    endloop
  endfacet
  facet normal 0 0.417924 -0.908482
    outer loop
      vertex 23.1814 134.081 58.9736
      vertex 14.15 137.288 60.4489
      vertex 179.85 137.288 60.4489
    endloop
  endfacet
  facet normal -0.000291819 0.41728 -0.908778
    outer loop
      vertex 22.3346 134.182 59.0201
      vertex 14.15 137.288 60.4489
      vertex 22.55 134.195 59.026
    endloop
  endfacet
  facet normal 0.000348045 0.418672 -0.908137
    outer loop
      vertex 22.1229 134.144 59.0025
      vertex 14.15 137.288 60.4489
      vertex 22.3346 134.182 59.0201
    endloop
  endfacet
  facet normal -0.000207676 0.417509 -0.908673
    outer loop
      vertex 21.9186 134.081 58.9736
      vertex 14.15 137.288 60.4489
      vertex 22.1229 134.144 59.0025
    endloop
  endfacet
  facet normal -0.000274566 0.417375 -0.908734
    outer loop
      vertex 21.725 133.994 58.9337
      vertex 14.15 137.288 60.4489
      vertex 21.9186 134.081 58.9736
    endloop
  endfacet
  facet normal -8.16906e-05 0.417741 -0.908566
    outer loop
      vertex 21.5455 133.885 58.8836
      vertex 14.15 137.288 60.4489
      vertex 21.725 133.994 58.9337
    endloop
  endfacet
  facet normal 0.000334586 0.418488 -0.908222
    outer loop
      vertex 21.3833 133.756 58.8241
      vertex 14.15 137.288 60.4489
      vertex 21.5455 133.885 58.8836
    endloop
  endfacet
  facet normal -0.000578247 0.416945 -0.908932
    outer loop
      vertex 21.241 133.608 58.7563
      vertex 14.15 137.288 60.4489
      vertex 21.3833 133.756 58.8241
    endloop
  endfacet
  facet normal 6.04102e-05 0.417961 -0.908465
    outer loop
      vertex 21.1211 133.445 58.6813
      vertex 14.15 137.288 60.4489
      vertex 21.241 133.608 58.7563
    endloop
  endfacet
  facet normal 0.000897447 0.419214 -0.907887
    outer loop
      vertex 21.0256 133.27 58.6004
      vertex 14.15 137.288 60.4489
      vertex 21.1211 133.445 58.6813
    endloop
  endfacet
  facet normal -0.000398912 0.417383 -0.908731
    outer loop
      vertex 20.9562 133.084 58.515
      vertex 14.15 137.288 60.4489
      vertex 21.0256 133.27 58.6004
    endloop
  endfacet
  facet normal 0.000456129 0.418526 -0.908205
    outer loop
      vertex 20.9141 132.892 58.4265
      vertex 14.15 137.288 60.4489
      vertex 20.9562 133.084 58.515
    endloop
  endfacet
  facet normal -0.000779409 0.416956 -0.908926
    outer loop
      vertex 20.9 132.696 58.3366
      vertex 14.15 137.288 60.4489
      vertex 20.9141 132.892 58.4265
    endloop
  endfacet
  facet normal -0.000527828 0.417262 -0.908786
    outer loop
      vertex 20.9141 132.5 58.2466
      vertex 14.15 137.288 60.4489
      vertex 20.9 132.696 58.3366
    endloop
  endfacet
  facet normal -0.000384879 0.417431 -0.908709
    outer loop
      vertex 173.044 28.6418 10.477
      vertex 179.85 23.6613 8.18624
      vertex 173.086 28.4494 10.3886
    endloop
  endfacet
  facet normal 0.000168506 0.418055 -0.908422
    outer loop
      vertex 172.974 28.8274 10.5624
      vertex 179.85 23.6613 8.18624
      vertex 173.044 28.6418 10.477
    endloop
  endfacet
  facet normal -3.67274e-05 0.41783 -0.908525
    outer loop
      vertex 172.879 29.0033 10.6433
      vertex 179.85 23.6613 8.18624
      vertex 172.974 28.8274 10.5624
    endloop
  endfacet
  facet normal 1.01833e-06 0.41787 -0.908507
    outer loop
      vertex 179.85 23.6613 8.18624
      vertex 172.879 29.0033 10.6433
      vertex 173.105 42.3538 16.7839
    endloop
  endfacet
  facet normal -0.000204939 0.417873 -0.908505
    outer loop
      vertex 172.759 29.1663 10.7183
      vertex 173.105 42.3538 16.7839
      vertex 172.879 29.0033 10.6433
    endloop
  endfacet
  facet normal 0.000266131 0.417863 -0.90851
    outer loop
      vertex 172.617 29.3138 10.7861
      vertex 173.105 42.3538 16.7839
      vertex 172.759 29.1663 10.7183
    endloop
  endfacet
  facet normal -0.000400267 0.417883 -0.908501
    outer loop
      vertex 172.454 29.443 10.8456
      vertex 173.105 42.3538 16.7839
      vertex 172.617 29.3138 10.7861
    endloop
  endfacet
  facet normal 0.0001692 0.41786 -0.908512
    outer loop
      vertex 172.275 29.552 10.8957
      vertex 173.105 42.3538 16.7839
      vertex 172.454 29.443 10.8456
    endloop
  endfacet
  facet normal -0.000101277 0.417874 -0.908505
    outer loop
      vertex 172.081 29.6387 10.9356
      vertex 173.105 42.3538 16.7839
      vertex 172.275 29.552 10.8957
    endloop
  endfacet
  facet normal 0.000333727 0.417845 -0.908518
    outer loop
      vertex 171.877 29.7017 10.9645
      vertex 173.105 42.3538 16.7839
      vertex 172.081 29.6387 10.9356
    endloop
  endfacet
  facet normal 6.85922e-05 0.417867 -0.908508
    outer loop
      vertex 171.665 29.74 10.9821
      vertex 173.105 42.3538 16.7839
      vertex 171.877 29.7017 10.9645
    endloop
  endfacet
  facet normal -5.26988e-05 0.417878 -0.908503
    outer loop
      vertex 171.45 29.7528 10.988
      vertex 173.105 42.3538 16.7839
      vertex 171.665 29.74 10.9821
    endloop
  endfacet
  facet normal 5.35297e-05 0.417866 -0.908508
    outer loop
      vertex 171.235 29.74 10.9821
      vertex 173.105 42.3538 16.7839
      vertex 171.45 29.7528 10.988
    endloop
  endfacet
  facet normal -7.19329e-05 0.417882 -0.908501
    outer loop
      vertex 171.023 29.7017 10.9645
      vertex 173.105 42.3538 16.7839
      vertex 171.235 29.74 10.9821
    endloop
  endfacet
  facet normal -0.000362119 0.417921 -0.908483
    outer loop
      vertex 170.819 29.6387 10.9356
      vertex 173.105 42.3538 16.7839
      vertex 171.023 29.7017 10.9645
    endloop
  endfacet
  facet normal 0.00011409 0.417851 -0.908516
    outer loop
      vertex 170.625 29.552 10.8957
      vertex 173.105 42.3538 16.7839
      vertex 170.819 29.6387 10.9356
    endloop
  endfacet
  facet normal -0.000199399 0.417901 -0.908493
    outer loop
      vertex 170.446 29.443 10.8456
      vertex 173.105 42.3538 16.7839
      vertex 170.625 29.552 10.8957
    endloop
  endfacet
  facet normal 0.000497501 0.417782 -0.908547
    outer loop
      vertex 170.283 29.3138 10.7861
      vertex 173.105 42.3538 16.7839
      vertex 170.446 29.443 10.8456
    endloop
  endfacet
  facet normal -0.000356635 0.417935 -0.908477
    outer loop
      vertex 170.141 29.1663 10.7183
      vertex 173.105 42.3538 16.7839
      vertex 170.283 29.3138 10.7861
    endloop
  endfacet
  facet normal 0.000305525 0.417812 -0.908533
    outer loop
      vertex 170.021 29.0033 10.6433
      vertex 173.105 42.3538 16.7839
      vertex 170.141 29.1663 10.7183
    endloop
  endfacet
  facet normal -9.52405e-05 0.417888 -0.908498
    outer loop
      vertex 169.926 28.8274 10.5624
      vertex 173.105 42.3538 16.7839
      vertex 170.021 29.0033 10.6433
    endloop
  endfacet
  facet normal 0.00113099 0.41765 -0.908607
    outer loop
      vertex 169.856 28.6418 10.477
      vertex 173.105 42.3538 16.7839
      vertex 169.926 28.8274 10.5624
    endloop
  endfacet
  facet normal 0 0.417998 -0.908448
    outer loop
      vertex 24.2 28.2538 10.2986
      vertex 169.814 28.4494 10.3886
      vertex 169.8 28.2538 10.2986
    endloop
  endfacet
  facet normal 0 0.417998 -0.908448
    outer loop
      vertex 24.1859 28.4494 10.3886
      vertex 169.814 28.4494 10.3886
      vertex 24.2 28.2538 10.2986
    endloop
  endfacet
  facet normal 0 0.4175 -0.908677
    outer loop
      vertex 169.814 28.4494 10.3886
      vertex 24.1859 28.4494 10.3886
      vertex 169.856 28.6418 10.477
    endloop
  endfacet
  facet normal 0 0.4175 -0.908677
    outer loop
      vertex 24.1438 28.6418 10.477
      vertex 169.856 28.6418 10.477
      vertex 24.1859 28.4494 10.3886
    endloop
  endfacet
  facet normal 0 0.417872 -0.908506
    outer loop
      vertex 169.856 28.6418 10.477
      vertex 24.1438 28.6418 10.477
      vertex 173.105 42.3538 16.7839
    endloop
  endfacet
  facet normal -0.00115756 0.417645 -0.90861
    outer loop
      vertex 20.895 42.3538 16.7839
      vertex 24.1438 28.6418 10.477
      vertex 24.0744 28.8274 10.5624
    endloop
  endfacet
  facet normal 9.43703e-05 0.417888 -0.908498
    outer loop
      vertex 20.895 42.3538 16.7839
      vertex 24.0744 28.8274 10.5624
      vertex 23.9789 29.0033 10.6433
    endloop
  endfacet
  facet normal -0.000305892 0.417812 -0.908534
    outer loop
      vertex 20.895 42.3538 16.7839
      vertex 23.9789 29.0033 10.6433
      vertex 23.859 29.1663 10.7183
    endloop
  endfacet
  facet normal 0.000355655 0.417935 -0.908477
    outer loop
      vertex 20.895 42.3538 16.7839
      vertex 23.859 29.1663 10.7183
      vertex 23.7167 29.3138 10.7861
    endloop
  endfacet
  facet normal -0.000500454 0.417782 -0.908547
    outer loop
      vertex 20.895 42.3538 16.7839
      vertex 23.7167 29.3138 10.7861
      vertex 23.5545 29.443 10.8456
    endloop
  endfacet
  facet normal 0.000198769 0.417901 -0.908493
    outer loop
      vertex 20.895 42.3538 16.7839
      vertex 23.5545 29.443 10.8456
      vertex 23.375 29.552 10.8957
    endloop
  endfacet
  facet normal -0.000114349 0.417851 -0.908516
    outer loop
      vertex 20.895 42.3538 16.7839
      vertex 23.375 29.552 10.8957
      vertex 23.1814 29.6387 10.9356
    endloop
  endfacet
  facet normal 0.00036156 0.417921 -0.908483
    outer loop
      vertex 20.895 42.3538 16.7839
      vertex 23.1814 29.6387 10.9356
      vertex 22.9771 29.7017 10.9645
    endloop
  endfacet
  facet normal 7.20381e-05 0.417882 -0.908501
    outer loop
      vertex 20.895 42.3538 16.7839
      vertex 22.9771 29.7017 10.9645
      vertex 22.7654 29.74 10.9821
    endloop
  endfacet
  facet normal -5.34295e-05 0.417866 -0.908508
    outer loop
      vertex 20.895 42.3538 16.7839
      vertex 22.7654 29.74 10.9821
      vertex 22.55 29.7528 10.988
    endloop
  endfacet
  facet normal 5.26017e-05 0.417878 -0.908503
    outer loop
      vertex 20.895 42.3538 16.7839
      vertex 22.55 29.7528 10.988
      vertex 22.3346 29.74 10.9821
    endloop
  endfacet
  facet normal 0 0.417872 -0.908506
    outer loop
      vertex 24.1438 28.6418 10.477
      vertex 20.895 42.3538 16.7839
      vertex 173.105 42.3538 16.7839
    endloop
  endfacet
  facet normal -6.86879e-05 0.417867 -0.908508
    outer loop
      vertex 22.1229 29.7017 10.9645
      vertex 20.895 42.3538 16.7839
      vertex 22.3346 29.74 10.9821
    endloop
  endfacet
  facet normal -0.000333252 0.417845 -0.908518
    outer loop
      vertex 21.9186 29.6387 10.9356
      vertex 20.895 42.3538 16.7839
      vertex 22.1229 29.7017 10.9645
    endloop
  endfacet
  facet normal 0.000101481 0.417874 -0.908505
    outer loop
      vertex 21.725 29.552 10.8957
      vertex 20.895 42.3538 16.7839
      vertex 21.9186 29.6387 10.9356
    endloop
  endfacet
  facet normal -0.000168747 0.41786 -0.908512
    outer loop
      vertex 21.5455 29.443 10.8456
      vertex 20.895 42.3538 16.7839
      vertex 21.725 29.552 10.8957
    endloop
  endfacet
  facet normal 0.000402177 0.417884 -0.908501
    outer loop
      vertex 21.3833 29.3138 10.7861
      vertex 20.895 42.3538 16.7839
      vertex 21.5455 29.443 10.8456
    endloop
  endfacet
  facet normal -0.000265585 0.417863 -0.90851
    outer loop
      vertex 21.241 29.1663 10.7183
      vertex 20.895 42.3538 16.7839
      vertex 21.3833 29.3138 10.7861
    endloop
  endfacet
  facet normal 0.000205104 0.417873 -0.908505
    outer loop
      vertex 21.1211 29.0033 10.6433
      vertex 20.895 42.3538 16.7839
      vertex 21.241 29.1663 10.7183
    endloop
  endfacet
  facet normal 3.68635e-05 0.417829 -0.908526
    outer loop
      vertex 14.15 23.6613 8.18624
      vertex 21.1211 29.0033 10.6433
      vertex 21.0256 28.8274 10.5624
    endloop
  endfacet
  facet normal -0.00016795 0.418054 -0.908422
    outer loop
      vertex 14.15 23.6613 8.18624
      vertex 21.0256 28.8274 10.5624
      vertex 20.9562 28.6418 10.477
    endloop
  endfacet
  facet normal 0.00038504 0.417431 -0.908709
    outer loop
      vertex 14.15 23.6613 8.18624
      vertex 20.9562 28.6418 10.477
      vertex 20.9141 28.4494 10.3886
    endloop
  endfacet
  facet normal -0.000106639 0.418004 -0.908445
    outer loop
      vertex 14.15 23.6613 8.18624
      vertex 20.9141 28.4494 10.3886
      vertex 20.9 28.2538 10.2986
    endloop
  endfacet
  facet normal 1 0 0
    outer loop
      vertex 14.15 137.288 60.4489
      vertex 14.15 24.309 6.77805
      vertex 14.15 137.936 59.0407
    endloop
  endfacet
  facet normal 1 0 -0
    outer loop
      vertex 14.15 24.309 6.77805
      vertex 14.15 137.288 60.4489
      vertex 14.15 23.6613 8.18624
    endloop
  endfacet
  facet normal 0 -0.908435 -0.418027
    outer loop
      vertex 14.15 137.936 59.0407
      vertex 179.85 137.288 60.4489
      vertex 14.15 137.288 60.4489
    endloop
  endfacet
  facet normal 0 -0.908435 -0.418027
    outer loop
      vertex 179.85 137.288 60.4489
      vertex 14.15 137.936 59.0407
      vertex 179.85 137.936 59.0407
    endloop
  endfacet
  facet normal 0 0.908507 0.41787
    outer loop
      vertex 179.85 24.309 6.77805
      vertex 14.15 23.6613 8.18624
      vertex 179.85 23.6613 8.18624
    endloop
  endfacet
  facet normal 0 0.908507 0.41787
    outer loop
      vertex 14.15 23.6613 8.18624
      vertex 179.85 24.309 6.77805
      vertex 14.15 24.309 6.77805
    endloop
  endfacet
  facet normal -1 0 0
    outer loop
      vertex 173.105 42.3538 16.7839
      vertex 173.105 117.572 54.0771
      vertex 173.105 118.596 51.8513
    endloop
  endfacet
  facet normal -1 0 0
    outer loop
      vertex 173.105 117.572 54.0771
      vertex 173.105 42.3538 16.7839
      vertex 173.105 41.33 19.0097
    endloop
  endfacet
  facet normal 1 0 0
    outer loop
      vertex 20.895 117.572 54.0771
      vertex 20.895 42.3538 16.7839
      vertex 20.895 118.596 51.8513
    endloop
  endfacet
  facet normal 1 0 -0
    outer loop
      vertex 20.895 42.3538 16.7839
      vertex 20.895 117.572 54.0771
      vertex 20.895 41.33 19.0097
    endloop
  endfacet
  facet normal 0 -0.90847 -0.41795
    outer loop
      vertex 20.895 118.596 51.8513
      vertex 173.105 117.572 54.0771
      vertex 20.895 117.572 54.0771
    endloop
  endfacet
  facet normal 0 -0.90847 -0.41795
    outer loop
      vertex 173.105 117.572 54.0771
      vertex 20.895 118.596 51.8513
      vertex 173.105 118.596 51.8513
    endloop
  endfacet
  facet normal 0 0.908501 0.417883
    outer loop
      vertex 173.105 42.3538 16.7839
      vertex 20.895 41.33 19.0097
      vertex 173.105 41.33 19.0097
    endloop
  endfacet
  facet normal 0 0.908501 0.417883
    outer loop
      vertex 20.895 41.33 19.0097
      vertex 173.105 42.3538 16.7839
      vertex 20.895 42.3538 16.7839
    endloop
  endfacet
  facet normal -0.980724 -0.195397 0
    outer loop
      vertex 11.2308 31.2937 1.7
      vertex 11.1733 31.5823 3.55
      vertex 11.1733 31.5823 1.7
    endloop
  endfacet
  facet normal -0.980724 -0.195397 0
    outer loop
      vertex 11.1733 31.5823 3.55
      vertex 11.2308 31.2937 1.7
      vertex 11.2308 31.2937 3.55
    endloop
  endfacet
  facet normal -0.99787 -0.0652336 0
    outer loop
      vertex 11.25 31 1.7
      vertex 11.2308 31.2937 3.55
      vertex 11.2308 31.2937 1.7
    endloop
  endfacet
  facet normal -0.99787 -0.0652336 0
    outer loop
      vertex 11.2308 31.2937 3.55
      vertex 11.25 31 1.7
      vertex 11.25 31 3.55
    endloop
  endfacet
  facet normal -0.946936 -0.321421 0
    outer loop
      vertex 11.1733 31.5823 1.7
      vertex 11.0787 31.861 3.55
      vertex 11.0787 31.861 1.7
    endloop
  endfacet
  facet normal -0.946936 -0.321421 0
    outer loop
      vertex 11.0787 31.861 3.55
      vertex 11.1733 31.5823 1.7
      vertex 11.1733 31.5823 3.55
    endloop
  endfacet
  facet normal -0.831318 -0.555797 0
    outer loop
      vertex 10.9486 32.125 1.7
      vertex 10.785 32.3697 3.55
      vertex 10.785 32.3697 1.7
    endloop
  endfacet
  facet normal -0.831318 -0.555797 0
    outer loop
      vertex 10.785 32.3697 3.55
      vertex 10.9486 32.125 1.7
      vertex 10.9486 32.125 3.55
    endloop
  endfacet
  facet normal 0.659236 0.751936 -0
    outer loop
      vertex 7.63029 29.215 1.7
      vertex 7.40901 29.409 3.55
      vertex 7.63029 29.215 3.55
    endloop
  endfacet
  facet normal 0.659236 0.751936 0
    outer loop
      vertex 7.40901 29.409 3.55
      vertex 7.63029 29.215 1.7
      vertex 7.40901 29.409 1.7
    endloop
  endfacet
  facet normal -0.751966 0.659202 0
    outer loop
      vertex 10.591 29.409 1.7
      vertex 10.785 29.6303 3.55
      vertex 10.785 29.6303 1.7
    endloop
  endfacet
  facet normal -0.751966 0.659202 0
    outer loop
      vertex 10.785 29.6303 3.55
      vertex 10.591 29.409 1.7
      vertex 10.591 29.409 3.55
    endloop
  endfacet
  facet normal -0.659202 -0.751966 0
    outer loop
      vertex 10.3697 32.785 1.7
      vertex 10.591 32.591 3.55
      vertex 10.3697 32.785 3.55
    endloop
  endfacet
  facet normal -0.659202 -0.751966 -0
    outer loop
      vertex 10.591 32.591 3.55
      vertex 10.3697 32.785 1.7
      vertex 10.591 32.591 1.7
    endloop
  endfacet
  facet normal 0.442096 -0.896968 0
    outer loop
      vertex 7.875 32.9486 1.7
      vertex 8.13896 33.0787 3.55
      vertex 7.875 32.9486 3.55
    endloop
  endfacet
  facet normal 0.442096 -0.896968 0
    outer loop
      vertex 8.13896 33.0787 3.55
      vertex 7.875 32.9486 1.7
      vertex 8.13896 33.0787 1.7
    endloop
  endfacet
  facet normal 0 0 -1
    outer loop
      vertex 9 28.75 8.85558
      vertex 9.5782 28.8258 8.85558
      vertex 9.29368 28.7692 8.85558
    endloop
  endfacet
  facet normal 0 0 -1
    outer loop
      vertex 8.70632 28.7692 8.85558
      vertex 9.5782 28.8258 8.85558
      vertex 9 28.75 8.85558
    endloop
  endfacet
  facet normal -0 0 -1
    outer loop
      vertex 9.5782 28.8258 8.85558
      vertex 8.70632 28.7692 8.85558
      vertex 8.4218 28.8258 8.85558
    endloop
  endfacet
  facet normal -0.442096 -0.896968 0
    outer loop
      vertex 9.86104 33.0787 1.7
      vertex 10.125 32.9486 3.55
      vertex 9.86104 33.0787 3.55
    endloop
  endfacet
  facet normal -0.442096 -0.896968 -0
    outer loop
      vertex 10.125 32.9486 3.55
      vertex 9.86104 33.0787 1.7
      vertex 10.125 32.9486 1.7
    endloop
  endfacet
  facet normal -0.896995 0.442042 0
    outer loop
      vertex 10.9486 29.875 1.7
      vertex 11.0787 30.139 3.55
      vertex 11.0787 30.139 1.7
    endloop
  endfacet
  facet normal -0.896995 0.442042 0
    outer loop
      vertex 11.0787 30.139 3.55
      vertex 10.9486 29.875 1.7
      vertex 10.9486 29.875 3.55
    endloop
  endfacet
  facet normal -0.321421 0.946936 0
    outer loop
      vertex 9.86104 28.9213 1.7
      vertex 9.58234 28.8267 3.55
      vertex 9.86104 28.9213 3.55
    endloop
  endfacet
  facet normal -0.321421 0.946936 0
    outer loop
      vertex 9.58234 28.8267 3.55
      vertex 9.86104 28.9213 1.7
      vertex 9.58234 28.8267 1.7
    endloop
  endfacet
  facet normal -0.896995 -0.442042 0
    outer loop
      vertex 11.0787 31.861 1.7
      vertex 10.9486 32.125 3.55
      vertex 10.9486 32.125 1.7
    endloop
  endfacet
  facet normal -0.896995 -0.442042 0
    outer loop
      vertex 10.9486 32.125 3.55
      vertex 11.0787 31.861 1.7
      vertex 11.0787 31.861 3.55
    endloop
  endfacet
  facet normal 0.8969 -0.442233 0
    outer loop
      vertex 6.92127 31.861 3.55
      vertex 7.05144 32.125 1.7
      vertex 7.05144 32.125 3.55
    endloop
  endfacet
  facet normal 0.8969 -0.442233 0
    outer loop
      vertex 7.05144 32.125 1.7
      vertex 6.92127 31.861 3.55
      vertex 6.92127 31.861 1.7
    endloop
  endfacet
  facet normal -0.751966 -0.659202 0
    outer loop
      vertex 10.785 32.3697 1.7
      vertex 10.591 32.591 3.55
      vertex 10.591 32.591 1.7
    endloop
  endfacet
  facet normal -0.751966 -0.659202 0
    outer loop
      vertex 10.591 32.591 3.55
      vertex 10.785 32.3697 1.7
      vertex 10.785 32.3697 3.55
    endloop
  endfacet
  facet normal -0.980724 0.195397 0
    outer loop
      vertex 11.1733 30.4177 1.7
      vertex 11.2308 30.7063 3.55
      vertex 11.2308 30.7063 1.7
    endloop
  endfacet
  facet normal -0.980724 0.195397 0
    outer loop
      vertex 11.2308 30.7063 3.55
      vertex 11.1733 30.4177 1.7
      vertex 11.1733 30.4177 3.55
    endloop
  endfacet
  facet normal -0.99787 0.0652336 0
    outer loop
      vertex 11.2308 30.7063 1.7
      vertex 11.25 31 3.55
      vertex 11.25 31 1.7
    endloop
  endfacet
  facet normal -0.99787 0.0652336 0
    outer loop
      vertex 11.25 31 3.55
      vertex 11.2308 30.7063 1.7
      vertex 11.2308 30.7063 3.55
    endloop
  endfacet
  facet normal 0.555782 0.831328 -0
    outer loop
      vertex 7.875 29.0514 1.7
      vertex 7.63029 29.215 3.55
      vertex 7.875 29.0514 3.55
    endloop
  endfacet
  facet normal 0.555782 0.831328 0
    outer loop
      vertex 7.63029 29.215 3.55
      vertex 7.875 29.0514 1.7
      vertex 7.63029 29.215 1.7
    endloop
  endfacet
  facet normal 0.946936 0.321421 0
    outer loop
      vertex 6.92127 30.139 3.55
      vertex 6.82667 30.4177 1.7
      vertex 6.82667 30.4177 3.55
    endloop
  endfacet
  facet normal 0.946936 0.321421 0
    outer loop
      vertex 6.82667 30.4177 1.7
      vertex 6.92127 30.139 3.55
      vertex 6.92127 30.139 1.7
    endloop
  endfacet
  facet normal 0.997859 0.0654027 0
    outer loop
      vertex 6.76925 30.7063 3.55
      vertex 6.75 31 1.7
      vertex 6.75 31 3.55
    endloop
  endfacet
  facet normal 0.997859 0.0654027 0
    outer loop
      vertex 6.75 31 1.7
      vertex 6.76925 30.7063 3.55
      vertex 6.76925 30.7063 1.7
    endloop
  endfacet
  facet normal 0.321421 -0.946936 0
    outer loop
      vertex 8.13896 33.0787 1.7
      vertex 8.41766 33.1733 3.55
      vertex 8.13896 33.0787 3.55
    endloop
  endfacet
  facet normal 0.321421 -0.946936 0
    outer loop
      vertex 8.41766 33.1733 3.55
      vertex 8.13896 33.0787 1.7
      vertex 8.41766 33.1733 1.7
    endloop
  endfacet
  facet normal -0.659202 0.751966 0
    outer loop
      vertex 10.591 29.409 1.7
      vertex 10.3697 29.215 3.55
      vertex 10.591 29.409 3.55
    endloop
  endfacet
  facet normal -0.659202 0.751966 0
    outer loop
      vertex 10.3697 29.215 3.55
      vertex 10.591 29.409 1.7
      vertex 10.3697 29.215 1.7
    endloop
  endfacet
  facet normal -0.065238 0.99787 0
    outer loop
      vertex 9.29368 28.7692 8.82955
      vertex 9 28.75 8.85558
      vertex 9.29368 28.7692 8.85558
    endloop
  endfacet
  facet normal -0.065238 0.99787 0
    outer loop
      vertex 9 28.75 8.85558
      vertex 9.29368 28.7692 8.82955
      vertex 9 28.75 8.8207
    endloop
  endfacet
  facet normal -0.065238 0.99787 0
    outer loop
      vertex 9.29368 28.7692 1.7
      vertex 9 28.75 3.55
      vertex 9.29368 28.7692 3.55
    endloop
  endfacet
  facet normal -0.065238 0.99787 0
    outer loop
      vertex 9 28.75 3.55
      vertex 9.29368 28.7692 1.7
      vertex 9 28.75 1.7
    endloop
  endfacet
  facet normal -0.195358 -0.980732 0
    outer loop
      vertex 9.29368 33.2308 1.7
      vertex 9.58234 33.1733 3.55
      vertex 9.29368 33.2308 3.55
    endloop
  endfacet
  facet normal -0.195358 -0.980732 -0
    outer loop
      vertex 9.58234 33.1733 3.55
      vertex 9.29368 33.2308 1.7
      vertex 9.58234 33.1733 1.7
    endloop
  endfacet
  facet normal -0.321421 -0.946936 0
    outer loop
      vertex 9.58234 33.1733 1.7
      vertex 9.86104 33.0787 3.55
      vertex 9.58234 33.1733 3.55
    endloop
  endfacet
  facet normal -0.321421 -0.946936 -0
    outer loop
      vertex 9.86104 33.0787 3.55
      vertex 9.58234 33.1733 1.7
      vertex 9.86104 33.0787 1.7
    endloop
  endfacet
  facet normal -0.946936 0.321421 0
    outer loop
      vertex 11.0787 30.139 1.7
      vertex 11.1733 30.4177 3.55
      vertex 11.1733 30.4177 1.7
    endloop
  endfacet
  facet normal -0.946936 0.321421 0
    outer loop
      vertex 11.1733 30.4177 3.55
      vertex 11.0787 30.139 1.7
      vertex 11.0787 30.139 3.55
    endloop
  endfacet
  facet normal 0.195358 -0.980732 0
    outer loop
      vertex 8.41766 33.1733 1.7
      vertex 8.70632 33.2308 3.55
      vertex 8.41766 33.1733 3.55
    endloop
  endfacet
  facet normal 0.195358 -0.980732 0
    outer loop
      vertex 8.70632 33.2308 3.55
      vertex 8.41766 33.1733 1.7
      vertex 8.70632 33.2308 1.7
    endloop
  endfacet
  facet normal 0.946936 -0.321421 0
    outer loop
      vertex 6.82667 31.5823 3.55
      vertex 6.92127 31.861 1.7
      vertex 6.92127 31.861 3.55
    endloop
  endfacet
  facet normal 0.946936 -0.321421 0
    outer loop
      vertex 6.92127 31.861 1.7
      vertex 6.82667 31.5823 3.55
      vertex 6.82667 31.5823 1.7
    endloop
  endfacet
  facet normal -0.555797 -0.831318 0
    outer loop
      vertex 10.125 32.9486 1.7
      vertex 10.3697 32.785 3.55
      vertex 10.125 32.9486 3.55
    endloop
  endfacet
  facet normal -0.555797 -0.831318 -0
    outer loop
      vertex 10.3697 32.785 3.55
      vertex 10.125 32.9486 1.7
      vertex 10.3697 32.785 1.7
    endloop
  endfacet
  facet normal -0.195108 0.980782 0
    outer loop
      vertex 9.29368 28.7692 8.85558
      vertex 9.5782 28.8258 8.85558
      vertex 9.29368 28.7692 8.82955
    endloop
  endfacet
  facet normal -0.195358 0.980732 0
    outer loop
      vertex 9.58234 28.8267 1.7
      vertex 9.29368 28.7692 3.55
      vertex 9.58234 28.8267 3.55
    endloop
  endfacet
  facet normal -0.195358 0.980732 0
    outer loop
      vertex 9.29368 28.7692 3.55
      vertex 9.58234 28.8267 1.7
      vertex 9.29368 28.7692 1.7
    endloop
  endfacet
  facet normal -0.442096 0.896968 0
    outer loop
      vertex 10.125 29.0514 1.7
      vertex 9.86104 28.9213 3.55
      vertex 10.125 29.0514 3.55
    endloop
  endfacet
  facet normal -0.442096 0.896968 0
    outer loop
      vertex 9.86104 28.9213 3.55
      vertex 10.125 29.0514 1.7
      vertex 9.86104 28.9213 1.7
    endloop
  endfacet
  facet normal 0.442096 0.896968 -0
    outer loop
      vertex 8.13896 28.9213 1.7
      vertex 7.875 29.0514 3.55
      vertex 8.13896 28.9213 3.55
    endloop
  endfacet
  facet normal 0.442096 0.896968 0
    outer loop
      vertex 7.875 29.0514 3.55
      vertex 8.13896 28.9213 1.7
      vertex 7.875 29.0514 1.7
    endloop
  endfacet
  facet normal 0.751882 -0.659298 0
    outer loop
      vertex 7.21496 32.3697 3.55
      vertex 7.40901 32.591 1.7
      vertex 7.40901 32.591 3.55
    endloop
  endfacet
  facet normal 0.751882 -0.659298 0
    outer loop
      vertex 7.40901 32.591 1.7
      vertex 7.21496 32.3697 3.55
      vertex 7.21496 32.3697 1.7
    endloop
  endfacet
  facet normal 0.8969 0.442233 0
    outer loop
      vertex 7.05144 29.875 3.55
      vertex 6.92127 30.139 1.7
      vertex 6.92127 30.139 3.55
    endloop
  endfacet
  facet normal 0.8969 0.442233 0
    outer loop
      vertex 6.92127 30.139 1.7
      vertex 7.05144 29.875 3.55
      vertex 7.05144 29.875 1.7
    endloop
  endfacet
  facet normal 0.997859 -0.0654027 0
    outer loop
      vertex 6.75 31 3.55
      vertex 6.76925 31.2937 1.7
      vertex 6.76925 31.2937 3.55
    endloop
  endfacet
  facet normal 0.997859 -0.0654027 0
    outer loop
      vertex 6.76925 31.2937 1.7
      vertex 6.75 31 3.55
      vertex 6.75 31 1.7
    endloop
  endfacet
  facet normal 0.831443 0.555609 0
    outer loop
      vertex 7.21496 29.6303 3.55
      vertex 7.05144 29.875 1.7
      vertex 7.05144 29.875 3.55
    endloop
  endfacet
  facet normal 0.831443 0.555609 0
    outer loop
      vertex 7.05144 29.875 1.7
      vertex 7.21496 29.6303 3.55
      vertex 7.21496 29.6303 1.7
    endloop
  endfacet
  facet normal 0.555782 -0.831328 0
    outer loop
      vertex 7.63029 32.785 1.7
      vertex 7.875 32.9486 3.55
      vertex 7.63029 32.785 3.55
    endloop
  endfacet
  facet normal 0.555782 -0.831328 0
    outer loop
      vertex 7.875 32.9486 3.55
      vertex 7.63029 32.785 1.7
      vertex 7.875 32.9486 1.7
    endloop
  endfacet
  facet normal -0.831318 0.555797 0
    outer loop
      vertex 10.785 29.6303 1.7
      vertex 10.9486 29.875 3.55
      vertex 10.9486 29.875 1.7
    endloop
  endfacet
  facet normal -0.831318 0.555797 0
    outer loop
      vertex 10.9486 29.875 3.55
      vertex 10.785 29.6303 1.7
      vertex 10.785 29.6303 3.55
    endloop
  endfacet
  facet normal 0.065238 0.99787 0
    outer loop
      vertex 9 28.75 8.85558
      vertex 8.70632 28.7692 8.82955
      vertex 8.70632 28.7692 8.85558
    endloop
  endfacet
  facet normal 0.065238 0.99787 0
    outer loop
      vertex 8.70632 28.7692 8.82955
      vertex 9 28.75 8.85558
      vertex 9 28.75 8.8207
    endloop
  endfacet
  facet normal 0.065238 0.99787 -0
    outer loop
      vertex 9 28.75 1.7
      vertex 8.70632 28.7692 3.55
      vertex 9 28.75 3.55
    endloop
  endfacet
  facet normal 0.065238 0.99787 0
    outer loop
      vertex 8.70632 28.7692 3.55
      vertex 9 28.75 1.7
      vertex 8.70632 28.7692 1.7
    endloop
  endfacet
  facet normal 0.659236 -0.751936 0
    outer loop
      vertex 7.40901 32.591 1.7
      vertex 7.63029 32.785 3.55
      vertex 7.40901 32.591 3.55
    endloop
  endfacet
  facet normal 0.659236 -0.751936 0
    outer loop
      vertex 7.63029 32.785 3.55
      vertex 7.40901 32.591 1.7
      vertex 7.63029 32.785 1.7
    endloop
  endfacet
  facet normal -0.555797 0.831318 0
    outer loop
      vertex 10.3697 29.215 1.7
      vertex 10.125 29.0514 3.55
      vertex 10.3697 29.215 3.55
    endloop
  endfacet
  facet normal -0.555797 0.831318 0
    outer loop
      vertex 10.125 29.0514 3.55
      vertex 10.3697 29.215 1.7
      vertex 10.125 29.0514 1.7
    endloop
  endfacet
  facet normal 0.980776 -0.195136 0
    outer loop
      vertex 6.76925 31.2937 3.55
      vertex 6.82667 31.5823 1.7
      vertex 6.82667 31.5823 3.55
    endloop
  endfacet
  facet normal 0.980776 -0.195136 0
    outer loop
      vertex 6.82667 31.5823 1.7
      vertex 6.76925 31.2937 3.55
      vertex 6.76925 31.2937 1.7
    endloop
  endfacet
  facet normal 0.065238 -0.99787 0
    outer loop
      vertex 8.70632 33.2308 1.7
      vertex 9 33.25 3.55
      vertex 8.70632 33.2308 3.55
    endloop
  endfacet
  facet normal 0.065238 -0.99787 0
    outer loop
      vertex 9 33.25 3.55
      vertex 8.70632 33.2308 1.7
      vertex 9 33.25 1.7
    endloop
  endfacet
  facet normal 0.321421 0.946936 -0
    outer loop
      vertex 8.41766 28.8267 1.7
      vertex 8.13896 28.9213 3.55
      vertex 8.41766 28.8267 3.55
    endloop
  endfacet
  facet normal 0.321421 0.946936 0
    outer loop
      vertex 8.13896 28.9213 3.55
      vertex 8.41766 28.8267 1.7
      vertex 8.13896 28.9213 1.7
    endloop
  endfacet
  facet normal 0.980776 0.195136 0
    outer loop
      vertex 6.82667 30.4177 3.55
      vertex 6.76925 30.7063 1.7
      vertex 6.76925 30.7063 3.55
    endloop
  endfacet
  facet normal 0.980776 0.195136 0
    outer loop
      vertex 6.76925 30.7063 1.7
      vertex 6.82667 30.4177 3.55
      vertex 6.82667 30.4177 1.7
    endloop
  endfacet
  facet normal 0.751882 0.659298 0
    outer loop
      vertex 7.40901 29.409 3.55
      vertex 7.21496 29.6303 1.7
      vertex 7.21496 29.6303 3.55
    endloop
  endfacet
  facet normal 0.751882 0.659298 0
    outer loop
      vertex 7.21496 29.6303 1.7
      vertex 7.40901 29.409 3.55
      vertex 7.40901 29.409 1.7
    endloop
  endfacet
  facet normal -0.065238 -0.99787 0
    outer loop
      vertex 9 33.25 1.7
      vertex 9.29368 33.2308 3.55
      vertex 9 33.25 3.55
    endloop
  endfacet
  facet normal -0.065238 -0.99787 -0
    outer loop
      vertex 9.29368 33.2308 3.55
      vertex 9 33.25 1.7
      vertex 9.29368 33.2308 1.7
    endloop
  endfacet
  facet normal 0.195108 0.980782 0
    outer loop
      vertex 8.70632 28.7692 8.85558
      vertex 8.70632 28.7692 8.82955
      vertex 8.4218 28.8258 8.85558
    endloop
  endfacet
  facet normal 0.195358 0.980732 -0
    outer loop
      vertex 8.70632 28.7692 1.7
      vertex 8.41766 28.8267 3.55
      vertex 8.70632 28.7692 3.55
    endloop
  endfacet
  facet normal 0.195358 0.980732 0
    outer loop
      vertex 8.41766 28.8267 3.55
      vertex 8.70632 28.7692 1.7
      vertex 8.41766 28.8267 1.7
    endloop
  endfacet
  facet normal 0.831443 -0.555609 0
    outer loop
      vertex 7.05144 32.125 3.55
      vertex 7.21496 32.3697 1.7
      vertex 7.21496 32.3697 3.55
    endloop
  endfacet
  facet normal 0.831443 -0.555609 0
    outer loop
      vertex 7.21496 32.3697 1.7
      vertex 7.05144 32.125 3.55
      vertex 7.05144 32.125 1.7
    endloop
  endfacet
  facet normal -0.624171 -0.0409587 -0.780214
    outer loop
      vertex 13.3386 31.5547 0
      vertex 13.375 31 0
      vertex 11.25 31 1.7
    endloop
  endfacet
  facet normal -0.592945 -0.198923 -0.780286
    outer loop
      vertex 11.1733 31.5823 1.7
      vertex 13.2207 32.1478 0
      vertex 13.2259 32.1323 0
    endloop
  endfacet
  facet normal -0.592307 -0.201049 -0.780225
    outer loop
      vertex 13.2207 32.1478 0
      vertex 11.1733 31.5823 1.7
      vertex 11.0787 31.861 1.7
    endloop
  endfacet
  facet normal -0.27663 0.561019 -0.780214
    outer loop
      vertex 10.6742 26.958 0
      vertex 10.125 29.0514 1.7
      vertex 11.1875 27.2111 0
    endloop
  endfacet
  facet normal -0.276531 0.561054 -0.780224
    outer loop
      vertex 10.125 29.0514 1.7
      vertex 10.6742 26.958 0
      vertex 9.86104 28.9213 1.7
    endloop
  endfacet
  facet normal 0.276529 -0.561051 -0.780226
    outer loop
      vertex 7.875 32.9486 1.7
      vertex 7.32576 35.042 0
      vertex 8.13896 33.0787 1.7
    endloop
  endfacet
  facet normal 0.276647 -0.56101 -0.780214
    outer loop
      vertex 7.32576 35.042 0
      vertex 7.875 32.9486 1.7
      vertex 6.8125 34.7889 0
    endloop
  endfacet
  facet normal 0.19904 0.592911 -0.780282
    outer loop
      vertex 7.85218 26.7793 0
      vertex 8.41766 28.8267 1.7
      vertex 7.86767 26.7741 0
    endloop
  endfacet
  facet normal 0.201049 0.592308 -0.780224
    outer loop
      vertex 8.41766 28.8267 1.7
      vertex 7.85218 26.7793 0
      vertex 8.13896 28.9213 1.7
    endloop
  endfacet
  facet normal 0.624172 -0.0409138 -0.780215
    outer loop
      vertex 4.66136 31.5547 0
      vertex 6.75 31 1.7
      vertex 4.625 31 0
    endloop
  endfacet
  facet normal 0.561023 -0.276623 -0.780213
    outer loop
      vertex 6.92127 31.861 1.7
      vertex 5.21114 33.1875 0
      vertex 7.05144 32.125 1.7
    endloop
  endfacet
  facet normal 0.561013 -0.276638 -0.780215
    outer loop
      vertex 5.21114 33.1875 0
      vertex 6.92127 31.861 1.7
      vertex 4.95803 32.6742 0
    endloop
  endfacet
  facet normal 0.412355 -0.470339 -0.780221
    outer loop
      vertex 7.40901 32.591 1.7
      vertex 6.33667 34.4709 0
      vertex 7.63029 32.785 1.7
    endloop
  endfacet
  facet normal 0.412412 -0.4703 -0.780214
    outer loop
      vertex 6.33667 34.4709 0
      vertex 7.40901 32.591 1.7
      vertex 5.90641 34.0936 0
    endloop
  endfacet
  facet normal -0.561009 -0.276624 -0.780223
    outer loop
      vertex 11.0787 31.861 1.7
      vertex 12.7889 33.1875 0
      vertex 13.042 32.6742 0
    endloop
  endfacet
  facet normal -0.561087 -0.276505 -0.780209
    outer loop
      vertex 12.7889 33.1875 0
      vertex 11.0787 31.861 1.7
      vertex 10.9486 32.125 1.7
    endloop
  endfacet
  facet normal -0.201073 -0.592305 -0.780221
    outer loop
      vertex 10.1478 35.2207 0
      vertex 10.6742 35.042 0
      vertex 9.86104 33.0787 1.7
    endloop
  endfacet
  facet normal -0.27663 -0.561019 -0.780214
    outer loop
      vertex 10.125 32.9486 1.7
      vertex 10.6742 35.042 0
      vertex 11.1875 34.7889 0
    endloop
  endfacet
  facet normal -0.276531 -0.561054 -0.780224
    outer loop
      vertex 10.6742 35.042 0
      vertex 10.125 32.9486 1.7
      vertex 9.86104 33.0787 1.7
    endloop
  endfacet
  facet normal -0.347574 0.520049 -0.780219
    outer loop
      vertex 11.1875 27.2111 0
      vertex 10.3697 29.215 1.7
      vertex 11.6633 27.5291 0
    endloop
  endfacet
  facet normal -0.347662 0.520005 -0.780209
    outer loop
      vertex 10.3697 29.215 1.7
      vertex 11.1875 27.2111 0
      vertex 10.125 29.0514 1.7
    endloop
  endfacet
  facet normal -0.520056 0.347578 -0.780212
    outer loop
      vertex 12.4709 28.3367 0
      vertex 10.9486 29.875 1.7
      vertex 12.7889 28.8125 0
    endloop
  endfacet
  facet normal -0.519992 0.347653 -0.780222
    outer loop
      vertex 10.9486 29.875 1.7
      vertex 12.4709 28.3367 0
      vertex 10.785 29.6303 1.7
    endloop
  endfacet
  facet normal -0.0409558 -0.624171 -0.780214
    outer loop
      vertex 9 35.375 0
      vertex 9.55474 35.3386 0
      vertex 9 33.25 1.7
    endloop
  endfacet
  facet normal 0.470312 0.4124 -0.780213
    outer loop
      vertex 5.90641 27.9064 0
      vertex 7.21496 29.6303 1.7
      vertex 7.40901 29.409 1.7
    endloop
  endfacet
  facet normal 0.470303 0.412408 -0.780215
    outer loop
      vertex 7.21496 29.6303 1.7
      vertex 5.90641 27.9064 0
      vertex 5.52908 28.3367 0
    endloop
  endfacet
  facet normal -0.122094 -0.613477 -0.780217
    outer loop
      vertex 9.58234 33.1733 1.7
      vertex 9.57105 35.3376 0
      vertex 10.1323 35.2259 0
    endloop
  endfacet
  facet normal -0.122201 -0.613469 -0.780207
    outer loop
      vertex 9.57105 35.3376 0
      vertex 9.58234 33.1733 1.7
      vertex 9.29368 33.2308 1.7
    endloop
  endfacet
  facet normal 0.592317 0.201052 -0.780217
    outer loop
      vertex 4.77933 29.8522 0
      vertex 6.82667 30.4177 1.7
      vertex 6.92127 30.139 1.7
    endloop
  endfacet
  facet normal 0.592434 0.200663 -0.780228
    outer loop
      vertex 6.82667 30.4177 1.7
      vertex 4.77933 29.8522 0
      vertex 4.77408 29.8677 0
    endloop
  endfacet
  facet normal -0.613483 -0.122106 -0.780211
    outer loop
      vertex 11.2308 31.2937 1.7
      vertex 13.2259 32.1323 0
      vertex 13.3376 31.5711 0
    endloop
  endfacet
  facet normal -0.613445 -0.122221 -0.780223
    outer loop
      vertex 13.2259 32.1323 0
      vertex 11.2308 31.2937 1.7
      vertex 11.1733 31.5823 1.7
    endloop
  endfacet
  facet normal -0.201073 0.592305 -0.780221
    outer loop
      vertex 10.6742 26.958 0
      vertex 10.1478 26.7793 0
      vertex 9.86104 28.9213 1.7
    endloop
  endfacet
  facet normal 0.613486 -0.122059 -0.780216
    outer loop
      vertex 6.76925 31.2937 1.7
      vertex 4.77408 32.1323 0
      vertex 6.82667 31.5823 1.7
    endloop
  endfacet
  facet normal 0.613488 -0.122053 -0.780215
    outer loop
      vertex 4.77408 32.1323 0
      vertex 6.76925 31.2937 1.7
      vertex 4.66243 31.5711 0
    endloop
  endfacet
  facet normal 0.201049 -0.592308 -0.780224
    outer loop
      vertex 7.85218 35.2207 0
      vertex 8.41766 33.1733 1.7
      vertex 8.13896 33.0787 1.7
    endloop
  endfacet
  facet normal 0.19904 -0.592911 -0.780282
    outer loop
      vertex 8.41766 33.1733 1.7
      vertex 7.85218 35.2207 0
      vertex 7.86767 35.2259 0
    endloop
  endfacet
  facet normal -0.0382864 -0.624451 -0.780125
    outer loop
      vertex 9.29368 33.2308 1.7
      vertex 9.55474 35.3386 0
      vertex 9.57105 35.3376 0
    endloop
  endfacet
  facet normal -0.0408084 -0.624198 -0.780199
    outer loop
      vertex 9.55474 35.3386 0
      vertex 9.29368 33.2308 1.7
      vertex 9 33.25 1.7
    endloop
  endfacet
  facet normal -0.198924 0.592947 -0.780284
    outer loop
      vertex 9.58234 28.8267 1.7
      vertex 10.1478 26.7793 0
      vertex 10.1323 26.7741 0
    endloop
  endfacet
  facet normal -0.201049 0.592309 -0.780223
    outer loop
      vertex 10.1478 26.7793 0
      vertex 9.58234 28.8267 1.7
      vertex 9.86104 28.9213 1.7
    endloop
  endfacet
  facet normal -0.592945 0.198923 -0.780286
    outer loop
      vertex 13.2207 29.8522 0
      vertex 11.1733 30.4177 1.7
      vertex 13.2259 29.8677 0
    endloop
  endfacet
  facet normal -0.592307 0.201049 -0.780225
    outer loop
      vertex 11.1733 30.4177 1.7
      vertex 13.2207 29.8522 0
      vertex 11.0787 30.139 1.7
    endloop
  endfacet
  facet normal 0.122201 -0.613469 -0.780207
    outer loop
      vertex 8.41766 33.1733 1.7
      vertex 8.42895 35.3376 0
      vertex 8.70632 33.2308 1.7
    endloop
  endfacet
  facet normal 0.122088 -0.613477 -0.780218
    outer loop
      vertex 8.42895 35.3376 0
      vertex 8.41766 33.1733 1.7
      vertex 7.86767 35.2259 0
    endloop
  endfacet
  facet normal -0.624171 0.0409587 -0.780214
    outer loop
      vertex 13.375 31 0
      vertex 13.3386 30.4453 0
      vertex 11.25 31 1.7
    endloop
  endfacet
  facet normal -0.412391 -0.47032 -0.780213
    outer loop
      vertex 10.591 32.591 1.7
      vertex 11.6633 34.4709 0
      vertex 12.0936 34.0936 0
    endloop
  endfacet
  facet normal -0.412334 -0.470359 -0.78022
    outer loop
      vertex 11.6633 34.4709 0
      vertex 10.591 32.591 1.7
      vertex 10.3697 32.785 1.7
    endloop
  endfacet
  facet normal 0.624173 -0.0409102 -0.780215
    outer loop
      vertex 4.66136 31.5547 0
      vertex 6.76925 31.2937 1.7
      vertex 6.75 31 1.7
    endloop
  endfacet
  facet normal 0.624191 -0.0407247 -0.780209
    outer loop
      vertex 6.76925 31.2937 1.7
      vertex 4.66136 31.5547 0
      vertex 4.66243 31.5711 0
    endloop
  endfacet
  facet normal -0.561009 0.276624 -0.780223
    outer loop
      vertex 12.7889 28.8125 0
      vertex 11.0787 30.139 1.7
      vertex 13.042 29.3258 0
    endloop
  endfacet
  facet normal -0.561087 0.276505 -0.780209
    outer loop
      vertex 11.0787 30.139 1.7
      vertex 12.7889 28.8125 0
      vertex 10.9486 29.875 1.7
    endloop
  endfacet
  facet normal 0.0409558 -0.624171 -0.780214
    outer loop
      vertex 9 35.375 0
      vertex 9 33.25 1.7
      vertex 8.44526 35.3386 0
    endloop
  endfacet
  facet normal -0.122094 0.613477 -0.780217
    outer loop
      vertex 9.57105 26.6624 0
      vertex 9.58234 28.8267 1.7
      vertex 10.1323 26.7741 0
    endloop
  endfacet
  facet normal -0.122201 0.613469 -0.780207
    outer loop
      vertex 9.58234 28.8267 1.7
      vertex 9.57105 26.6624 0
      vertex 9.29368 28.7692 1.7
    endloop
  endfacet
  facet normal 0.592312 0.201076 -0.780215
    outer loop
      vertex 6.92127 30.139 1.7
      vertex 4.95803 29.3258 0
      vertex 4.77933 29.8522 0
    endloop
  endfacet
  facet normal 0.122201 0.613469 -0.780207
    outer loop
      vertex 8.42895 26.6624 0
      vertex 8.41766 28.8267 1.7
      vertex 8.70632 28.7692 1.7
    endloop
  endfacet
  facet normal 0.122088 0.613477 -0.780218
    outer loop
      vertex 8.41766 28.8267 1.7
      vertex 8.42895 26.6624 0
      vertex 7.86767 26.7741 0
    endloop
  endfacet
  facet normal 0.520077 -0.34754 -0.780215
    outer loop
      vertex 7.05144 32.125 1.7
      vertex 5.52908 33.6633 0
      vertex 7.21496 32.3697 1.7
    endloop
  endfacet
  facet normal 0.520084 -0.347532 -0.780214
    outer loop
      vertex 5.52908 33.6633 0
      vertex 7.05144 32.125 1.7
      vertex 5.21114 33.1875 0
    endloop
  endfacet
  facet normal 0.0408084 0.624198 -0.780199
    outer loop
      vertex 8.44526 26.6614 0
      vertex 8.70632 28.7692 1.7
      vertex 9 28.75 1.7
    endloop
  endfacet
  facet normal 0.0382864 0.624451 -0.780125
    outer loop
      vertex 8.70632 28.7692 1.7
      vertex 8.44526 26.6614 0
      vertex 8.42895 26.6624 0
    endloop
  endfacet
  facet normal -0.592302 0.201072 -0.780223
    outer loop
      vertex 13.2207 29.8522 0
      vertex 13.042 29.3258 0
      vertex 11.0787 30.139 1.7
    endloop
  endfacet
  facet normal 0.520077 0.34754 -0.780215
    outer loop
      vertex 5.52908 28.3367 0
      vertex 7.05144 29.875 1.7
      vertex 7.21496 29.6303 1.7
    endloop
  endfacet
  facet normal 0.520084 0.347532 -0.780214
    outer loop
      vertex 7.05144 29.875 1.7
      vertex 5.52908 28.3367 0
      vertex 5.21114 28.8125 0
    endloop
  endfacet
  facet normal 0.592312 -0.201076 -0.780215
    outer loop
      vertex 4.95803 32.6742 0
      vertex 6.92127 31.861 1.7
      vertex 4.77933 32.1478 0
    endloop
  endfacet
  facet normal -0.470316 -0.412387 -0.780218
    outer loop
      vertex 10.785 32.3697 1.7
      vertex 12.0936 34.0936 0
      vertex 12.4709 33.6633 0
    endloop
  endfacet
  facet normal -0.470367 -0.412342 -0.780211
    outer loop
      vertex 12.0936 34.0936 0
      vertex 10.785 32.3697 1.7
      vertex 10.591 32.591 1.7
    endloop
  endfacet
  facet normal -0.201049 -0.592309 -0.780223
    outer loop
      vertex 9.58234 33.1733 1.7
      vertex 10.1478 35.2207 0
      vertex 9.86104 33.0787 1.7
    endloop
  endfacet
  facet normal -0.198924 -0.592947 -0.780284
    outer loop
      vertex 10.1478 35.2207 0
      vertex 9.58234 33.1733 1.7
      vertex 10.1323 35.2259 0
    endloop
  endfacet
  facet normal 0.592317 -0.201052 -0.780217
    outer loop
      vertex 6.82667 31.5823 1.7
      vertex 4.77933 32.1478 0
      vertex 6.92127 31.861 1.7
    endloop
  endfacet
  facet normal 0.592434 -0.200663 -0.780228
    outer loop
      vertex 4.77933 32.1478 0
      vertex 6.82667 31.5823 1.7
      vertex 4.77408 32.1323 0
    endloop
  endfacet
  facet normal -0.347574 -0.520049 -0.780219
    outer loop
      vertex 10.3697 32.785 1.7
      vertex 11.1875 34.7889 0
      vertex 11.6633 34.4709 0
    endloop
  endfacet
  facet normal -0.347662 -0.520005 -0.780209
    outer loop
      vertex 11.1875 34.7889 0
      vertex 10.3697 32.785 1.7
      vertex 10.125 32.9486 1.7
    endloop
  endfacet
  facet normal -0.613483 0.122106 -0.780211
    outer loop
      vertex 13.2259 29.8677 0
      vertex 11.2308 30.7063 1.7
      vertex 13.3376 30.4289 0
    endloop
  endfacet
  facet normal -0.613445 0.122221 -0.780223
    outer loop
      vertex 11.2308 30.7063 1.7
      vertex 13.2259 29.8677 0
      vertex 11.1733 30.4177 1.7
    endloop
  endfacet
  facet normal 0.0408084 -0.624198 -0.780199
    outer loop
      vertex 8.70632 33.2308 1.7
      vertex 8.44526 35.3386 0
      vertex 9 33.25 1.7
    endloop
  endfacet
  facet normal 0.0382864 -0.624451 -0.780125
    outer loop
      vertex 8.44526 35.3386 0
      vertex 8.70632 33.2308 1.7
      vertex 8.42895 35.3376 0
    endloop
  endfacet
  facet normal -0.520056 -0.347578 -0.780212
    outer loop
      vertex 10.9486 32.125 1.7
      vertex 12.4709 33.6633 0
      vertex 12.7889 33.1875 0
    endloop
  endfacet
  facet normal -0.519992 -0.347653 -0.780222
    outer loop
      vertex 12.4709 33.6633 0
      vertex 10.9486 32.125 1.7
      vertex 10.785 32.3697 1.7
    endloop
  endfacet
  facet normal -0.592302 -0.201072 -0.780223
    outer loop
      vertex 13.042 32.6742 0
      vertex 13.2207 32.1478 0
      vertex 11.0787 31.861 1.7
    endloop
  endfacet
  facet normal 0.561023 0.276623 -0.780213
    outer loop
      vertex 5.21114 28.8125 0
      vertex 6.92127 30.139 1.7
      vertex 7.05144 29.875 1.7
    endloop
  endfacet
  facet normal 0.561013 0.276638 -0.780215
    outer loop
      vertex 6.92127 30.139 1.7
      vertex 5.21114 28.8125 0
      vertex 4.95803 29.3258 0
    endloop
  endfacet
  facet normal -0.624472 0.0380776 -0.780118
    outer loop
      vertex 11.2308 30.7063 1.7
      vertex 13.3386 30.4453 0
      vertex 13.3376 30.4289 0
    endloop
  endfacet
  facet normal -0.624199 0.0408057 -0.780199
    outer loop
      vertex 13.3386 30.4453 0
      vertex 11.2308 30.7063 1.7
      vertex 11.25 31 1.7
    endloop
  endfacet
  facet normal 0.201065 -0.592305 -0.780223
    outer loop
      vertex 7.85218 35.2207 0
      vertex 8.13896 33.0787 1.7
      vertex 7.32576 35.042 0
    endloop
  endfacet
  facet normal 0.624172 0.0409138 -0.780215
    outer loop
      vertex 6.75 31 1.7
      vertex 4.66136 30.4453 0
      vertex 4.625 31 0
    endloop
  endfacet
  facet normal 0.347652 -0.520011 -0.78021
    outer loop
      vertex 7.63029 32.785 1.7
      vertex 6.8125 34.7889 0
      vertex 7.875 32.9486 1.7
    endloop
  endfacet
  facet normal 0.347558 -0.520058 -0.78022
    outer loop
      vertex 6.8125 34.7889 0
      vertex 7.63029 32.785 1.7
      vertex 6.33667 34.4709 0
    endloop
  endfacet
  facet normal -0.0382864 0.624451 -0.780125
    outer loop
      vertex 9.55474 26.6614 0
      vertex 9.29368 28.7692 1.7
      vertex 9.57105 26.6624 0
    endloop
  endfacet
  facet normal -0.0408084 0.624198 -0.780199
    outer loop
      vertex 9.29368 28.7692 1.7
      vertex 9.55474 26.6614 0
      vertex 9 28.75 1.7
    endloop
  endfacet
  facet normal 0.201065 0.592305 -0.780223
    outer loop
      vertex 8.13896 28.9213 1.7
      vertex 7.85218 26.7793 0
      vertex 7.32576 26.958 0
    endloop
  endfacet
  facet normal 0.470312 -0.4124 -0.780213
    outer loop
      vertex 7.21496 32.3697 1.7
      vertex 5.90641 34.0936 0
      vertex 7.40901 32.591 1.7
    endloop
  endfacet
  facet normal 0.470303 -0.412408 -0.780215
    outer loop
      vertex 5.90641 34.0936 0
      vertex 7.21496 32.3697 1.7
      vertex 5.52908 33.6633 0
    endloop
  endfacet
  facet normal -0.470316 0.412387 -0.780218
    outer loop
      vertex 12.0936 27.9064 0
      vertex 10.785 29.6303 1.7
      vertex 12.4709 28.3367 0
    endloop
  endfacet
  facet normal -0.470367 0.412342 -0.780211
    outer loop
      vertex 10.785 29.6303 1.7
      vertex 12.0936 27.9064 0
      vertex 10.591 29.409 1.7
    endloop
  endfacet
  facet normal -0.0409558 0.624171 -0.780214
    outer loop
      vertex 9 28.75 1.7
      vertex 9.55474 26.6614 0
      vertex 9 26.625 0
    endloop
  endfacet
  facet normal 0.0409558 0.624171 -0.780214
    outer loop
      vertex 9 28.75 1.7
      vertex 9 26.625 0
      vertex 8.44526 26.6614 0
    endloop
  endfacet
  facet normal 0.613486 0.122059 -0.780216
    outer loop
      vertex 4.77408 29.8677 0
      vertex 6.76925 30.7063 1.7
      vertex 6.82667 30.4177 1.7
    endloop
  endfacet
  facet normal 0.613488 0.122053 -0.780215
    outer loop
      vertex 6.76925 30.7063 1.7
      vertex 4.77408 29.8677 0
      vertex 4.66243 30.4289 0
    endloop
  endfacet
  facet normal -0.624199 -0.0408057 -0.780199
    outer loop
      vertex 11.2308 31.2937 1.7
      vertex 13.3386 31.5547 0
      vertex 11.25 31 1.7
    endloop
  endfacet
  facet normal -0.624472 -0.0380776 -0.780118
    outer loop
      vertex 13.3386 31.5547 0
      vertex 11.2308 31.2937 1.7
      vertex 13.3376 31.5711 0
    endloop
  endfacet
  facet normal -0.412391 0.47032 -0.780213
    outer loop
      vertex 11.6633 27.5291 0
      vertex 10.591 29.409 1.7
      vertex 12.0936 27.9064 0
    endloop
  endfacet
  facet normal -0.412334 0.470359 -0.78022
    outer loop
      vertex 10.591 29.409 1.7
      vertex 11.6633 27.5291 0
      vertex 10.3697 29.215 1.7
    endloop
  endfacet
  facet normal 0.276529 0.561051 -0.780226
    outer loop
      vertex 7.32576 26.958 0
      vertex 7.875 29.0514 1.7
      vertex 8.13896 28.9213 1.7
    endloop
  endfacet
  facet normal 0.276647 0.56101 -0.780214
    outer loop
      vertex 7.875 29.0514 1.7
      vertex 7.32576 26.958 0
      vertex 6.8125 27.2111 0
    endloop
  endfacet
  facet normal 0.347652 0.520011 -0.78021
    outer loop
      vertex 6.8125 27.2111 0
      vertex 7.63029 29.215 1.7
      vertex 7.875 29.0514 1.7
    endloop
  endfacet
  facet normal 0.347558 0.520058 -0.78022
    outer loop
      vertex 7.63029 29.215 1.7
      vertex 6.8125 27.2111 0
      vertex 6.33667 27.5291 0
    endloop
  endfacet
  facet normal 0.412355 0.470339 -0.780221
    outer loop
      vertex 6.33667 27.5291 0
      vertex 7.40901 29.409 1.7
      vertex 7.63029 29.215 1.7
    endloop
  endfacet
  facet normal 0.412412 0.4703 -0.780214
    outer loop
      vertex 7.40901 29.409 1.7
      vertex 6.33667 27.5291 0
      vertex 5.90641 27.9064 0
    endloop
  endfacet
  facet normal 0.624191 0.0407247 -0.780209
    outer loop
      vertex 4.66136 30.4453 0
      vertex 6.76925 30.7063 1.7
      vertex 4.66243 30.4289 0
    endloop
  endfacet
  facet normal 0.624173 0.0409102 -0.780215
    outer loop
      vertex 6.76925 30.7063 1.7
      vertex 4.66136 30.4453 0
      vertex 6.75 31 1.7
    endloop
  endfacet
  facet normal -0.980646 -0.195789 0
    outer loop
      vertex 11.2308 139.294 1.7
      vertex 11.1733 139.582 3.55
      vertex 11.1733 139.582 1.7
    endloop
  endfacet
  facet normal -0.980646 -0.195789 0
    outer loop
      vertex 11.1733 139.582 3.55
      vertex 11.2308 139.294 1.7
      vertex 11.2308 139.294 3.55
    endloop
  endfacet
  facet normal -0.997874 -0.0651673 0
    outer loop
      vertex 11.25 139 1.7
      vertex 11.2308 139.294 3.55
      vertex 11.2308 139.294 1.7
    endloop
  endfacet
  facet normal -0.997874 -0.0651673 0
    outer loop
      vertex 11.2308 139.294 3.55
      vertex 11.25 139 1.7
      vertex 11.25 139 3.55
    endloop
  endfacet
  facet normal -0.947041 -0.321112 0
    outer loop
      vertex 11.1733 139.582 1.7
      vertex 11.0787 139.861 3.55
      vertex 11.0787 139.861 1.7
    endloop
  endfacet
  facet normal -0.947041 -0.321112 0
    outer loop
      vertex 11.0787 139.861 3.55
      vertex 11.1733 139.582 1.7
      vertex 11.1733 139.582 3.55
    endloop
  endfacet
  facet normal -0.831632 -0.555327 0
    outer loop
      vertex 10.9486 140.125 1.7
      vertex 10.785 140.37 3.55
      vertex 10.785 140.37 1.7
    endloop
  endfacet
  facet normal -0.831632 -0.555327 0
    outer loop
      vertex 10.785 140.37 3.55
      vertex 10.9486 140.125 1.7
      vertex 10.9486 140.125 3.55
    endloop
  endfacet
  facet normal 0.659236 0.751936 -0
    outer loop
      vertex 7.63029 137.215 1.7
      vertex 7.40901 137.409 3.55
      vertex 7.63029 137.215 3.55
    endloop
  endfacet
  facet normal 0.659236 0.751936 0
    outer loop
      vertex 7.40901 137.409 3.55
      vertex 7.63029 137.215 1.7
      vertex 7.40901 137.409 1.7
    endloop
  endfacet
  facet normal -0.751522 0.659708 0
    outer loop
      vertex 10.591 137.409 1.7
      vertex 10.785 137.63 3.55
      vertex 10.785 137.63 1.7
    endloop
  endfacet
  facet normal -0.751522 0.659708 0
    outer loop
      vertex 10.785 137.63 3.55
      vertex 10.591 137.409 1.7
      vertex 10.591 137.409 3.55
    endloop
  endfacet
  facet normal -0.659202 -0.751966 0
    outer loop
      vertex 10.3697 140.785 1.7
      vertex 10.591 140.591 3.55
      vertex 10.3697 140.785 3.55
    endloop
  endfacet
  facet normal -0.659202 -0.751966 -0
    outer loop
      vertex 10.591 140.591 3.55
      vertex 10.3697 140.785 1.7
      vertex 10.591 140.591 1.7
    endloop
  endfacet
  facet normal 0.441822 -0.897103 0
    outer loop
      vertex 7.875 140.949 1.7
      vertex 8.13896 141.079 3.55
      vertex 7.875 140.949 3.55
    endloop
  endfacet
  facet normal 0.441822 -0.897103 0
    outer loop
      vertex 8.13896 141.079 3.55
      vertex 7.875 140.949 1.7
      vertex 8.13896 141.079 1.7
    endloop
  endfacet
  facet normal 0 0 -1
    outer loop
      vertex 9 136.75 58.53
      vertex 9.5782 136.826 58.53
      vertex 9.29368 136.769 58.53
    endloop
  endfacet
  facet normal 0 0 -1
    outer loop
      vertex 8.70632 136.769 58.53
      vertex 9.5782 136.826 58.53
      vertex 9 136.75 58.53
    endloop
  endfacet
  facet normal -0 0 -1
    outer loop
      vertex 9.5782 136.826 58.53
      vertex 8.70632 136.769 58.53
      vertex 8.4218 136.826 58.53
    endloop
  endfacet
  facet normal -0.441822 -0.897103 0
    outer loop
      vertex 9.86104 141.079 1.7
      vertex 10.125 140.949 3.55
      vertex 9.86104 141.079 3.55
    endloop
  endfacet
  facet normal -0.441822 -0.897103 -0
    outer loop
      vertex 10.125 140.949 3.55
      vertex 9.86104 141.079 1.7
      vertex 10.125 140.949 1.7
    endloop
  endfacet
  facet normal -0.896995 0.442042 0
    outer loop
      vertex 10.9486 137.875 1.7
      vertex 11.0787 138.139 3.55
      vertex 11.0787 138.139 1.7
    endloop
  endfacet
  facet normal -0.896995 0.442042 0
    outer loop
      vertex 11.0787 138.139 3.55
      vertex 10.9486 137.875 1.7
      vertex 10.9486 137.875 3.55
    endloop
  endfacet
  facet normal -0.319592 0.947555 0
    outer loop
      vertex 9.86104 136.921 1.7
      vertex 9.58234 136.827 3.55
      vertex 9.86104 136.921 3.55
    endloop
  endfacet
  facet normal -0.319592 0.947555 0
    outer loop
      vertex 9.58234 136.827 3.55
      vertex 9.86104 136.921 1.7
      vertex 9.58234 136.827 1.7
    endloop
  endfacet
  facet normal -0.896995 -0.442042 0
    outer loop
      vertex 11.0787 139.861 1.7
      vertex 10.9486 140.125 3.55
      vertex 10.9486 140.125 1.7
    endloop
  endfacet
  facet normal -0.896995 -0.442042 0
    outer loop
      vertex 10.9486 140.125 3.55
      vertex 11.0787 139.861 1.7
      vertex 11.0787 139.861 3.55
    endloop
  endfacet
  facet normal 0.8969 -0.442233 0
    outer loop
      vertex 6.92127 139.861 3.55
      vertex 7.05144 140.125 1.7
      vertex 7.05144 140.125 3.55
    endloop
  endfacet
  facet normal 0.8969 -0.442233 0
    outer loop
      vertex 7.05144 140.125 1.7
      vertex 6.92127 139.861 3.55
      vertex 6.92127 139.861 1.7
    endloop
  endfacet
  facet normal -0.751522 -0.659708 0
    outer loop
      vertex 10.785 140.37 1.7
      vertex 10.591 140.591 3.55
      vertex 10.591 140.591 1.7
    endloop
  endfacet
  facet normal -0.751522 -0.659708 0
    outer loop
      vertex 10.591 140.591 3.55
      vertex 10.785 140.37 1.7
      vertex 10.785 140.37 3.55
    endloop
  endfacet
  facet normal -0.980646 0.195789 0
    outer loop
      vertex 11.1733 138.418 1.7
      vertex 11.2308 138.706 3.55
      vertex 11.2308 138.706 1.7
    endloop
  endfacet
  facet normal -0.980646 0.195789 0
    outer loop
      vertex 11.2308 138.706 3.55
      vertex 11.1733 138.418 1.7
      vertex 11.1733 138.418 3.55
    endloop
  endfacet
  facet normal -0.997874 0.0651673 0
    outer loop
      vertex 11.2308 138.706 1.7
      vertex 11.25 139 3.55
      vertex 11.25 139 1.7
    endloop
  endfacet
  facet normal -0.997874 0.0651673 0
    outer loop
      vertex 11.25 139 3.55
      vertex 11.2308 138.706 1.7
      vertex 11.2308 138.706 3.55
    endloop
  endfacet
  facet normal 0.55672 0.8307 -0
    outer loop
      vertex 7.875 137.051 1.7
      vertex 7.63029 137.215 3.55
      vertex 7.875 137.051 3.55
    endloop
  endfacet
  facet normal 0.55672 0.8307 0
    outer loop
      vertex 7.63029 137.215 3.55
      vertex 7.875 137.051 1.7
      vertex 7.63029 137.215 1.7
    endloop
  endfacet
  facet normal 0.947041 0.321112 0
    outer loop
      vertex 6.92127 138.139 3.55
      vertex 6.82667 138.418 1.7
      vertex 6.82667 138.418 3.55
    endloop
  endfacet
  facet normal 0.947041 0.321112 0
    outer loop
      vertex 6.82667 138.418 1.7
      vertex 6.92127 138.139 3.55
      vertex 6.92127 138.139 1.7
    endloop
  endfacet
  facet normal 0.997863 0.0653363 0
    outer loop
      vertex 6.76925 138.706 3.55
      vertex 6.75 139 1.7
      vertex 6.75 139 3.55
    endloop
  endfacet
  facet normal 0.997863 0.0653363 0
    outer loop
      vertex 6.75 139 1.7
      vertex 6.76925 138.706 3.55
      vertex 6.76925 138.706 1.7
    endloop
  endfacet
  facet normal 0.751438 0.659804 0
    outer loop
      vertex 7.40901 137.409 3.55
      vertex 7.21496 137.63 1.7
      vertex 7.21496 137.63 3.55
    endloop
  endfacet
  facet normal 0.751438 0.659804 0
    outer loop
      vertex 7.21496 137.63 1.7
      vertex 7.40901 137.409 3.55
      vertex 7.40901 137.409 1.7
    endloop
  endfacet
  facet normal 0.319592 -0.947555 0
    outer loop
      vertex 8.13896 141.079 1.7
      vertex 8.41766 141.173 3.55
      vertex 8.13896 141.079 3.55
    endloop
  endfacet
  facet normal 0.319592 -0.947555 0
    outer loop
      vertex 8.41766 141.173 3.55
      vertex 8.13896 141.079 1.7
      vertex 8.41766 141.173 1.7
    endloop
  endfacet
  facet normal -0.659202 0.751966 0
    outer loop
      vertex 10.591 137.409 1.7
      vertex 10.3697 137.215 3.55
      vertex 10.591 137.409 3.55
    endloop
  endfacet
  facet normal -0.659202 0.751966 0
    outer loop
      vertex 10.3697 137.215 3.55
      vertex 10.591 137.409 1.7
      vertex 10.3697 137.215 1.7
    endloop
  endfacet
  facet normal -0.0645613 0.997914 0
    outer loop
      vertex 9.29368 136.769 58.504
      vertex 9 136.75 58.53
      vertex 9.29368 136.769 58.53
    endloop
  endfacet
  facet normal -0.0645613 0.997914 0
    outer loop
      vertex 9 136.75 58.53
      vertex 9.29368 136.769 58.504
      vertex 9 136.75 58.4952
    endloop
  endfacet
  facet normal -0.0645613 0.997914 0
    outer loop
      vertex 9.29368 136.769 1.7
      vertex 9 136.75 3.55
      vertex 9.29368 136.769 3.55
    endloop
  endfacet
  facet normal -0.0645613 0.997914 0
    outer loop
      vertex 9 136.75 3.55
      vertex 9.29368 136.769 1.7
      vertex 9 136.75 1.7
    endloop
  endfacet
  facet normal -0.196991 -0.980405 0
    outer loop
      vertex 9.29368 141.231 1.7
      vertex 9.58234 141.173 3.55
      vertex 9.29368 141.231 3.55
    endloop
  endfacet
  facet normal -0.196991 -0.980405 -0
    outer loop
      vertex 9.58234 141.173 3.55
      vertex 9.29368 141.231 1.7
      vertex 9.58234 141.173 1.7
    endloop
  endfacet
  facet normal -0.319592 -0.947555 0
    outer loop
      vertex 9.58234 141.173 1.7
      vertex 9.86104 141.079 3.55
      vertex 9.58234 141.173 3.55
    endloop
  endfacet
  facet normal -0.319592 -0.947555 -0
    outer loop
      vertex 9.86104 141.079 3.55
      vertex 9.58234 141.173 1.7
      vertex 9.86104 141.079 1.7
    endloop
  endfacet
  facet normal -0.947041 0.321112 0
    outer loop
      vertex 11.0787 138.139 1.7
      vertex 11.1733 138.418 3.55
      vertex 11.1733 138.418 1.7
    endloop
  endfacet
  facet normal -0.947041 0.321112 0
    outer loop
      vertex 11.1733 138.418 3.55
      vertex 11.0787 138.139 1.7
      vertex 11.0787 138.139 3.55
    endloop
  endfacet
  facet normal 0.196991 -0.980405 0
    outer loop
      vertex 8.41766 141.173 1.7
      vertex 8.70632 141.231 3.55
      vertex 8.41766 141.173 3.55
    endloop
  endfacet
  facet normal 0.196991 -0.980405 0
    outer loop
      vertex 8.70632 141.231 3.55
      vertex 8.41766 141.173 1.7
      vertex 8.70632 141.231 1.7
    endloop
  endfacet
  facet normal 0.947041 -0.321112 0
    outer loop
      vertex 6.82667 139.582 3.55
      vertex 6.92127 139.861 1.7
      vertex 6.92127 139.861 3.55
    endloop
  endfacet
  facet normal 0.947041 -0.321112 0
    outer loop
      vertex 6.92127 139.861 1.7
      vertex 6.82667 139.582 3.55
      vertex 6.82667 139.582 1.7
    endloop
  endfacet
  facet normal -0.556735 -0.83069 0
    outer loop
      vertex 10.125 140.949 1.7
      vertex 10.3697 140.785 3.55
      vertex 10.125 140.949 3.55
    endloop
  endfacet
  facet normal -0.556735 -0.83069 -0
    outer loop
      vertex 10.3697 140.785 3.55
      vertex 10.125 140.949 1.7
      vertex 10.3697 140.785 1.7
    endloop
  endfacet
  facet normal -0.196434 0.980517 0
    outer loop
      vertex 9.29368 136.769 58.53
      vertex 9.5782 136.826 58.53
      vertex 9.29368 136.769 58.504
    endloop
  endfacet
  facet normal -0.196991 0.980405 0
    outer loop
      vertex 9.58234 136.827 1.7
      vertex 9.29368 136.769 3.55
      vertex 9.58234 136.827 3.55
    endloop
  endfacet
  facet normal -0.196991 0.980405 0
    outer loop
      vertex 9.29368 136.769 3.55
      vertex 9.58234 136.827 1.7
      vertex 9.29368 136.769 1.7
    endloop
  endfacet
  facet normal -0.441822 0.897103 0
    outer loop
      vertex 10.125 137.051 1.7
      vertex 9.86104 136.921 3.55
      vertex 10.125 137.051 3.55
    endloop
  endfacet
  facet normal -0.441822 0.897103 0
    outer loop
      vertex 9.86104 136.921 3.55
      vertex 10.125 137.051 1.7
      vertex 9.86104 136.921 1.7
    endloop
  endfacet
  facet normal 0.441822 0.897103 -0
    outer loop
      vertex 8.13896 136.921 1.7
      vertex 7.875 137.051 3.55
      vertex 8.13896 136.921 3.55
    endloop
  endfacet
  facet normal 0.441822 0.897103 0
    outer loop
      vertex 7.875 137.051 3.55
      vertex 8.13896 136.921 1.7
      vertex 7.875 137.051 1.7
    endloop
  endfacet
  facet normal 0.751438 -0.659804 0
    outer loop
      vertex 7.21496 140.37 3.55
      vertex 7.40901 140.591 1.7
      vertex 7.40901 140.591 3.55
    endloop
  endfacet
  facet normal 0.751438 -0.659804 0
    outer loop
      vertex 7.40901 140.591 1.7
      vertex 7.21496 140.37 3.55
      vertex 7.21496 140.37 1.7
    endloop
  endfacet
  facet normal 0.8969 0.442233 0
    outer loop
      vertex 7.05144 137.875 3.55
      vertex 6.92127 138.139 1.7
      vertex 6.92127 138.139 3.55
    endloop
  endfacet
  facet normal 0.8969 0.442233 0
    outer loop
      vertex 6.92127 138.139 1.7
      vertex 7.05144 137.875 3.55
      vertex 7.05144 137.875 1.7
    endloop
  endfacet
  facet normal 0.997863 -0.0653363 0
    outer loop
      vertex 6.75 139 3.55
      vertex 6.76925 139.294 1.7
      vertex 6.76925 139.294 3.55
    endloop
  endfacet
  facet normal 0.997863 -0.0653363 0
    outer loop
      vertex 6.76925 139.294 1.7
      vertex 6.75 139 3.55
      vertex 6.75 139 1.7
    endloop
  endfacet
  facet normal 0.831758 0.555139 0
    outer loop
      vertex 7.21496 137.63 3.55
      vertex 7.05144 137.875 1.7
      vertex 7.05144 137.875 3.55
    endloop
  endfacet
  facet normal 0.831758 0.555139 0
    outer loop
      vertex 7.05144 137.875 1.7
      vertex 7.21496 137.63 3.55
      vertex 7.21496 137.63 1.7
    endloop
  endfacet
  facet normal 0.55672 -0.8307 0
    outer loop
      vertex 7.63029 140.785 1.7
      vertex 7.875 140.949 3.55
      vertex 7.63029 140.785 3.55
    endloop
  endfacet
  facet normal 0.55672 -0.8307 0
    outer loop
      vertex 7.875 140.949 3.55
      vertex 7.63029 140.785 1.7
      vertex 7.875 140.949 1.7
    endloop
  endfacet
  facet normal -0.831632 0.555327 0
    outer loop
      vertex 10.785 137.63 1.7
      vertex 10.9486 137.875 3.55
      vertex 10.9486 137.875 1.7
    endloop
  endfacet
  facet normal -0.831632 0.555327 0
    outer loop
      vertex 10.9486 137.875 3.55
      vertex 10.785 137.63 1.7
      vertex 10.785 137.63 3.55
    endloop
  endfacet
  facet normal 0.0645613 0.997914 0
    outer loop
      vertex 9 136.75 58.53
      vertex 8.70632 136.769 58.504
      vertex 8.70632 136.769 58.53
    endloop
  endfacet
  facet normal 0.0645613 0.997914 0
    outer loop
      vertex 8.70632 136.769 58.504
      vertex 9 136.75 58.53
      vertex 9 136.75 58.4952
    endloop
  endfacet
  facet normal 0.0645613 0.997914 -0
    outer loop
      vertex 9 136.75 1.7
      vertex 8.70632 136.769 3.55
      vertex 9 136.75 3.55
    endloop
  endfacet
  facet normal 0.0645613 0.997914 0
    outer loop
      vertex 8.70632 136.769 3.55
      vertex 9 136.75 1.7
      vertex 8.70632 136.769 1.7
    endloop
  endfacet
  facet normal 0.659236 -0.751936 0
    outer loop
      vertex 7.40901 140.591 1.7
      vertex 7.63029 140.785 3.55
      vertex 7.40901 140.591 3.55
    endloop
  endfacet
  facet normal 0.659236 -0.751936 0
    outer loop
      vertex 7.63029 140.785 3.55
      vertex 7.40901 140.591 1.7
      vertex 7.63029 140.785 1.7
    endloop
  endfacet
  facet normal -0.556735 0.83069 0
    outer loop
      vertex 10.3697 137.215 1.7
      vertex 10.125 137.051 3.55
      vertex 10.3697 137.215 3.55
    endloop
  endfacet
  facet normal -0.556735 0.83069 0
    outer loop
      vertex 10.125 137.051 3.55
      vertex 10.3697 137.215 1.7
      vertex 10.125 137.051 1.7
    endloop
  endfacet
  facet normal 0.980698 -0.195527 0
    outer loop
      vertex 6.76925 139.294 3.55
      vertex 6.82667 139.582 1.7
      vertex 6.82667 139.582 3.55
    endloop
  endfacet
  facet normal 0.980698 -0.195527 0
    outer loop
      vertex 6.82667 139.582 1.7
      vertex 6.76925 139.294 3.55
      vertex 6.76925 139.294 1.7
    endloop
  endfacet
  facet normal 0.0645613 -0.997914 0
    outer loop
      vertex 8.70632 141.231 1.7
      vertex 9 141.25 3.55
      vertex 8.70632 141.231 3.55
    endloop
  endfacet
  facet normal 0.0645613 -0.997914 0
    outer loop
      vertex 9 141.25 3.55
      vertex 8.70632 141.231 1.7
      vertex 9 141.25 1.7
    endloop
  endfacet
  facet normal 0.319592 0.947555 -0
    outer loop
      vertex 8.41766 136.827 1.7
      vertex 8.13896 136.921 3.55
      vertex 8.41766 136.827 3.55
    endloop
  endfacet
  facet normal 0.319592 0.947555 0
    outer loop
      vertex 8.13896 136.921 3.55
      vertex 8.41766 136.827 1.7
      vertex 8.13896 136.921 1.7
    endloop
  endfacet
  facet normal 0.980698 0.195527 0
    outer loop
      vertex 6.82667 138.418 3.55
      vertex 6.76925 138.706 1.7
      vertex 6.76925 138.706 3.55
    endloop
  endfacet
  facet normal 0.980698 0.195527 0
    outer loop
      vertex 6.76925 138.706 1.7
      vertex 6.82667 138.418 3.55
      vertex 6.82667 138.418 1.7
    endloop
  endfacet
  facet normal -0.0645613 -0.997914 0
    outer loop
      vertex 9 141.25 1.7
      vertex 9.29368 141.231 3.55
      vertex 9 141.25 3.55
    endloop
  endfacet
  facet normal -0.0645613 -0.997914 -0
    outer loop
      vertex 9.29368 141.231 3.55
      vertex 9 141.25 1.7
      vertex 9.29368 141.231 1.7
    endloop
  endfacet
  facet normal 0.196434 0.980517 0
    outer loop
      vertex 8.70632 136.769 58.53
      vertex 8.70632 136.769 58.504
      vertex 8.4218 136.826 58.53
    endloop
  endfacet
  facet normal 0.196991 0.980405 -0
    outer loop
      vertex 8.70632 136.769 1.7
      vertex 8.41766 136.827 3.55
      vertex 8.70632 136.769 3.55
    endloop
  endfacet
  facet normal 0.196991 0.980405 0
    outer loop
      vertex 8.41766 136.827 3.55
      vertex 8.70632 136.769 1.7
      vertex 8.41766 136.827 1.7
    endloop
  endfacet
  facet normal 0.831758 -0.555139 0
    outer loop
      vertex 7.05144 140.125 3.55
      vertex 7.21496 140.37 1.7
      vertex 7.21496 140.37 3.55
    endloop
  endfacet
  facet normal 0.831758 -0.555139 0
    outer loop
      vertex 7.21496 140.37 1.7
      vertex 7.05144 140.125 3.55
      vertex 7.05144 140.125 1.7
    endloop
  endfacet
  facet normal -0.624171 -0.0409366 -0.780214
    outer loop
      vertex 13.3386 139.555 0
      vertex 13.375 139 0
      vertex 11.25 139 1.7
    endloop
  endfacet
  facet normal -0.594603 -0.193246 -0.780451
    outer loop
      vertex 11.1733 139.582 1.7
      vertex 13.2207 140.148 0
      vertex 13.2259 140.132 0
    endloop
  endfacet
  facet normal -0.592339 -0.200843 -0.780254
    outer loop
      vertex 13.2207 140.148 0
      vertex 11.1733 139.582 1.7
      vertex 11.0787 139.861 1.7
    endloop
  endfacet
  facet normal -0.276565 0.56111 -0.780172
    outer loop
      vertex 10.6742 134.958 0
      vertex 10.125 137.051 1.7
      vertex 11.1875 135.211 0
    endloop
  endfacet
  facet normal -0.276378 0.561175 -0.780191
    outer loop
      vertex 10.125 137.051 1.7
      vertex 10.6742 134.958 0
      vertex 9.86104 136.921 1.7
    endloop
  endfacet
  facet normal 0.276376 -0.561172 -0.780194
    outer loop
      vertex 7.875 140.949 1.7
      vertex 7.32576 143.042 0
      vertex 8.13896 141.079 1.7
    endloop
  endfacet
  facet normal 0.276582 -0.5611 -0.780172
    outer loop
      vertex 7.32576 143.042 0
      vertex 7.875 140.949 1.7
      vertex 6.8125 142.789 0
    endloop
  endfacet
  facet normal 0.192023 0.594886 -0.780537
    outer loop
      vertex 7.85218 134.779 0
      vertex 8.41766 136.827 1.7
      vertex 7.86767 134.774 0
    endloop
  endfacet
  facet normal 0.199859 0.592559 -0.78034
    outer loop
      vertex 8.41766 136.827 1.7
      vertex 7.85218 134.779 0
      vertex 8.13896 136.921 1.7
    endloop
  endfacet
  facet normal 0.624173 -0.0408917 -0.780216
    outer loop
      vertex 4.66136 139.555 0
      vertex 6.75 139 1.7
      vertex 4.625 139 0
    endloop
  endfacet
  facet normal 0.560988 -0.276605 -0.780245
    outer loop
      vertex 6.92127 139.861 1.7
      vertex 5.21114 141.188 0
      vertex 7.05144 140.125 1.7
    endloop
  endfacet
  facet normal 0.561165 -0.276336 -0.780213
    outer loop
      vertex 5.21114 141.188 0
      vertex 6.92127 139.861 1.7
      vertex 4.95803 140.674 0
    endloop
  endfacet
  facet normal 0.412346 -0.470329 -0.780232
    outer loop
      vertex 7.40901 140.591 1.7
      vertex 6.33667 142.471 0
      vertex 7.63029 140.785 1.7
    endloop
  endfacet
  facet normal 0.412197 -0.47043 -0.780249
    outer loop
      vertex 6.33667 142.471 0
      vertex 7.40901 140.591 1.7
      vertex 5.90641 142.094 0
    endloop
  endfacet
  facet normal -0.56116 -0.276322 -0.780221
    outer loop
      vertex 11.0787 139.861 1.7
      vertex 12.7889 141.188 0
      vertex 13.042 140.674 0
    endloop
  endfacet
  facet normal -0.561051 -0.276488 -0.780241
    outer loop
      vertex 12.7889 141.188 0
      vertex 11.0787 139.861 1.7
      vertex 10.9486 140.125 1.7
    endloop
  endfacet
  facet normal -0.201388 -0.592238 -0.78019
    outer loop
      vertex 10.1478 143.221 0
      vertex 10.6742 143.042 0
      vertex 9.86104 141.079 1.7
    endloop
  endfacet
  facet normal -0.276565 -0.56111 -0.780172
    outer loop
      vertex 10.125 140.949 1.7
      vertex 10.6742 143.042 0
      vertex 11.1875 142.789 0
    endloop
  endfacet
  facet normal -0.276378 -0.561175 -0.780191
    outer loop
      vertex 10.6742 143.042 0
      vertex 10.125 140.949 1.7
      vertex 9.86104 141.079 1.7
    endloop
  endfacet
  facet normal -0.347565 0.520037 -0.780231
    outer loop
      vertex 11.1875 135.211 0
      vertex 10.3697 137.215 1.7
      vertex 11.6633 135.529 0
    endloop
  endfacet
  facet normal -0.348289 0.519673 -0.78015
    outer loop
      vertex 10.3697 137.215 1.7
      vertex 11.1875 135.211 0
      vertex 10.125 137.051 1.7
    endloop
  endfacet
  facet normal -0.51976 0.347966 -0.780237
    outer loop
      vertex 12.4709 136.337 0
      vertex 10.9486 137.875 1.7
      vertex 12.7889 136.812 0
    endloop
  endfacet
  facet normal -0.52025 0.347399 -0.780163
    outer loop
      vertex 10.9486 137.875 1.7
      vertex 12.4709 136.337 0
      vertex 10.785 137.63 1.7
    endloop
  endfacet
  facet normal -0.0405065 -0.624182 -0.780228
    outer loop
      vertex 9 143.375 0
      vertex 9.55474 143.339 0
      vertex 9 141.25 1.7
    endloop
  endfacet
  facet normal 0.469986 0.412674 -0.780265
    outer loop
      vertex 5.90641 135.906 0
      vertex 7.21496 137.63 1.7
      vertex 7.40901 137.409 1.7
    endloop
  endfacet
  facet normal 0.470673 0.412063 -0.780174
    outer loop
      vertex 7.21496 137.63 1.7
      vertex 5.90641 135.906 0
      vertex 5.52908 136.337 0
    endloop
  endfacet
  facet normal -0.122393 -0.613332 -0.780284
    outer loop
      vertex 9.58234 141.173 1.7
      vertex 9.57105 143.338 0
      vertex 10.1323 143.226 0
    endloop
  endfacet
  facet normal -0.123224 -0.613272 -0.780201
    outer loop
      vertex 9.57105 143.338 0
      vertex 9.58234 141.173 1.7
      vertex 9.29368 141.231 1.7
    endloop
  endfacet
  facet normal 0.592349 0.200847 -0.780246
    outer loop
      vertex 4.77933 137.852 0
      vertex 6.82667 138.418 1.7
      vertex 6.92127 138.139 1.7
    endloop
  endfacet
  facet normal 0.594111 0.194943 -0.780403
    outer loop
      vertex 6.82667 138.418 1.7
      vertex 4.77933 137.852 0
      vertex 4.77408 137.868 0
    endloop
  endfacet
  facet normal -0.61349 -0.122151 -0.780198
    outer loop
      vertex 11.2308 139.294 1.7
      vertex 13.2259 140.132 0
      vertex 13.3376 139.571 0
    endloop
  endfacet
  facet normal -0.613386 -0.122464 -0.780231
    outer loop
      vertex 13.2259 140.132 0
      vertex 11.2308 139.294 1.7
      vertex 11.1733 139.582 1.7
    endloop
  endfacet
  facet normal -0.201388 0.592238 -0.78019
    outer loop
      vertex 10.6742 134.958 0
      vertex 10.1478 134.779 0
      vertex 9.86104 136.921 1.7
    endloop
  endfacet
  facet normal 0.613427 -0.122302 -0.780224
    outer loop
      vertex 6.76925 139.294 1.7
      vertex 4.77408 140.132 0
      vertex 6.82667 139.582 1.7
    endloop
  endfacet
  facet normal 0.613495 -0.122098 -0.780203
    outer loop
      vertex 4.77408 140.132 0
      vertex 6.76925 139.294 1.7
      vertex 4.66243 139.571 0
    endloop
  endfacet
  facet normal 0.199859 -0.592559 -0.78034
    outer loop
      vertex 7.85218 143.221 0
      vertex 8.41766 141.173 1.7
      vertex 8.13896 141.079 1.7
    endloop
  endfacet
  facet normal 0.192023 -0.594886 -0.780537
    outer loop
      vertex 8.41766 141.173 1.7
      vertex 7.85218 143.221 0
      vertex 7.86767 143.226 0
    endloop
  endfacet
  facet normal 0.560988 0.276605 -0.780245
    outer loop
      vertex 5.21114 136.812 0
      vertex 6.92127 138.139 1.7
      vertex 7.05144 137.875 1.7
    endloop
  endfacet
  facet normal 0.561165 0.276336 -0.780213
    outer loop
      vertex 6.92127 138.139 1.7
      vertex 5.21114 136.812 0
      vertex 4.95803 137.326 0
    endloop
  endfacet
  facet normal -0.0382842 -0.624415 -0.780154
    outer loop
      vertex 9.29368 141.231 1.7
      vertex 9.55474 143.339 0
      vertex 9.57105 143.338 0
    endloop
  endfacet
  facet normal -0.0403837 -0.624205 -0.780216
    outer loop
      vertex 9.55474 143.339 0
      vertex 9.29368 141.231 1.7
      vertex 9 141.25 1.7
    endloop
  endfacet
  facet normal -0.19191 0.594921 -0.780538
    outer loop
      vertex 9.58234 136.827 1.7
      vertex 10.1478 134.779 0
      vertex 10.1323 134.774 0
    endloop
  endfacet
  facet normal -0.199859 0.59256 -0.780339
    outer loop
      vertex 10.1478 134.779 0
      vertex 9.58234 136.827 1.7
      vertex 9.86104 136.921 1.7
    endloop
  endfacet
  facet normal -0.594603 0.193246 -0.780451
    outer loop
      vertex 13.2207 137.852 0
      vertex 11.1733 138.418 1.7
      vertex 13.2259 137.868 0
    endloop
  endfacet
  facet normal -0.592339 0.200843 -0.780254
    outer loop
      vertex 11.1733 138.418 1.7
      vertex 13.2207 137.852 0
      vertex 11.0787 138.139 1.7
    endloop
  endfacet
  facet normal 0.123224 -0.613272 -0.780201
    outer loop
      vertex 8.41766 141.173 1.7
      vertex 8.42895 143.338 0
      vertex 8.70632 141.231 1.7
    endloop
  endfacet
  facet normal 0.122387 -0.613333 -0.780285
    outer loop
      vertex 8.42895 143.338 0
      vertex 8.41766 141.173 1.7
      vertex 7.86767 143.226 0
    endloop
  endfacet
  facet normal -0.624171 0.0409366 -0.780214
    outer loop
      vertex 13.375 139 0
      vertex 13.3386 138.445 0
      vertex 11.25 139 1.7
    endloop
  endfacet
  facet normal -0.412176 -0.47045 -0.780248
    outer loop
      vertex 10.591 140.591 1.7
      vertex 11.6633 142.471 0
      vertex 12.0936 142.094 0
    endloop
  endfacet
  facet normal -0.412326 -0.470349 -0.780231
    outer loop
      vertex 11.6633 142.471 0
      vertex 10.591 140.591 1.7
      vertex 10.3697 140.785 1.7
    endloop
  endfacet
  facet normal 0.624177 -0.0408687 -0.780213
    outer loop
      vertex 4.66136 139.555 0
      vertex 6.76925 139.294 1.7
      vertex 6.75 139 1.7
    endloop
  endfacet
  facet normal 0.624089 -0.041736 -0.780238
    outer loop
      vertex 6.76925 139.294 1.7
      vertex 4.66136 139.555 0
      vertex 4.66243 139.571 0
    endloop
  endfacet
  facet normal -0.56116 0.276322 -0.780221
    outer loop
      vertex 12.7889 136.812 0
      vertex 11.0787 138.139 1.7
      vertex 13.042 137.326 0
    endloop
  endfacet
  facet normal -0.561051 0.276488 -0.780241
    outer loop
      vertex 11.0787 138.139 1.7
      vertex 12.7889 136.812 0
      vertex 10.9486 137.875 1.7
    endloop
  endfacet
  facet normal 0.0405065 -0.624182 -0.780228
    outer loop
      vertex 9 143.375 0
      vertex 9 141.25 1.7
      vertex 8.44526 143.339 0
    endloop
  endfacet
  facet normal -0.122393 0.613332 -0.780284
    outer loop
      vertex 9.57105 134.662 0
      vertex 9.58234 136.827 1.7
      vertex 10.1323 134.774 0
    endloop
  endfacet
  facet normal -0.123224 0.613272 -0.780201
    outer loop
      vertex 9.58234 136.827 1.7
      vertex 9.57105 134.662 0
      vertex 9.29368 136.769 1.7
    endloop
  endfacet
  facet normal 0.592271 0.201214 -0.78021
    outer loop
      vertex 6.92127 138.139 1.7
      vertex 4.95803 137.326 0
      vertex 4.77933 137.852 0
    endloop
  endfacet
  facet normal 0.123224 0.613272 -0.780201
    outer loop
      vertex 8.42895 134.662 0
      vertex 8.41766 136.827 1.7
      vertex 8.70632 136.769 1.7
    endloop
  endfacet
  facet normal 0.122387 0.613333 -0.780285
    outer loop
      vertex 8.41766 136.827 1.7
      vertex 8.42895 134.662 0
      vertex 7.86767 134.774 0
    endloop
  endfacet
  facet normal 0.520335 -0.347287 -0.780156
    outer loop
      vertex 7.05144 140.125 1.7
      vertex 5.52908 141.663 0
      vertex 7.21496 140.37 1.7
    endloop
  endfacet
  facet normal 0.519789 -0.347919 -0.780238
    outer loop
      vertex 5.52908 141.663 0
      vertex 7.05144 140.125 1.7
      vertex 5.21114 141.188 0
    endloop
  endfacet
  facet normal 0.0403837 0.624205 -0.780216
    outer loop
      vertex 8.44526 134.661 0
      vertex 8.70632 136.769 1.7
      vertex 9 136.75 1.7
    endloop
  endfacet
  facet normal 0.0382842 0.624415 -0.780154
    outer loop
      vertex 8.70632 136.769 1.7
      vertex 8.44526 134.661 0
      vertex 8.42895 134.662 0
    endloop
  endfacet
  facet normal -0.592261 0.201211 -0.780218
    outer loop
      vertex 13.2207 137.852 0
      vertex 13.042 137.326 0
      vertex 11.0787 138.139 1.7
    endloop
  endfacet
  facet normal 0.520335 0.347287 -0.780156
    outer loop
      vertex 5.52908 136.337 0
      vertex 7.05144 137.875 1.7
      vertex 7.21496 137.63 1.7
    endloop
  endfacet
  facet normal 0.519789 0.347919 -0.780238
    outer loop
      vertex 7.05144 137.875 1.7
      vertex 5.52908 136.337 0
      vertex 5.21114 136.812 0
    endloop
  endfacet
  facet normal 0.592271 -0.201214 -0.78021
    outer loop
      vertex 4.95803 140.674 0
      vertex 6.92127 139.861 1.7
      vertex 4.77933 140.148 0
    endloop
  endfacet
  facet normal -0.470687 -0.412042 -0.780177
    outer loop
      vertex 10.785 140.37 1.7
      vertex 12.0936 142.094 0
      vertex 12.4709 141.663 0
    endloop
  endfacet
  facet normal -0.470042 -0.412616 -0.780262
    outer loop
      vertex 12.0936 142.094 0
      vertex 10.785 140.37 1.7
      vertex 10.591 140.591 1.7
    endloop
  endfacet
  facet normal -0.199859 -0.59256 -0.780339
    outer loop
      vertex 9.58234 141.173 1.7
      vertex 10.1478 143.221 0
      vertex 9.86104 141.079 1.7
    endloop
  endfacet
  facet normal -0.19191 -0.594921 -0.780538
    outer loop
      vertex 10.1478 143.221 0
      vertex 9.58234 141.173 1.7
      vertex 10.1323 143.226 0
    endloop
  endfacet
  facet normal 0.592349 -0.200847 -0.780246
    outer loop
      vertex 6.82667 139.582 1.7
      vertex 4.77933 140.148 0
      vertex 6.92127 139.861 1.7
    endloop
  endfacet
  facet normal 0.594111 -0.194943 -0.780403
    outer loop
      vertex 4.77933 140.148 0
      vertex 6.82667 139.582 1.7
      vertex 4.77408 140.132 0
    endloop
  endfacet
  facet normal -0.347565 -0.520037 -0.780231
    outer loop
      vertex 10.3697 140.785 1.7
      vertex 11.1875 142.789 0
      vertex 11.6633 142.471 0
    endloop
  endfacet
  facet normal -0.348289 -0.519673 -0.78015
    outer loop
      vertex 11.1875 142.789 0
      vertex 10.3697 140.785 1.7
      vertex 10.125 140.949 1.7
    endloop
  endfacet
  facet normal 0.276376 0.561172 -0.780194
    outer loop
      vertex 7.32576 134.958 0
      vertex 7.875 137.051 1.7
      vertex 8.13896 136.921 1.7
    endloop
  endfacet
  facet normal 0.276582 0.5611 -0.780172
    outer loop
      vertex 7.875 137.051 1.7
      vertex 7.32576 134.958 0
      vertex 6.8125 135.211 0
    endloop
  endfacet
  facet normal -0.61349 0.122151 -0.780198
    outer loop
      vertex 13.2259 137.868 0
      vertex 11.2308 138.706 1.7
      vertex 13.3376 138.429 0
    endloop
  endfacet
  facet normal -0.613386 0.122464 -0.780231
    outer loop
      vertex 11.2308 138.706 1.7
      vertex 13.2259 137.868 0
      vertex 11.1733 138.418 1.7
    endloop
  endfacet
  facet normal 0.0403837 -0.624205 -0.780216
    outer loop
      vertex 8.70632 141.231 1.7
      vertex 8.44526 143.339 0
      vertex 9 141.25 1.7
    endloop
  endfacet
  facet normal 0.0382842 -0.624415 -0.780154
    outer loop
      vertex 8.44526 143.339 0
      vertex 8.70632 141.231 1.7
      vertex 8.42895 143.338 0
    endloop
  endfacet
  facet normal -0.412176 0.47045 -0.780248
    outer loop
      vertex 11.6633 135.529 0
      vertex 10.591 137.409 1.7
      vertex 12.0936 135.906 0
    endloop
  endfacet
  facet normal -0.412326 0.470349 -0.780231
    outer loop
      vertex 10.591 137.409 1.7
      vertex 11.6633 135.529 0
      vertex 10.3697 137.215 1.7
    endloop
  endfacet
  facet normal -0.51976 -0.347966 -0.780237
    outer loop
      vertex 10.9486 140.125 1.7
      vertex 12.4709 141.663 0
      vertex 12.7889 141.188 0
    endloop
  endfacet
  facet normal -0.52025 -0.347399 -0.780163
    outer loop
      vertex 12.4709 141.663 0
      vertex 10.9486 140.125 1.7
      vertex 10.785 140.37 1.7
    endloop
  endfacet
  facet normal -0.592261 -0.201211 -0.780218
    outer loop
      vertex 13.042 140.674 0
      vertex 13.2207 140.148 0
      vertex 11.0787 139.861 1.7
    endloop
  endfacet
  facet normal -0.624378 0.0390236 -0.780147
    outer loop
      vertex 11.2308 138.706 1.7
      vertex 13.3386 138.445 0
      vertex 13.3376 138.429 0
    endloop
  endfacet
  facet normal -0.624204 0.0407643 -0.780198
    outer loop
      vertex 13.3386 138.445 0
      vertex 11.2308 138.706 1.7
      vertex 11.25 139 1.7
    endloop
  endfacet
  facet normal 0.20138 -0.592238 -0.780192
    outer loop
      vertex 7.85218 143.221 0
      vertex 8.13896 141.079 1.7
      vertex 7.32576 143.042 0
    endloop
  endfacet
  facet normal 0.624173 0.0408917 -0.780216
    outer loop
      vertex 6.75 139 1.7
      vertex 4.66136 138.445 0
      vertex 4.625 139 0
    endloop
  endfacet
  facet normal 0.348279 -0.519679 -0.780151
    outer loop
      vertex 7.63029 140.785 1.7
      vertex 6.8125 142.789 0
      vertex 7.875 140.949 1.7
    endloop
  endfacet
  facet normal 0.34755 -0.520046 -0.780232
    outer loop
      vertex 6.8125 142.789 0
      vertex 7.63029 140.785 1.7
      vertex 6.33667 142.471 0
    endloop
  endfacet
  facet normal -0.0382842 0.624415 -0.780154
    outer loop
      vertex 9.55474 134.661 0
      vertex 9.29368 136.769 1.7
      vertex 9.57105 134.662 0
    endloop
  endfacet
  facet normal -0.0403837 0.624205 -0.780216
    outer loop
      vertex 9.29368 136.769 1.7
      vertex 9.55474 134.661 0
      vertex 9 136.75 1.7
    endloop
  endfacet
  facet normal 0.20138 0.592238 -0.780192
    outer loop
      vertex 8.13896 136.921 1.7
      vertex 7.85218 134.779 0
      vertex 7.32576 134.958 0
    endloop
  endfacet
  facet normal 0.469986 -0.412674 -0.780265
    outer loop
      vertex 7.21496 140.37 1.7
      vertex 5.90641 142.094 0
      vertex 7.40901 140.591 1.7
    endloop
  endfacet
  facet normal 0.470673 -0.412063 -0.780174
    outer loop
      vertex 5.90641 142.094 0
      vertex 7.21496 140.37 1.7
      vertex 5.52908 141.663 0
    endloop
  endfacet
  facet normal 0.412346 0.470329 -0.780232
    outer loop
      vertex 6.33667 135.529 0
      vertex 7.40901 137.409 1.7
      vertex 7.63029 137.215 1.7
    endloop
  endfacet
  facet normal 0.412197 0.47043 -0.780249
    outer loop
      vertex 7.40901 137.409 1.7
      vertex 6.33667 135.529 0
      vertex 5.90641 135.906 0
    endloop
  endfacet
  facet normal -0.470687 0.412042 -0.780177
    outer loop
      vertex 12.0936 135.906 0
      vertex 10.785 137.63 1.7
      vertex 12.4709 136.337 0
    endloop
  endfacet
  facet normal -0.470042 0.412616 -0.780262
    outer loop
      vertex 10.785 137.63 1.7
      vertex 12.0936 135.906 0
      vertex 10.591 137.409 1.7
    endloop
  endfacet
  facet normal -0.0405065 0.624182 -0.780228
    outer loop
      vertex 9 136.75 1.7
      vertex 9.55474 134.661 0
      vertex 9 134.625 0
    endloop
  endfacet
  facet normal 0.0405065 0.624182 -0.780228
    outer loop
      vertex 9 136.75 1.7
      vertex 9 134.625 0
      vertex 8.44526 134.661 0
    endloop
  endfacet
  facet normal 0.613427 0.122302 -0.780224
    outer loop
      vertex 4.77408 137.868 0
      vertex 6.76925 138.706 1.7
      vertex 6.82667 138.418 1.7
    endloop
  endfacet
  facet normal 0.613495 0.122098 -0.780203
    outer loop
      vertex 6.76925 138.706 1.7
      vertex 4.77408 137.868 0
      vertex 4.66243 138.429 0
    endloop
  endfacet
  facet normal -0.624204 -0.0407643 -0.780198
    outer loop
      vertex 11.2308 139.294 1.7
      vertex 13.3386 139.555 0
      vertex 11.25 139 1.7
    endloop
  endfacet
  facet normal -0.624378 -0.0390236 -0.780147
    outer loop
      vertex 13.3386 139.555 0
      vertex 11.2308 139.294 1.7
      vertex 13.3376 139.571 0
    endloop
  endfacet
  facet normal 0.348279 0.519679 -0.780151
    outer loop
      vertex 6.8125 135.211 0
      vertex 7.63029 137.215 1.7
      vertex 7.875 137.051 1.7
    endloop
  endfacet
  facet normal 0.34755 0.520046 -0.780232
    outer loop
      vertex 7.63029 137.215 1.7
      vertex 6.8125 135.211 0
      vertex 6.33667 135.529 0
    endloop
  endfacet
  facet normal 0.624089 0.041736 -0.780238
    outer loop
      vertex 4.66136 138.445 0
      vertex 6.76925 138.706 1.7
      vertex 4.66243 138.429 0
    endloop
  endfacet
  facet normal 0.624177 0.0408687 -0.780213
    outer loop
      vertex 6.76925 138.706 1.7
      vertex 4.66136 138.445 0
      vertex 6.75 139 1.7
    endloop
  endfacet
  facet normal -0.980397 -0.197031 0
    outer loop
      vertex 223.231 31.2937 1.7
      vertex 223.173 31.5823 3.55
      vertex 223.173 31.5823 1.7
    endloop
  endfacet
  facet normal -0.980397 -0.197031 0
    outer loop
      vertex 223.173 31.5823 3.55
      vertex 223.231 31.2937 1.7
      vertex 223.231 31.2937 3.55
    endloop
  endfacet
  facet normal -0.997914 -0.0645569 0
    outer loop
      vertex 223.25 31 1.7
      vertex 223.231 31.2937 3.55
      vertex 223.231 31.2937 1.7
    endloop
  endfacet
  facet normal -0.997914 -0.0645569 0
    outer loop
      vertex 223.231 31.2937 3.55
      vertex 223.25 31 1.7
      vertex 223.25 31 3.55
    endloop
  endfacet
  facet normal -0.947555 -0.319592 0
    outer loop
      vertex 223.173 31.5823 1.7
      vertex 223.079 31.861 3.55
      vertex 223.079 31.861 1.7
    endloop
  endfacet
  facet normal -0.947555 -0.319592 0
    outer loop
      vertex 223.079 31.861 3.55
      vertex 223.173 31.5823 1.7
      vertex 223.173 31.5823 3.55
    endloop
  endfacet
  facet normal -0.83069 -0.556735 0
    outer loop
      vertex 222.949 32.125 1.7
      vertex 222.785 32.3697 3.55
      vertex 222.785 32.3697 1.7
    endloop
  endfacet
  facet normal -0.83069 -0.556735 0
    outer loop
      vertex 222.785 32.3697 3.55
      vertex 222.949 32.125 1.7
      vertex 222.949 32.125 3.55
    endloop
  endfacet
  facet normal 0.659708 0.751522 -0
    outer loop
      vertex 219.63 29.215 1.7
      vertex 219.409 29.409 3.55
      vertex 219.63 29.215 3.55
    endloop
  endfacet
  facet normal 0.659708 0.751522 0
    outer loop
      vertex 219.409 29.409 3.55
      vertex 219.63 29.215 1.7
      vertex 219.409 29.409 1.7
    endloop
  endfacet
  facet normal -0.751966 0.659202 0
    outer loop
      vertex 222.591 29.409 1.7
      vertex 222.785 29.6303 3.55
      vertex 222.785 29.6303 1.7
    endloop
  endfacet
  facet normal -0.751966 0.659202 0
    outer loop
      vertex 222.785 29.6303 3.55
      vertex 222.591 29.409 1.7
      vertex 222.591 29.409 3.55
    endloop
  endfacet
  facet normal -0.659708 -0.751522 0
    outer loop
      vertex 222.37 32.785 1.7
      vertex 222.591 32.591 3.55
      vertex 222.37 32.785 3.55
    endloop
  endfacet
  facet normal -0.659708 -0.751522 -0
    outer loop
      vertex 222.591 32.591 3.55
      vertex 222.37 32.785 1.7
      vertex 222.591 32.591 1.7
    endloop
  endfacet
  facet normal 0.442042 -0.896995 0
    outer loop
      vertex 219.875 32.9486 1.7
      vertex 220.139 33.0787 3.55
      vertex 219.875 32.9486 3.55
    endloop
  endfacet
  facet normal 0.442042 -0.896995 0
    outer loop
      vertex 220.139 33.0787 3.55
      vertex 219.875 32.9486 1.7
      vertex 220.139 33.0787 1.7
    endloop
  endfacet
  facet normal 0 0 -1
    outer loop
      vertex 221 28.75 8.85558
      vertex 221.578 28.8258 8.85558
      vertex 221.294 28.7692 8.85558
    endloop
  endfacet
  facet normal 0 0 -1
    outer loop
      vertex 220.706 28.7692 8.85558
      vertex 221.578 28.8258 8.85558
      vertex 221 28.75 8.85558
    endloop
  endfacet
  facet normal -0 0 -1
    outer loop
      vertex 221.578 28.8258 8.85558
      vertex 220.706 28.7692 8.85558
      vertex 220.422 28.8258 8.85558
    endloop
  endfacet
  facet normal -0.442042 -0.896995 0
    outer loop
      vertex 221.861 33.0787 1.7
      vertex 222.125 32.9486 3.55
      vertex 221.861 33.0787 3.55
    endloop
  endfacet
  facet normal -0.442042 -0.896995 -0
    outer loop
      vertex 222.125 32.9486 3.55
      vertex 221.861 33.0787 1.7
      vertex 222.125 32.9486 1.7
    endloop
  endfacet
  facet normal -0.897129 0.441768 0
    outer loop
      vertex 222.949 29.875 1.7
      vertex 223.079 30.139 3.55
      vertex 223.079 30.139 1.7
    endloop
  endfacet
  facet normal -0.897129 0.441768 0
    outer loop
      vertex 223.079 30.139 3.55
      vertex 222.949 29.875 1.7
      vertex 222.949 29.875 3.55
    endloop
  endfacet
  facet normal -0.321112 0.947041 0
    outer loop
      vertex 221.861 28.9213 1.7
      vertex 221.582 28.8267 3.55
      vertex 221.861 28.9213 3.55
    endloop
  endfacet
  facet normal -0.321112 0.947041 0
    outer loop
      vertex 221.582 28.8267 3.55
      vertex 221.861 28.9213 1.7
      vertex 221.582 28.8267 1.7
    endloop
  endfacet
  facet normal -0.897129 -0.441768 0
    outer loop
      vertex 223.079 31.861 1.7
      vertex 222.949 32.125 3.55
      vertex 222.949 32.125 1.7
    endloop
  endfacet
  facet normal -0.897129 -0.441768 0
    outer loop
      vertex 222.949 32.125 3.55
      vertex 223.079 31.861 1.7
      vertex 223.079 31.861 3.55
    endloop
  endfacet
  facet normal 0.897129 -0.441768 0
    outer loop
      vertex 218.921 31.861 3.55
      vertex 219.051 32.125 1.7
      vertex 219.051 32.125 3.55
    endloop
  endfacet
  facet normal 0.897129 -0.441768 0
    outer loop
      vertex 219.051 32.125 1.7
      vertex 218.921 31.861 3.55
      vertex 218.921 31.861 1.7
    endloop
  endfacet
  facet normal -0.751966 -0.659202 0
    outer loop
      vertex 222.785 32.3697 1.7
      vertex 222.591 32.591 3.55
      vertex 222.591 32.591 1.7
    endloop
  endfacet
  facet normal -0.751966 -0.659202 0
    outer loop
      vertex 222.591 32.591 3.55
      vertex 222.785 32.3697 1.7
      vertex 222.785 32.3697 3.55
    endloop
  endfacet
  facet normal -0.980397 0.197031 0
    outer loop
      vertex 223.173 30.4177 1.7
      vertex 223.231 30.7063 3.55
      vertex 223.231 30.7063 1.7
    endloop
  endfacet
  facet normal -0.980397 0.197031 0
    outer loop
      vertex 223.231 30.7063 3.55
      vertex 223.173 30.4177 1.7
      vertex 223.173 30.4177 3.55
    endloop
  endfacet
  facet normal -0.997914 0.0645569 0
    outer loop
      vertex 223.231 30.7063 1.7
      vertex 223.25 31 3.55
      vertex 223.25 31 1.7
    endloop
  endfacet
  facet normal -0.997914 0.0645569 0
    outer loop
      vertex 223.25 31 3.55
      vertex 223.231 30.7063 1.7
      vertex 223.231 30.7063 3.55
    endloop
  endfacet
  facet normal 0.555327 0.831632 -0
    outer loop
      vertex 219.875 29.0514 1.7
      vertex 219.63 29.215 3.55
      vertex 219.875 29.0514 3.55
    endloop
  endfacet
  facet normal 0.555327 0.831632 0
    outer loop
      vertex 219.63 29.215 3.55
      vertex 219.875 29.0514 1.7
      vertex 219.63 29.215 1.7
    endloop
  endfacet
  facet normal 0.947555 0.319592 0
    outer loop
      vertex 218.921 30.139 3.55
      vertex 218.827 30.4177 1.7
      vertex 218.827 30.4177 3.55
    endloop
  endfacet
  facet normal 0.947555 0.319592 0
    outer loop
      vertex 218.827 30.4177 1.7
      vertex 218.921 30.139 3.55
      vertex 218.921 30.139 1.7
    endloop
  endfacet
  facet normal 0.997914 0.0645569 0
    outer loop
      vertex 218.769 30.7063 3.55
      vertex 218.75 31 1.7
      vertex 218.75 31 3.55
    endloop
  endfacet
  facet normal 0.997914 0.0645569 0
    outer loop
      vertex 218.75 31 1.7
      vertex 218.769 30.7063 3.55
      vertex 218.769 30.7063 1.7
    endloop
  endfacet
  facet normal 0.751966 0.659202 0
    outer loop
      vertex 219.409 29.409 3.55
      vertex 219.215 29.6303 1.7
      vertex 219.215 29.6303 3.55
    endloop
  endfacet
  facet normal 0.751966 0.659202 0
    outer loop
      vertex 219.215 29.6303 1.7
      vertex 219.409 29.409 3.55
      vertex 219.409 29.409 1.7
    endloop
  endfacet
  facet normal 0.321112 -0.947041 0
    outer loop
      vertex 220.139 33.0787 1.7
      vertex 220.418 33.1733 3.55
      vertex 220.139 33.0787 3.55
    endloop
  endfacet
  facet normal 0.321112 -0.947041 0
    outer loop
      vertex 220.418 33.1733 3.55
      vertex 220.139 33.0787 1.7
      vertex 220.418 33.1733 1.7
    endloop
  endfacet
  facet normal -0.659708 0.751522 0
    outer loop
      vertex 222.591 29.409 1.7
      vertex 222.37 29.215 3.55
      vertex 222.591 29.409 3.55
    endloop
  endfacet
  facet normal -0.659708 0.751522 0
    outer loop
      vertex 222.37 29.215 3.55
      vertex 222.591 29.409 1.7
      vertex 222.37 29.215 1.7
    endloop
  endfacet
  facet normal -0.0651673 0.997874 0
    outer loop
      vertex 221.294 28.7692 8.82955
      vertex 221 28.75 8.85558
      vertex 221.294 28.7692 8.85558
    endloop
  endfacet
  facet normal -0.0651673 0.997874 0
    outer loop
      vertex 221 28.75 8.85558
      vertex 221.294 28.7692 8.82955
      vertex 221 28.75 8.8207
    endloop
  endfacet
  facet normal -0.0651673 0.997874 0
    outer loop
      vertex 221.294 28.7692 1.7
      vertex 221 28.75 3.55
      vertex 221.294 28.7692 3.55
    endloop
  endfacet
  facet normal -0.0651673 0.997874 0
    outer loop
      vertex 221 28.75 3.55
      vertex 221.294 28.7692 1.7
      vertex 221 28.75 1.7
    endloop
  endfacet
  facet normal -0.195789 -0.980646 0
    outer loop
      vertex 221.294 33.2308 1.7
      vertex 221.582 33.1733 3.55
      vertex 221.294 33.2308 3.55
    endloop
  endfacet
  facet normal -0.195789 -0.980646 -0
    outer loop
      vertex 221.582 33.1733 3.55
      vertex 221.294 33.2308 1.7
      vertex 221.582 33.1733 1.7
    endloop
  endfacet
  facet normal -0.321112 -0.947041 0
    outer loop
      vertex 221.582 33.1733 1.7
      vertex 221.861 33.0787 3.55
      vertex 221.582 33.1733 3.55
    endloop
  endfacet
  facet normal -0.321112 -0.947041 -0
    outer loop
      vertex 221.861 33.0787 3.55
      vertex 221.582 33.1733 1.7
      vertex 221.861 33.0787 1.7
    endloop
  endfacet
  facet normal -0.947555 0.319592 0
    outer loop
      vertex 223.079 30.139 1.7
      vertex 223.173 30.4177 3.55
      vertex 223.173 30.4177 1.7
    endloop
  endfacet
  facet normal -0.947555 0.319592 0
    outer loop
      vertex 223.173 30.4177 3.55
      vertex 223.079 30.139 1.7
      vertex 223.079 30.139 3.55
    endloop
  endfacet
  facet normal 0.195789 -0.980646 0
    outer loop
      vertex 220.418 33.1733 1.7
      vertex 220.706 33.2308 3.55
      vertex 220.418 33.1733 3.55
    endloop
  endfacet
  facet normal 0.195789 -0.980646 0
    outer loop
      vertex 220.706 33.2308 3.55
      vertex 220.418 33.1733 1.7
      vertex 220.706 33.2308 1.7
    endloop
  endfacet
  facet normal 0.947555 -0.319592 0
    outer loop
      vertex 218.827 31.5823 3.55
      vertex 218.921 31.861 1.7
      vertex 218.921 31.861 3.55
    endloop
  endfacet
  facet normal 0.947555 -0.319592 0
    outer loop
      vertex 218.921 31.861 1.7
      vertex 218.827 31.5823 3.55
      vertex 218.827 31.5823 1.7
    endloop
  endfacet
  facet normal -0.555327 -0.831632 0
    outer loop
      vertex 222.125 32.9486 1.7
      vertex 222.37 32.785 3.55
      vertex 222.125 32.9486 3.55
    endloop
  endfacet
  facet normal -0.555327 -0.831632 -0
    outer loop
      vertex 222.37 32.785 3.55
      vertex 222.125 32.9486 1.7
      vertex 222.37 32.785 1.7
    endloop
  endfacet
  facet normal -0.195452 0.980713 0
    outer loop
      vertex 221.294 28.7692 8.85558
      vertex 221.578 28.8258 8.85558
      vertex 221.294 28.7692 8.82955
    endloop
  endfacet
  facet normal -0.195789 0.980646 0
    outer loop
      vertex 221.582 28.8267 1.7
      vertex 221.294 28.7692 3.55
      vertex 221.582 28.8267 3.55
    endloop
  endfacet
  facet normal -0.195789 0.980646 0
    outer loop
      vertex 221.294 28.7692 3.55
      vertex 221.582 28.8267 1.7
      vertex 221.294 28.7692 1.7
    endloop
  endfacet
  facet normal -0.442042 0.896995 0
    outer loop
      vertex 222.125 29.0514 1.7
      vertex 221.861 28.9213 3.55
      vertex 222.125 29.0514 3.55
    endloop
  endfacet
  facet normal -0.442042 0.896995 0
    outer loop
      vertex 221.861 28.9213 3.55
      vertex 222.125 29.0514 1.7
      vertex 221.861 28.9213 1.7
    endloop
  endfacet
  facet normal 0.442042 0.896995 -0
    outer loop
      vertex 220.139 28.9213 1.7
      vertex 219.875 29.0514 3.55
      vertex 220.139 28.9213 3.55
    endloop
  endfacet
  facet normal 0.442042 0.896995 0
    outer loop
      vertex 219.875 29.0514 3.55
      vertex 220.139 28.9213 1.7
      vertex 219.875 29.0514 1.7
    endloop
  endfacet
  facet normal 0.751966 -0.659202 0
    outer loop
      vertex 219.215 32.3697 3.55
      vertex 219.409 32.591 1.7
      vertex 219.409 32.591 3.55
    endloop
  endfacet
  facet normal 0.751966 -0.659202 0
    outer loop
      vertex 219.409 32.591 1.7
      vertex 219.215 32.3697 3.55
      vertex 219.215 32.3697 1.7
    endloop
  endfacet
  facet normal 0.897129 0.441768 0
    outer loop
      vertex 219.051 29.875 3.55
      vertex 218.921 30.139 1.7
      vertex 218.921 30.139 3.55
    endloop
  endfacet
  facet normal 0.897129 0.441768 0
    outer loop
      vertex 218.921 30.139 1.7
      vertex 219.051 29.875 3.55
      vertex 219.051 29.875 1.7
    endloop
  endfacet
  facet normal 0.997914 -0.0645569 0
    outer loop
      vertex 218.75 31 3.55
      vertex 218.769 31.2937 1.7
      vertex 218.769 31.2937 3.55
    endloop
  endfacet
  facet normal 0.997914 -0.0645569 0
    outer loop
      vertex 218.769 31.2937 1.7
      vertex 218.75 31 3.55
      vertex 218.75 31 1.7
    endloop
  endfacet
  facet normal 0.83069 0.556735 0
    outer loop
      vertex 219.215 29.6303 3.55
      vertex 219.051 29.875 1.7
      vertex 219.051 29.875 3.55
    endloop
  endfacet
  facet normal 0.83069 0.556735 0
    outer loop
      vertex 219.051 29.875 1.7
      vertex 219.215 29.6303 3.55
      vertex 219.215 29.6303 1.7
    endloop
  endfacet
  facet normal 0.555327 -0.831632 0
    outer loop
      vertex 219.63 32.785 1.7
      vertex 219.875 32.9486 3.55
      vertex 219.63 32.785 3.55
    endloop
  endfacet
  facet normal 0.555327 -0.831632 0
    outer loop
      vertex 219.875 32.9486 3.55
      vertex 219.63 32.785 1.7
      vertex 219.875 32.9486 1.7
    endloop
  endfacet
  facet normal -0.83069 0.556735 0
    outer loop
      vertex 222.785 29.6303 1.7
      vertex 222.949 29.875 3.55
      vertex 222.949 29.875 1.7
    endloop
  endfacet
  facet normal -0.83069 0.556735 0
    outer loop
      vertex 222.949 29.875 3.55
      vertex 222.785 29.6303 1.7
      vertex 222.785 29.6303 3.55
    endloop
  endfacet
  facet normal 0.0651673 0.997874 0
    outer loop
      vertex 221 28.75 8.85558
      vertex 220.706 28.7692 8.82955
      vertex 220.706 28.7692 8.85558
    endloop
  endfacet
  facet normal 0.0651673 0.997874 0
    outer loop
      vertex 220.706 28.7692 8.82955
      vertex 221 28.75 8.85558
      vertex 221 28.75 8.8207
    endloop
  endfacet
  facet normal 0.0651673 0.997874 -0
    outer loop
      vertex 221 28.75 1.7
      vertex 220.706 28.7692 3.55
      vertex 221 28.75 3.55
    endloop
  endfacet
  facet normal 0.0651673 0.997874 0
    outer loop
      vertex 220.706 28.7692 3.55
      vertex 221 28.75 1.7
      vertex 220.706 28.7692 1.7
    endloop
  endfacet
  facet normal 0.659708 -0.751522 0
    outer loop
      vertex 219.409 32.591 1.7
      vertex 219.63 32.785 3.55
      vertex 219.409 32.591 3.55
    endloop
  endfacet
  facet normal 0.659708 -0.751522 0
    outer loop
      vertex 219.63 32.785 3.55
      vertex 219.409 32.591 1.7
      vertex 219.63 32.785 1.7
    endloop
  endfacet
  facet normal -0.555327 0.831632 0
    outer loop
      vertex 222.37 29.215 1.7
      vertex 222.125 29.0514 3.55
      vertex 222.37 29.215 3.55
    endloop
  endfacet
  facet normal -0.555327 0.831632 0
    outer loop
      vertex 222.125 29.0514 3.55
      vertex 222.37 29.215 1.7
      vertex 222.125 29.0514 1.7
    endloop
  endfacet
  facet normal 0.980397 -0.197031 0
    outer loop
      vertex 218.769 31.2937 3.55
      vertex 218.827 31.5823 1.7
      vertex 218.827 31.5823 3.55
    endloop
  endfacet
  facet normal 0.980397 -0.197031 0
    outer loop
      vertex 218.827 31.5823 1.7
      vertex 218.769 31.2937 3.55
      vertex 218.769 31.2937 1.7
    endloop
  endfacet
  facet normal 0.0651673 -0.997874 0
    outer loop
      vertex 220.706 33.2308 1.7
      vertex 221 33.25 3.55
      vertex 220.706 33.2308 3.55
    endloop
  endfacet
  facet normal 0.0651673 -0.997874 0
    outer loop
      vertex 221 33.25 3.55
      vertex 220.706 33.2308 1.7
      vertex 221 33.25 1.7
    endloop
  endfacet
  facet normal 0.321112 0.947041 -0
    outer loop
      vertex 220.418 28.8267 1.7
      vertex 220.139 28.9213 3.55
      vertex 220.418 28.8267 3.55
    endloop
  endfacet
  facet normal 0.321112 0.947041 0
    outer loop
      vertex 220.139 28.9213 3.55
      vertex 220.418 28.8267 1.7
      vertex 220.139 28.9213 1.7
    endloop
  endfacet
  facet normal 0.980397 0.197031 0
    outer loop
      vertex 218.827 30.4177 3.55
      vertex 218.769 30.7063 1.7
      vertex 218.769 30.7063 3.55
    endloop
  endfacet
  facet normal 0.980397 0.197031 0
    outer loop
      vertex 218.769 30.7063 1.7
      vertex 218.827 30.4177 3.55
      vertex 218.827 30.4177 1.7
    endloop
  endfacet
  facet normal -0.0651673 -0.997874 0
    outer loop
      vertex 221 33.25 1.7
      vertex 221.294 33.2308 3.55
      vertex 221 33.25 3.55
    endloop
  endfacet
  facet normal -0.0651673 -0.997874 -0
    outer loop
      vertex 221.294 33.2308 3.55
      vertex 221 33.25 1.7
      vertex 221.294 33.2308 1.7
    endloop
  endfacet
  facet normal 0.195452 0.980713 0
    outer loop
      vertex 220.706 28.7692 8.85558
      vertex 220.706 28.7692 8.82955
      vertex 220.422 28.8258 8.85558
    endloop
  endfacet
  facet normal 0.195789 0.980646 -0
    outer loop
      vertex 220.706 28.7692 1.7
      vertex 220.418 28.8267 3.55
      vertex 220.706 28.7692 3.55
    endloop
  endfacet
  facet normal 0.195789 0.980646 0
    outer loop
      vertex 220.418 28.8267 3.55
      vertex 220.706 28.7692 1.7
      vertex 220.418 28.8267 1.7
    endloop
  endfacet
  facet normal 0.83069 -0.556735 0
    outer loop
      vertex 219.051 32.125 3.55
      vertex 219.215 32.3697 1.7
      vertex 219.215 32.3697 3.55
    endloop
  endfacet
  facet normal 0.83069 -0.556735 0
    outer loop
      vertex 219.215 32.3697 1.7
      vertex 219.051 32.125 3.55
      vertex 219.051 32.125 1.7
    endloop
  endfacet
  facet normal -0.624182 -0.0405094 -0.780228
    outer loop
      vertex 225.339 31.5547 0
      vertex 225.375 31 0
      vertex 223.25 31 1.7
    endloop
  endfacet
  facet normal -0.594919 -0.191909 -0.78054
    outer loop
      vertex 223.173 31.5823 1.7
      vertex 225.221 32.1478 0
      vertex 225.226 32.1323 0
    endloop
  endfacet
  facet normal -0.592558 -0.199858 -0.780341
    outer loop
      vertex 225.221 32.1478 0
      vertex 223.173 31.5823 1.7
      vertex 223.079 31.861 1.7
    endloop
  endfacet
  facet normal -0.276315 0.561145 -0.780235
    outer loop
      vertex 222.674 26.958 0
      vertex 222.125 29.0514 1.7
      vertex 223.188 27.2111 0
    endloop
  endfacet
  facet normal -0.276502 0.56108 -0.780215
    outer loop
      vertex 222.125 29.0514 1.7
      vertex 222.674 26.958 0
      vertex 221.861 28.9213 1.7
    endloop
  endfacet
  facet normal 0.276502 -0.56108 -0.780215
    outer loop
      vertex 219.875 32.9486 1.7
      vertex 219.326 35.042 0
      vertex 220.139 33.0787 1.7
    endloop
  endfacet
  facet normal 0.276315 -0.561145 -0.780235
    outer loop
      vertex 219.326 35.042 0
      vertex 219.875 32.9486 1.7
      vertex 218.812 34.7889 0
    endloop
  endfacet
  facet normal 0.193246 0.594603 -0.780451
    outer loop
      vertex 219.852 26.7793 0
      vertex 220.418 28.8267 1.7
      vertex 219.868 26.7741 0
    endloop
  endfacet
  facet normal 0.200843 0.592339 -0.780254
    outer loop
      vertex 220.418 28.8267 1.7
      vertex 219.852 26.7793 0
      vertex 220.139 28.9213 1.7
    endloop
  endfacet
  facet normal 0.624182 -0.0405094 -0.780228
    outer loop
      vertex 216.661 31.5547 0
      vertex 218.75 31 1.7
      vertex 216.625 31 0
    endloop
  endfacet
  facet normal 0.561221 -0.276359 -0.780164
    outer loop
      vertex 218.921 31.861 1.7
      vertex 217.211 33.1875 0
      vertex 219.051 32.125 1.7
    endloop
  endfacet
  facet normal 0.561092 -0.276556 -0.780188
    outer loop
      vertex 217.211 33.1875 0
      vertex 218.921 31.861 1.7
      vertex 216.958 32.6742 0
    endloop
  endfacet
  facet normal 0.412709 -0.470147 -0.780149
    outer loop
      vertex 219.409 32.591 1.7
      vertex 218.337 34.4709 0
      vertex 219.63 32.785 1.7
    endloop
  endfacet
  facet normal 0.411994 -0.470632 -0.780235
    outer loop
      vertex 218.337 34.4709 0
      vertex 219.409 32.591 1.7
      vertex 217.906 34.0936 0
    endloop
  endfacet
  facet normal -0.561092 -0.276556 -0.780188
    outer loop
      vertex 223.079 31.861 1.7
      vertex 224.789 33.1875 0
      vertex 225.042 32.6742 0
    endloop
  endfacet
  facet normal -0.561221 -0.276359 -0.780164
    outer loop
      vertex 224.789 33.1875 0
      vertex 223.079 31.861 1.7
      vertex 222.949 32.125 1.7
    endloop
  endfacet
  facet normal -0.201211 -0.592261 -0.780218
    outer loop
      vertex 222.148 35.2207 0
      vertex 222.674 35.042 0
      vertex 221.861 33.0787 1.7
    endloop
  endfacet
  facet normal -0.276315 -0.561145 -0.780235
    outer loop
      vertex 222.125 32.9486 1.7
      vertex 222.674 35.042 0
      vertex 223.188 34.7889 0
    endloop
  endfacet
  facet normal -0.276502 -0.56108 -0.780215
    outer loop
      vertex 222.674 35.042 0
      vertex 222.125 32.9486 1.7
      vertex 221.861 33.0787 1.7
    endloop
  endfacet
  facet normal -0.348001 0.519812 -0.780186
    outer loop
      vertex 223.188 27.2111 0
      vertex 222.37 29.215 1.7
      vertex 223.663 27.5291 0
    endloop
  endfacet
  facet normal -0.347332 0.520148 -0.78026
    outer loop
      vertex 222.37 29.215 1.7
      vertex 223.188 27.2111 0
      vertex 222.125 29.0514 1.7
    endloop
  endfacet
  facet normal -0.520093 0.347603 -0.780176
    outer loop
      vertex 224.471 28.3367 0
      vertex 222.949 29.875 1.7
      vertex 224.789 28.8125 0
    endloop
  endfacet
  facet normal -0.519563 0.348216 -0.780256
    outer loop
      vertex 222.949 29.875 1.7
      vertex 224.471 28.3367 0
      vertex 222.785 29.6303 1.7
    endloop
  endfacet
  facet normal -0.0409366 -0.624171 -0.780214
    outer loop
      vertex 221 35.375 0
      vertex 221.555 35.3386 0
      vertex 221 33.25 1.7
    endloop
  endfacet
  facet normal 0.470327 0.412306 -0.780254
    outer loop
      vertex 217.906 27.9064 0
      vertex 219.215 29.6303 1.7
      vertex 219.409 29.409 1.7
    endloop
  endfacet
  facet normal 0.470461 0.412186 -0.780236
    outer loop
      vertex 219.215 29.6303 1.7
      vertex 217.906 27.9064 0
      vertex 217.529 28.3367 0
    endloop
  endfacet
  facet normal -0.122146 -0.613463 -0.78022
    outer loop
      vertex 221.582 33.1733 1.7
      vertex 221.571 35.3376 0
      vertex 222.132 35.2259 0
    endloop
  endfacet
  facet normal -0.122475 -0.613439 -0.780188
    outer loop
      vertex 221.571 35.3376 0
      vertex 221.582 33.1733 1.7
      vertex 221.294 33.2308 1.7
    endloop
  endfacet
  facet normal 0.592558 0.199858 -0.780341
    outer loop
      vertex 216.779 29.8522 0
      vertex 218.827 30.4177 1.7
      vertex 218.921 30.139 1.7
    endloop
  endfacet
  facet normal 0.594919 0.191909 -0.78054
    outer loop
      vertex 218.827 30.4177 1.7
      vertex 216.779 29.8522 0
      vertex 216.774 29.8677 0
    endloop
  endfacet
  facet normal -0.613398 -0.122417 -0.780229
    outer loop
      vertex 223.231 31.2937 1.7
      vertex 225.226 32.1323 0
      vertex 225.338 31.5711 0
    endloop
  endfacet
  facet normal -0.613131 -0.123221 -0.780312
    outer loop
      vertex 225.226 32.1323 0
      vertex 223.231 31.2937 1.7
      vertex 223.173 31.5823 1.7
    endloop
  endfacet
  facet normal -0.201211 0.592261 -0.780218
    outer loop
      vertex 222.674 26.958 0
      vertex 222.148 26.7793 0
      vertex 221.861 28.9213 1.7
    endloop
  endfacet
  facet normal 0.613131 -0.123221 -0.780312
    outer loop
      vertex 218.769 31.2937 1.7
      vertex 216.774 32.1323 0
      vertex 218.827 31.5823 1.7
    endloop
  endfacet
  facet normal 0.613398 -0.122417 -0.780229
    outer loop
      vertex 216.774 32.1323 0
      vertex 218.769 31.2937 1.7
      vertex 216.662 31.5711 0
    endloop
  endfacet
  facet normal 0.200843 -0.592339 -0.780254
    outer loop
      vertex 219.852 35.2207 0
      vertex 220.418 33.1733 1.7
      vertex 220.139 33.0787 1.7
    endloop
  endfacet
  facet normal 0.193246 -0.594603 -0.780451
    outer loop
      vertex 220.418 33.1733 1.7
      vertex 219.852 35.2207 0
      vertex 219.868 35.2259 0
    endloop
  endfacet
  facet normal 0.561221 0.276359 -0.780164
    outer loop
      vertex 217.211 28.8125 0
      vertex 218.921 30.139 1.7
      vertex 219.051 29.875 1.7
    endloop
  endfacet
  facet normal 0.561092 0.276556 -0.780188
    outer loop
      vertex 218.921 30.139 1.7
      vertex 217.211 28.8125 0
      vertex 216.958 29.3258 0
    endloop
  endfacet
  facet normal -0.0390236 -0.624378 -0.780147
    outer loop
      vertex 221.294 33.2308 1.7
      vertex 221.555 35.3386 0
      vertex 221.571 35.3376 0
    endloop
  endfacet
  facet normal -0.0407643 -0.624204 -0.780198
    outer loop
      vertex 221.555 35.3386 0
      vertex 221.294 33.2308 1.7
      vertex 221 33.25 1.7
    endloop
  endfacet
  facet normal -0.193246 0.594603 -0.780451
    outer loop
      vertex 221.582 28.8267 1.7
      vertex 222.148 26.7793 0
      vertex 222.132 26.7741 0
    endloop
  endfacet
  facet normal -0.200843 0.592339 -0.780254
    outer loop
      vertex 222.148 26.7793 0
      vertex 221.582 28.8267 1.7
      vertex 221.861 28.9213 1.7
    endloop
  endfacet
  facet normal -0.594919 0.191909 -0.78054
    outer loop
      vertex 225.221 29.8522 0
      vertex 223.173 30.4177 1.7
      vertex 225.226 29.8677 0
    endloop
  endfacet
  facet normal -0.592558 0.199858 -0.780341
    outer loop
      vertex 223.173 30.4177 1.7
      vertex 225.221 29.8522 0
      vertex 223.079 30.139 1.7
    endloop
  endfacet
  facet normal 0.122475 -0.613439 -0.780188
    outer loop
      vertex 220.418 33.1733 1.7
      vertex 220.429 35.3376 0
      vertex 220.706 33.2308 1.7
    endloop
  endfacet
  facet normal 0.122146 -0.613463 -0.78022
    outer loop
      vertex 220.429 35.3376 0
      vertex 220.418 33.1733 1.7
      vertex 219.868 35.2259 0
    endloop
  endfacet
  facet normal -0.624182 0.0405094 -0.780228
    outer loop
      vertex 225.375 31 0
      vertex 225.339 30.4453 0
      vertex 223.25 31 1.7
    endloop
  endfacet
  facet normal -0.411994 -0.470632 -0.780235
    outer loop
      vertex 222.591 32.591 1.7
      vertex 223.663 34.4709 0
      vertex 224.094 34.0936 0
    endloop
  endfacet
  facet normal -0.412709 -0.470147 -0.780149
    outer loop
      vertex 223.663 34.4709 0
      vertex 222.591 32.591 1.7
      vertex 222.37 32.785 1.7
    endloop
  endfacet
  facet normal 0.624206 -0.0403811 -0.780215
    outer loop
      vertex 216.661 31.5547 0
      vertex 218.769 31.2937 1.7
      vertex 218.75 31 1.7
    endloop
  endfacet
  facet normal 0.624437 -0.0380754 -0.780147
    outer loop
      vertex 218.769 31.2937 1.7
      vertex 216.661 31.5547 0
      vertex 216.662 31.5711 0
    endloop
  endfacet
  facet normal -0.561092 0.276556 -0.780188
    outer loop
      vertex 224.789 28.8125 0
      vertex 223.079 30.139 1.7
      vertex 225.042 29.3258 0
    endloop
  endfacet
  facet normal -0.561221 0.276359 -0.780164
    outer loop
      vertex 223.079 30.139 1.7
      vertex 224.789 28.8125 0
      vertex 222.949 29.875 1.7
    endloop
  endfacet
  facet normal 0.0409366 -0.624171 -0.780214
    outer loop
      vertex 221 35.375 0
      vertex 221 33.25 1.7
      vertex 220.445 35.3386 0
    endloop
  endfacet
  facet normal -0.122146 0.613463 -0.78022
    outer loop
      vertex 221.571 26.6624 0
      vertex 221.582 28.8267 1.7
      vertex 222.132 26.7741 0
    endloop
  endfacet
  facet normal -0.122475 0.613439 -0.780188
    outer loop
      vertex 221.582 28.8267 1.7
      vertex 221.571 26.6624 0
      vertex 221.294 28.7692 1.7
    endloop
  endfacet
  facet normal 0.592236 0.201387 -0.780192
    outer loop
      vertex 218.921 30.139 1.7
      vertex 216.958 29.3258 0
      vertex 216.779 29.8522 0
    endloop
  endfacet
  facet normal 0.519563 -0.348216 -0.780256
    outer loop
      vertex 219.051 32.125 1.7
      vertex 217.529 33.6633 0
      vertex 219.215 32.3697 1.7
    endloop
  endfacet
  facet normal 0.520093 -0.347603 -0.780176
    outer loop
      vertex 217.529 33.6633 0
      vertex 219.051 32.125 1.7
      vertex 217.211 33.1875 0
    endloop
  endfacet
  facet normal 0.0407643 0.624204 -0.780198
    outer loop
      vertex 220.445 26.6614 0
      vertex 220.706 28.7692 1.7
      vertex 221 28.75 1.7
    endloop
  endfacet
  facet normal 0.0390236 0.624378 -0.780147
    outer loop
      vertex 220.706 28.7692 1.7
      vertex 220.445 26.6614 0
      vertex 220.429 26.6624 0
    endloop
  endfacet
  facet normal -0.592236 0.201387 -0.780192
    outer loop
      vertex 225.221 29.8522 0
      vertex 225.042 29.3258 0
      vertex 223.079 30.139 1.7
    endloop
  endfacet
  facet normal 0.519563 0.348216 -0.780256
    outer loop
      vertex 217.529 28.3367 0
      vertex 219.051 29.875 1.7
      vertex 219.215 29.6303 1.7
    endloop
  endfacet
  facet normal 0.520093 0.347603 -0.780176
    outer loop
      vertex 219.051 29.875 1.7
      vertex 217.529 28.3367 0
      vertex 217.211 28.8125 0
    endloop
  endfacet
  facet normal 0.592236 -0.201387 -0.780192
    outer loop
      vertex 216.958 32.6742 0
      vertex 218.921 31.861 1.7
      vertex 216.779 32.1478 0
    endloop
  endfacet
  facet normal -0.470461 -0.412186 -0.780236
    outer loop
      vertex 222.785 32.3697 1.7
      vertex 224.094 34.0936 0
      vertex 224.471 33.6633 0
    endloop
  endfacet
  facet normal -0.470327 -0.412306 -0.780254
    outer loop
      vertex 224.094 34.0936 0
      vertex 222.785 32.3697 1.7
      vertex 222.591 32.591 1.7
    endloop
  endfacet
  facet normal -0.200843 -0.592339 -0.780254
    outer loop
      vertex 221.582 33.1733 1.7
      vertex 222.148 35.2207 0
      vertex 221.861 33.0787 1.7
    endloop
  endfacet
  facet normal -0.193246 -0.594603 -0.780451
    outer loop
      vertex 222.148 35.2207 0
      vertex 221.582 33.1733 1.7
      vertex 222.132 35.2259 0
    endloop
  endfacet
  facet normal 0.592558 -0.199858 -0.780341
    outer loop
      vertex 218.827 31.5823 1.7
      vertex 216.779 32.1478 0
      vertex 218.921 31.861 1.7
    endloop
  endfacet
  facet normal 0.594919 -0.191909 -0.78054
    outer loop
      vertex 216.779 32.1478 0
      vertex 218.827 31.5823 1.7
      vertex 216.774 32.1323 0
    endloop
  endfacet
  facet normal -0.348001 -0.519812 -0.780186
    outer loop
      vertex 222.37 32.785 1.7
      vertex 223.188 34.7889 0
      vertex 223.663 34.4709 0
    endloop
  endfacet
  facet normal -0.347332 -0.520148 -0.78026
    outer loop
      vertex 223.188 34.7889 0
      vertex 222.37 32.785 1.7
      vertex 222.125 32.9486 1.7
    endloop
  endfacet
  facet normal 0.276502 0.56108 -0.780215
    outer loop
      vertex 219.326 26.958 0
      vertex 219.875 29.0514 1.7
      vertex 220.139 28.9213 1.7
    endloop
  endfacet
  facet normal 0.276315 0.561145 -0.780235
    outer loop
      vertex 219.875 29.0514 1.7
      vertex 219.326 26.958 0
      vertex 218.812 27.2111 0
    endloop
  endfacet
  facet normal -0.613398 0.122417 -0.780229
    outer loop
      vertex 225.226 29.8677 0
      vertex 223.231 30.7063 1.7
      vertex 225.338 30.4289 0
    endloop
  endfacet
  facet normal -0.613131 0.123221 -0.780312
    outer loop
      vertex 223.231 30.7063 1.7
      vertex 225.226 29.8677 0
      vertex 223.173 30.4177 1.7
    endloop
  endfacet
  facet normal 0.0407643 -0.624204 -0.780198
    outer loop
      vertex 220.706 33.2308 1.7
      vertex 220.445 35.3386 0
      vertex 221 33.25 1.7
    endloop
  endfacet
  facet normal 0.0390236 -0.624378 -0.780147
    outer loop
      vertex 220.445 35.3386 0
      vertex 220.706 33.2308 1.7
      vertex 220.429 35.3376 0
    endloop
  endfacet
  facet normal -0.411994 0.470632 -0.780235
    outer loop
      vertex 223.663 27.5291 0
      vertex 222.591 29.409 1.7
      vertex 224.094 27.9064 0
    endloop
  endfacet
  facet normal -0.412709 0.470147 -0.780149
    outer loop
      vertex 222.591 29.409 1.7
      vertex 223.663 27.5291 0
      vertex 222.37 29.215 1.7
    endloop
  endfacet
  facet normal -0.520093 -0.347603 -0.780176
    outer loop
      vertex 222.949 32.125 1.7
      vertex 224.471 33.6633 0
      vertex 224.789 33.1875 0
    endloop
  endfacet
  facet normal -0.519563 -0.348216 -0.780256
    outer loop
      vertex 224.471 33.6633 0
      vertex 222.949 32.125 1.7
      vertex 222.785 32.3697 1.7
    endloop
  endfacet
  facet normal -0.592236 -0.201387 -0.780192
    outer loop
      vertex 225.042 32.6742 0
      vertex 225.221 32.1478 0
      vertex 223.079 31.861 1.7
    endloop
  endfacet
  facet normal -0.624437 0.0380754 -0.780147
    outer loop
      vertex 223.231 30.7063 1.7
      vertex 225.339 30.4453 0
      vertex 225.338 30.4289 0
    endloop
  endfacet
  facet normal -0.624206 0.0403811 -0.780215
    outer loop
      vertex 225.339 30.4453 0
      vertex 223.231 30.7063 1.7
      vertex 223.25 31 1.7
    endloop
  endfacet
  facet normal 0.201211 -0.592261 -0.780218
    outer loop
      vertex 219.852 35.2207 0
      vertex 220.139 33.0787 1.7
      vertex 219.326 35.042 0
    endloop
  endfacet
  facet normal 0.624182 0.0405094 -0.780228
    outer loop
      vertex 218.75 31 1.7
      vertex 216.661 30.4453 0
      vertex 216.625 31 0
    endloop
  endfacet
  facet normal 0.347332 -0.520148 -0.78026
    outer loop
      vertex 219.63 32.785 1.7
      vertex 218.812 34.7889 0
      vertex 219.875 32.9486 1.7
    endloop
  endfacet
  facet normal 0.348001 -0.519812 -0.780186
    outer loop
      vertex 218.812 34.7889 0
      vertex 219.63 32.785 1.7
      vertex 218.337 34.4709 0
    endloop
  endfacet
  facet normal -0.0390236 0.624378 -0.780147
    outer loop
      vertex 221.555 26.6614 0
      vertex 221.294 28.7692 1.7
      vertex 221.571 26.6624 0
    endloop
  endfacet
  facet normal -0.0407643 0.624204 -0.780198
    outer loop
      vertex 221.294 28.7692 1.7
      vertex 221.555 26.6614 0
      vertex 221 28.75 1.7
    endloop
  endfacet
  facet normal 0.201211 0.592261 -0.780218
    outer loop
      vertex 220.139 28.9213 1.7
      vertex 219.852 26.7793 0
      vertex 219.326 26.958 0
    endloop
  endfacet
  facet normal 0.470327 -0.412306 -0.780254
    outer loop
      vertex 219.215 32.3697 1.7
      vertex 217.906 34.0936 0
      vertex 219.409 32.591 1.7
    endloop
  endfacet
  facet normal 0.470461 -0.412186 -0.780236
    outer loop
      vertex 217.906 34.0936 0
      vertex 219.215 32.3697 1.7
      vertex 217.529 33.6633 0
    endloop
  endfacet
  facet normal 0.412709 0.470147 -0.780149
    outer loop
      vertex 218.337 27.5291 0
      vertex 219.409 29.409 1.7
      vertex 219.63 29.215 1.7
    endloop
  endfacet
  facet normal 0.411994 0.470632 -0.780235
    outer loop
      vertex 219.409 29.409 1.7
      vertex 218.337 27.5291 0
      vertex 217.906 27.9064 0
    endloop
  endfacet
  facet normal -0.470461 0.412186 -0.780236
    outer loop
      vertex 224.094 27.9064 0
      vertex 222.785 29.6303 1.7
      vertex 224.471 28.3367 0
    endloop
  endfacet
  facet normal -0.470327 0.412306 -0.780254
    outer loop
      vertex 222.785 29.6303 1.7
      vertex 224.094 27.9064 0
      vertex 222.591 29.409 1.7
    endloop
  endfacet
  facet normal -0.0409366 0.624171 -0.780214
    outer loop
      vertex 221 28.75 1.7
      vertex 221.555 26.6614 0
      vertex 221 26.625 0
    endloop
  endfacet
  facet normal 0.0409366 0.624171 -0.780214
    outer loop
      vertex 221 28.75 1.7
      vertex 221 26.625 0
      vertex 220.445 26.6614 0
    endloop
  endfacet
  facet normal 0.613131 0.123221 -0.780312
    outer loop
      vertex 216.774 29.8677 0
      vertex 218.769 30.7063 1.7
      vertex 218.827 30.4177 1.7
    endloop
  endfacet
  facet normal 0.613398 0.122417 -0.780229
    outer loop
      vertex 218.769 30.7063 1.7
      vertex 216.774 29.8677 0
      vertex 216.662 30.4289 0
    endloop
  endfacet
  facet normal -0.624206 -0.0403811 -0.780215
    outer loop
      vertex 223.231 31.2937 1.7
      vertex 225.339 31.5547 0
      vertex 223.25 31 1.7
    endloop
  endfacet
  facet normal -0.624437 -0.0380754 -0.780147
    outer loop
      vertex 225.339 31.5547 0
      vertex 223.231 31.2937 1.7
      vertex 225.338 31.5711 0
    endloop
  endfacet
  facet normal 0.122475 0.613439 -0.780188
    outer loop
      vertex 220.429 26.6624 0
      vertex 220.418 28.8267 1.7
      vertex 220.706 28.7692 1.7
    endloop
  endfacet
  facet normal 0.122146 0.613463 -0.78022
    outer loop
      vertex 220.418 28.8267 1.7
      vertex 220.429 26.6624 0
      vertex 219.868 26.7741 0
    endloop
  endfacet
  facet normal 0.347332 0.520148 -0.78026
    outer loop
      vertex 218.812 27.2111 0
      vertex 219.63 29.215 1.7
      vertex 219.875 29.0514 1.7
    endloop
  endfacet
  facet normal 0.348001 0.519812 -0.780186
    outer loop
      vertex 219.63 29.215 1.7
      vertex 218.812 27.2111 0
      vertex 218.337 27.5291 0
    endloop
  endfacet
  facet normal 0.624437 0.0380754 -0.780147
    outer loop
      vertex 216.661 30.4453 0
      vertex 218.769 30.7063 1.7
      vertex 216.662 30.4289 0
    endloop
  endfacet
  facet normal 0.624206 0.0403811 -0.780215
    outer loop
      vertex 218.769 30.7063 1.7
      vertex 216.661 30.4453 0
      vertex 218.75 31 1.7
    endloop
  endfacet
  facet normal -0.980318 -0.197425 0
    outer loop
      vertex 223.231 139.294 1.7
      vertex 223.173 139.582 3.55
      vertex 223.173 139.582 1.7
    endloop
  endfacet
  facet normal -0.980318 -0.197425 0
    outer loop
      vertex 223.173 139.582 3.55
      vertex 223.231 139.294 1.7
      vertex 223.231 139.294 3.55
    endloop
  endfacet
  facet normal -0.997918 -0.0644913 0
    outer loop
      vertex 223.25 139 1.7
      vertex 223.231 139.294 3.55
      vertex 223.231 139.294 1.7
    endloop
  endfacet
  facet normal -0.997918 -0.0644913 0
    outer loop
      vertex 223.231 139.294 3.55
      vertex 223.25 139 1.7
      vertex 223.25 139 3.55
    endloop
  endfacet
  facet normal -0.947659 -0.319283 0
    outer loop
      vertex 223.173 139.582 1.7
      vertex 223.079 139.861 3.55
      vertex 223.079 139.861 1.7
    endloop
  endfacet
  facet normal -0.947659 -0.319283 0
    outer loop
      vertex 223.079 139.861 3.55
      vertex 223.173 139.582 1.7
      vertex 223.173 139.582 3.55
    endloop
  endfacet
  facet normal -0.831005 -0.556265 0
    outer loop
      vertex 222.949 140.125 1.7
      vertex 222.785 140.37 3.55
      vertex 222.785 140.37 1.7
    endloop
  endfacet
  facet normal -0.831005 -0.556265 0
    outer loop
      vertex 222.785 140.37 3.55
      vertex 222.949 140.125 1.7
      vertex 222.949 140.125 3.55
    endloop
  endfacet
  facet normal 0.659708 0.751522 -0
    outer loop
      vertex 219.63 137.215 1.7
      vertex 219.409 137.409 3.55
      vertex 219.63 137.215 3.55
    endloop
  endfacet
  facet normal 0.659708 0.751522 0
    outer loop
      vertex 219.409 137.409 3.55
      vertex 219.63 137.215 1.7
      vertex 219.409 137.409 1.7
    endloop
  endfacet
  facet normal -0.751522 0.659708 0
    outer loop
      vertex 222.591 137.409 1.7
      vertex 222.785 137.63 3.55
      vertex 222.785 137.63 1.7
    endloop
  endfacet
  facet normal -0.751522 0.659708 0
    outer loop
      vertex 222.785 137.63 3.55
      vertex 222.591 137.409 1.7
      vertex 222.591 137.409 3.55
    endloop
  endfacet
  facet normal -0.659708 -0.751522 0
    outer loop
      vertex 222.37 140.785 1.7
      vertex 222.591 140.591 3.55
      vertex 222.37 140.785 3.55
    endloop
  endfacet
  facet normal -0.659708 -0.751522 -0
    outer loop
      vertex 222.591 140.591 3.55
      vertex 222.37 140.785 1.7
      vertex 222.591 140.591 1.7
    endloop
  endfacet
  facet normal 0.441768 -0.897129 0
    outer loop
      vertex 219.875 140.949 1.7
      vertex 220.139 141.079 3.55
      vertex 219.875 140.949 3.55
    endloop
  endfacet
  facet normal 0.441768 -0.897129 0
    outer loop
      vertex 220.139 141.079 3.55
      vertex 219.875 140.949 1.7
      vertex 220.139 141.079 1.7
    endloop
  endfacet
  facet normal 0 0 -1
    outer loop
      vertex 221 136.75 58.53
      vertex 221.578 136.826 58.53
      vertex 221.294 136.769 58.53
    endloop
  endfacet
  facet normal 0 0 -1
    outer loop
      vertex 220.706 136.769 58.53
      vertex 221.578 136.826 58.53
      vertex 221 136.75 58.53
    endloop
  endfacet
  facet normal -0 0 -1
    outer loop
      vertex 221.578 136.826 58.53
      vertex 220.706 136.769 58.53
      vertex 220.422 136.826 58.53
    endloop
  endfacet
  facet normal -0.441768 -0.897129 0
    outer loop
      vertex 221.861 141.079 1.7
      vertex 222.125 140.949 3.55
      vertex 221.861 141.079 3.55
    endloop
  endfacet
  facet normal -0.441768 -0.897129 -0
    outer loop
      vertex 222.125 140.949 3.55
      vertex 221.861 141.079 1.7
      vertex 222.125 140.949 1.7
    endloop
  endfacet
  facet normal -0.897129 0.441768 0
    outer loop
      vertex 222.949 137.875 1.7
      vertex 223.079 138.139 3.55
      vertex 223.079 138.139 1.7
    endloop
  endfacet
  facet normal -0.897129 0.441768 0
    outer loop
      vertex 223.079 138.139 3.55
      vertex 222.949 137.875 1.7
      vertex 222.949 137.875 3.55
    endloop
  endfacet
  facet normal -0.319283 0.947659 0
    outer loop
      vertex 221.861 136.921 1.7
      vertex 221.582 136.827 3.55
      vertex 221.861 136.921 3.55
    endloop
  endfacet
  facet normal -0.319283 0.947659 0
    outer loop
      vertex 221.582 136.827 3.55
      vertex 221.861 136.921 1.7
      vertex 221.582 136.827 1.7
    endloop
  endfacet
  facet normal -0.897129 -0.441768 0
    outer loop
      vertex 223.079 139.861 1.7
      vertex 222.949 140.125 3.55
      vertex 222.949 140.125 1.7
    endloop
  endfacet
  facet normal -0.897129 -0.441768 0
    outer loop
      vertex 222.949 140.125 3.55
      vertex 223.079 139.861 1.7
      vertex 223.079 139.861 3.55
    endloop
  endfacet
  facet normal 0.897129 -0.441768 0
    outer loop
      vertex 218.921 139.861 3.55
      vertex 219.051 140.125 1.7
      vertex 219.051 140.125 3.55
    endloop
  endfacet
  facet normal 0.897129 -0.441768 0
    outer loop
      vertex 219.051 140.125 1.7
      vertex 218.921 139.861 3.55
      vertex 218.921 139.861 1.7
    endloop
  endfacet
  facet normal -0.751522 -0.659708 0
    outer loop
      vertex 222.785 140.37 1.7
      vertex 222.591 140.591 3.55
      vertex 222.591 140.591 1.7
    endloop
  endfacet
  facet normal -0.751522 -0.659708 0
    outer loop
      vertex 222.591 140.591 3.55
      vertex 222.785 140.37 1.7
      vertex 222.785 140.37 3.55
    endloop
  endfacet
  facet normal -0.980318 0.197425 0
    outer loop
      vertex 223.173 138.418 1.7
      vertex 223.231 138.706 3.55
      vertex 223.231 138.706 1.7
    endloop
  endfacet
  facet normal -0.980318 0.197425 0
    outer loop
      vertex 223.231 138.706 3.55
      vertex 223.173 138.418 1.7
      vertex 223.173 138.418 3.55
    endloop
  endfacet
  facet normal -0.997918 0.0644913 0
    outer loop
      vertex 223.231 138.706 1.7
      vertex 223.25 139 3.55
      vertex 223.25 139 1.7
    endloop
  endfacet
  facet normal -0.997918 0.0644913 0
    outer loop
      vertex 223.25 139 3.55
      vertex 223.231 138.706 1.7
      vertex 223.231 138.706 3.55
    endloop
  endfacet
  facet normal 0.556265 0.831005 -0
    outer loop
      vertex 219.875 137.051 1.7
      vertex 219.63 137.215 3.55
      vertex 219.875 137.051 3.55
    endloop
  endfacet
  facet normal 0.556265 0.831005 0
    outer loop
      vertex 219.63 137.215 3.55
      vertex 219.875 137.051 1.7
      vertex 219.63 137.215 1.7
    endloop
  endfacet
  facet normal 0.947659 0.319283 0
    outer loop
      vertex 218.921 138.139 3.55
      vertex 218.827 138.418 1.7
      vertex 218.827 138.418 3.55
    endloop
  endfacet
  facet normal 0.947659 0.319283 0
    outer loop
      vertex 218.827 138.418 1.7
      vertex 218.921 138.139 3.55
      vertex 218.921 138.139 1.7
    endloop
  endfacet
  facet normal 0.997918 0.0644913 0
    outer loop
      vertex 218.769 138.706 3.55
      vertex 218.75 139 1.7
      vertex 218.75 139 3.55
    endloop
  endfacet
  facet normal 0.997918 0.0644913 0
    outer loop
      vertex 218.75 139 1.7
      vertex 218.769 138.706 3.55
      vertex 218.769 138.706 1.7
    endloop
  endfacet
  facet normal 0.751522 0.659708 0
    outer loop
      vertex 219.409 137.409 3.55
      vertex 219.215 137.63 1.7
      vertex 219.215 137.63 3.55
    endloop
  endfacet
  facet normal 0.751522 0.659708 0
    outer loop
      vertex 219.215 137.63 1.7
      vertex 219.409 137.409 3.55
      vertex 219.409 137.409 1.7
    endloop
  endfacet
  facet normal 0.319283 -0.947659 0
    outer loop
      vertex 220.139 141.079 1.7
      vertex 220.418 141.173 3.55
      vertex 220.139 141.079 3.55
    endloop
  endfacet
  facet normal 0.319283 -0.947659 0
    outer loop
      vertex 220.418 141.173 3.55
      vertex 220.139 141.079 1.7
      vertex 220.418 141.173 1.7
    endloop
  endfacet
  facet normal -0.659708 0.751522 0
    outer loop
      vertex 222.591 137.409 1.7
      vertex 222.37 137.215 3.55
      vertex 222.591 137.409 3.55
    endloop
  endfacet
  facet normal -0.659708 0.751522 0
    outer loop
      vertex 222.37 137.215 3.55
      vertex 222.591 137.409 1.7
      vertex 222.37 137.215 1.7
    endloop
  endfacet
  facet normal -0.0644913 0.997918 0
    outer loop
      vertex 221.294 136.769 58.504
      vertex 221 136.75 58.53
      vertex 221.294 136.769 58.53
    endloop
  endfacet
  facet normal -0.0644913 0.997918 0
    outer loop
      vertex 221 136.75 58.53
      vertex 221.294 136.769 58.504
      vertex 221 136.75 58.4952
    endloop
  endfacet
  facet normal -0.0644913 0.997918 0
    outer loop
      vertex 221.294 136.769 1.7
      vertex 221 136.75 3.55
      vertex 221.294 136.769 3.55
    endloop
  endfacet
  facet normal -0.0644913 0.997918 0
    outer loop
      vertex 221 136.75 3.55
      vertex 221.294 136.769 1.7
      vertex 221 136.75 1.7
    endloop
  endfacet
  facet normal -0.197425 -0.980318 0
    outer loop
      vertex 221.294 141.231 1.7
      vertex 221.582 141.173 3.55
      vertex 221.294 141.231 3.55
    endloop
  endfacet
  facet normal -0.197425 -0.980318 -0
    outer loop
      vertex 221.582 141.173 3.55
      vertex 221.294 141.231 1.7
      vertex 221.582 141.173 1.7
    endloop
  endfacet
  facet normal -0.319283 -0.947659 0
    outer loop
      vertex 221.582 141.173 1.7
      vertex 221.861 141.079 3.55
      vertex 221.582 141.173 3.55
    endloop
  endfacet
  facet normal -0.319283 -0.947659 -0
    outer loop
      vertex 221.861 141.079 3.55
      vertex 221.582 141.173 1.7
      vertex 221.861 141.079 1.7
    endloop
  endfacet
  facet normal -0.947659 0.319283 0
    outer loop
      vertex 223.079 138.139 1.7
      vertex 223.173 138.418 3.55
      vertex 223.173 138.418 1.7
    endloop
  endfacet
  facet normal -0.947659 0.319283 0
    outer loop
      vertex 223.173 138.418 3.55
      vertex 223.079 138.139 1.7
      vertex 223.079 138.139 3.55
    endloop
  endfacet
  facet normal 0.197425 -0.980318 0
    outer loop
      vertex 220.418 141.173 1.7
      vertex 220.706 141.231 3.55
      vertex 220.418 141.173 3.55
    endloop
  endfacet
  facet normal 0.197425 -0.980318 0
    outer loop
      vertex 220.706 141.231 3.55
      vertex 220.418 141.173 1.7
      vertex 220.706 141.231 1.7
    endloop
  endfacet
  facet normal 0.947659 -0.319283 0
    outer loop
      vertex 218.827 139.582 3.55
      vertex 218.921 139.861 1.7
      vertex 218.921 139.861 3.55
    endloop
  endfacet
  facet normal 0.947659 -0.319283 0
    outer loop
      vertex 218.921 139.861 1.7
      vertex 218.827 139.582 3.55
      vertex 218.827 139.582 1.7
    endloop
  endfacet
  facet normal -0.556265 -0.831005 0
    outer loop
      vertex 222.125 140.949 1.7
      vertex 222.37 140.785 3.55
      vertex 222.125 140.949 3.55
    endloop
  endfacet
  facet normal -0.556265 -0.831005 -0
    outer loop
      vertex 222.37 140.785 3.55
      vertex 222.125 140.949 1.7
      vertex 222.37 140.785 1.7
    endloop
  endfacet
  facet normal -0.19678 0.980448 0
    outer loop
      vertex 221.294 136.769 58.53
      vertex 221.578 136.826 58.53
      vertex 221.294 136.769 58.504
    endloop
  endfacet
  facet normal -0.197425 0.980318 0
    outer loop
      vertex 221.582 136.827 1.7
      vertex 221.294 136.769 3.55
      vertex 221.582 136.827 3.55
    endloop
  endfacet
  facet normal -0.197425 0.980318 0
    outer loop
      vertex 221.294 136.769 3.55
      vertex 221.582 136.827 1.7
      vertex 221.294 136.769 1.7
    endloop
  endfacet
  facet normal -0.441768 0.897129 0
    outer loop
      vertex 222.125 137.051 1.7
      vertex 221.861 136.921 3.55
      vertex 222.125 137.051 3.55
    endloop
  endfacet
  facet normal -0.441768 0.897129 0
    outer loop
      vertex 221.861 136.921 3.55
      vertex 222.125 137.051 1.7
      vertex 221.861 136.921 1.7
    endloop
  endfacet
  facet normal 0.441768 0.897129 -0
    outer loop
      vertex 220.139 136.921 1.7
      vertex 219.875 137.051 3.55
      vertex 220.139 136.921 3.55
    endloop
  endfacet
  facet normal 0.441768 0.897129 0
    outer loop
      vertex 219.875 137.051 3.55
      vertex 220.139 136.921 1.7
      vertex 219.875 137.051 1.7
    endloop
  endfacet
  facet normal 0.751522 -0.659708 0
    outer loop
      vertex 219.215 140.37 3.55
      vertex 219.409 140.591 1.7
      vertex 219.409 140.591 3.55
    endloop
  endfacet
  facet normal 0.751522 -0.659708 0
    outer loop
      vertex 219.409 140.591 1.7
      vertex 219.215 140.37 3.55
      vertex 219.215 140.37 1.7
    endloop
  endfacet
  facet normal 0.897129 0.441768 0
    outer loop
      vertex 219.051 137.875 3.55
      vertex 218.921 138.139 1.7
      vertex 218.921 138.139 3.55
    endloop
  endfacet
  facet normal 0.897129 0.441768 0
    outer loop
      vertex 218.921 138.139 1.7
      vertex 219.051 137.875 3.55
      vertex 219.051 137.875 1.7
    endloop
  endfacet
  facet normal 0.997918 -0.0644913 0
    outer loop
      vertex 218.75 139 3.55
      vertex 218.769 139.294 1.7
      vertex 218.769 139.294 3.55
    endloop
  endfacet
  facet normal 0.997918 -0.0644913 0
    outer loop
      vertex 218.769 139.294 1.7
      vertex 218.75 139 3.55
      vertex 218.75 139 1.7
    endloop
  endfacet
  facet normal 0.831005 0.556265 0
    outer loop
      vertex 219.215 137.63 3.55
      vertex 219.051 137.875 1.7
      vertex 219.051 137.875 3.55
    endloop
  endfacet
  facet normal 0.831005 0.556265 0
    outer loop
      vertex 219.051 137.875 1.7
      vertex 219.215 137.63 3.55
      vertex 219.215 137.63 1.7
    endloop
  endfacet
  facet normal 0.556265 -0.831005 0
    outer loop
      vertex 219.63 140.785 1.7
      vertex 219.875 140.949 3.55
      vertex 219.63 140.785 3.55
    endloop
  endfacet
  facet normal 0.556265 -0.831005 0
    outer loop
      vertex 219.875 140.949 3.55
      vertex 219.63 140.785 1.7
      vertex 219.875 140.949 1.7
    endloop
  endfacet
  facet normal -0.831005 0.556265 0
    outer loop
      vertex 222.785 137.63 1.7
      vertex 222.949 137.875 3.55
      vertex 222.949 137.875 1.7
    endloop
  endfacet
  facet normal -0.831005 0.556265 0
    outer loop
      vertex 222.949 137.875 3.55
      vertex 222.785 137.63 1.7
      vertex 222.785 137.63 3.55
    endloop
  endfacet
  facet normal 0.0644913 0.997918 0
    outer loop
      vertex 221 136.75 58.53
      vertex 220.706 136.769 58.504
      vertex 220.706 136.769 58.53
    endloop
  endfacet
  facet normal 0.0644913 0.997918 0
    outer loop
      vertex 220.706 136.769 58.504
      vertex 221 136.75 58.53
      vertex 221 136.75 58.4952
    endloop
  endfacet
  facet normal 0.0644913 0.997918 -0
    outer loop
      vertex 221 136.75 1.7
      vertex 220.706 136.769 3.55
      vertex 221 136.75 3.55
    endloop
  endfacet
  facet normal 0.0644913 0.997918 0
    outer loop
      vertex 220.706 136.769 3.55
      vertex 221 136.75 1.7
      vertex 220.706 136.769 1.7
    endloop
  endfacet
  facet normal 0.659708 -0.751522 0
    outer loop
      vertex 219.409 140.591 1.7
      vertex 219.63 140.785 3.55
      vertex 219.409 140.591 3.55
    endloop
  endfacet
  facet normal 0.659708 -0.751522 0
    outer loop
      vertex 219.63 140.785 3.55
      vertex 219.409 140.591 1.7
      vertex 219.63 140.785 1.7
    endloop
  endfacet
  facet normal -0.556265 0.831005 0
    outer loop
      vertex 222.37 137.215 1.7
      vertex 222.125 137.051 3.55
      vertex 222.37 137.215 3.55
    endloop
  endfacet
  facet normal -0.556265 0.831005 0
    outer loop
      vertex 222.125 137.051 3.55
      vertex 222.37 137.215 1.7
      vertex 222.125 137.051 1.7
    endloop
  endfacet
  facet normal 0.980318 -0.197425 0
    outer loop
      vertex 218.769 139.294 3.55
      vertex 218.827 139.582 1.7
      vertex 218.827 139.582 3.55
    endloop
  endfacet
  facet normal 0.980318 -0.197425 0
    outer loop
      vertex 218.827 139.582 1.7
      vertex 218.769 139.294 3.55
      vertex 218.769 139.294 1.7
    endloop
  endfacet
  facet normal 0.0644913 -0.997918 0
    outer loop
      vertex 220.706 141.231 1.7
      vertex 221 141.25 3.55
      vertex 220.706 141.231 3.55
    endloop
  endfacet
  facet normal 0.0644913 -0.997918 0
    outer loop
      vertex 221 141.25 3.55
      vertex 220.706 141.231 1.7
      vertex 221 141.25 1.7
    endloop
  endfacet
  facet normal 0.319283 0.947659 -0
    outer loop
      vertex 220.418 136.827 1.7
      vertex 220.139 136.921 3.55
      vertex 220.418 136.827 3.55
    endloop
  endfacet
  facet normal 0.319283 0.947659 0
    outer loop
      vertex 220.139 136.921 3.55
      vertex 220.418 136.827 1.7
      vertex 220.139 136.921 1.7
    endloop
  endfacet
  facet normal 0.980318 0.197425 0
    outer loop
      vertex 218.827 138.418 3.55
      vertex 218.769 138.706 1.7
      vertex 218.769 138.706 3.55
    endloop
  endfacet
  facet normal 0.980318 0.197425 0
    outer loop
      vertex 218.769 138.706 1.7
      vertex 218.827 138.418 3.55
      vertex 218.827 138.418 1.7
    endloop
  endfacet
  facet normal -0.0644913 -0.997918 0
    outer loop
      vertex 221 141.25 1.7
      vertex 221.294 141.231 3.55
      vertex 221 141.25 3.55
    endloop
  endfacet
  facet normal -0.0644913 -0.997918 -0
    outer loop
      vertex 221.294 141.231 3.55
      vertex 221 141.25 1.7
      vertex 221.294 141.231 1.7
    endloop
  endfacet
  facet normal 0.19678 0.980448 0
    outer loop
      vertex 220.706 136.769 58.53
      vertex 220.706 136.769 58.504
      vertex 220.422 136.826 58.53
    endloop
  endfacet
  facet normal 0.197425 0.980318 -0
    outer loop
      vertex 220.706 136.769 1.7
      vertex 220.418 136.827 3.55
      vertex 220.706 136.769 3.55
    endloop
  endfacet
  facet normal 0.197425 0.980318 0
    outer loop
      vertex 220.418 136.827 3.55
      vertex 220.706 136.769 1.7
      vertex 220.418 136.827 1.7
    endloop
  endfacet
  facet normal 0.831005 -0.556265 0
    outer loop
      vertex 219.051 140.125 3.55
      vertex 219.215 140.37 1.7
      vertex 219.215 140.37 3.55
    endloop
  endfacet
  facet normal 0.831005 -0.556265 0
    outer loop
      vertex 219.215 140.37 1.7
      vertex 219.051 140.125 3.55
      vertex 219.051 140.125 1.7
    endloop
  endfacet
  facet normal -0.624183 -0.0404875 -0.780229
    outer loop
      vertex 225.339 139.555 0
      vertex 225.375 139 0
      vertex 223.25 139 1.7
    endloop
  endfacet
  facet normal -0.596499 -0.186406 -0.780668
    outer loop
      vertex 223.173 139.582 1.7
      vertex 225.221 140.148 0
      vertex 225.226 140.132 0
    endloop
  endfacet
  facet normal -0.59259 -0.199654 -0.780369
    outer loop
      vertex 225.221 140.148 0
      vertex 223.173 139.582 1.7
      vertex 223.079 139.861 1.7
    endloop
  endfacet
  facet normal -0.27625 0.561236 -0.780193
    outer loop
      vertex 222.674 134.958 0
      vertex 222.125 137.051 1.7
      vertex 223.188 135.211 0
    endloop
  endfacet
  facet normal -0.276349 0.561201 -0.780182
    outer loop
      vertex 222.125 137.051 1.7
      vertex 222.674 134.958 0
      vertex 221.861 136.921 1.7
    endloop
  endfacet
  facet normal 0.276349 -0.561201 -0.780182
    outer loop
      vertex 219.875 140.949 1.7
      vertex 219.326 143.042 0
      vertex 220.139 141.079 1.7
    endloop
  endfacet
  facet normal 0.27625 -0.561236 -0.780193
    outer loop
      vertex 219.326 143.042 0
      vertex 219.875 140.949 1.7
      vertex 218.812 142.789 0
    endloop
  endfacet
  facet normal 0.186406 0.596499 -0.780668
    outer loop
      vertex 219.852 134.779 0
      vertex 220.418 136.827 1.7
      vertex 219.868 134.774 0
    endloop
  endfacet
  facet normal 0.199654 0.59259 -0.780369
    outer loop
      vertex 220.418 136.827 1.7
      vertex 219.852 134.779 0
      vertex 220.139 136.921 1.7
    endloop
  endfacet
  facet normal 0.624183 -0.0404875 -0.780229
    outer loop
      vertex 216.661 139.555 0
      vertex 218.75 139 1.7
      vertex 216.625 139 0
    endloop
  endfacet
  facet normal 0.561186 -0.276342 -0.780196
    outer loop
      vertex 218.921 139.861 1.7
      vertex 217.211 141.188 0
      vertex 219.051 140.125 1.7
    endloop
  endfacet
  facet normal 0.561243 -0.276254 -0.780186
    outer loop
      vertex 217.211 141.188 0
      vertex 218.921 139.861 1.7
      vertex 216.958 140.674 0
    endloop
  endfacet
  facet normal 0.4127 -0.470137 -0.78016
    outer loop
      vertex 219.409 140.591 1.7
      vertex 218.337 142.471 0
      vertex 219.63 140.785 1.7
    endloop
  endfacet
  facet normal 0.41178 -0.470761 -0.78027
    outer loop
      vertex 218.337 142.471 0
      vertex 219.409 140.591 1.7
      vertex 217.906 142.094 0
    endloop
  endfacet
  facet normal -0.561243 -0.276254 -0.780186
    outer loop
      vertex 223.079 139.861 1.7
      vertex 224.789 141.188 0
      vertex 225.042 140.674 0
    endloop
  endfacet
  facet normal -0.561186 -0.276342 -0.780196
    outer loop
      vertex 224.789 141.188 0
      vertex 223.079 139.861 1.7
      vertex 222.949 140.125 1.7
    endloop
  endfacet
  facet normal -0.201526 -0.592195 -0.780188
    outer loop
      vertex 222.148 143.221 0
      vertex 222.674 143.042 0
      vertex 221.861 141.079 1.7
    endloop
  endfacet
  facet normal -0.27625 -0.561236 -0.780193
    outer loop
      vertex 222.125 140.949 1.7
      vertex 222.674 143.042 0
      vertex 223.188 142.789 0
    endloop
  endfacet
  facet normal -0.276349 -0.561201 -0.780182
    outer loop
      vertex 222.674 143.042 0
      vertex 222.125 140.949 1.7
      vertex 221.861 141.079 1.7
    endloop
  endfacet
  facet normal -0.347992 0.5198 -0.780198
    outer loop
      vertex 223.188 135.211 0
      vertex 222.37 137.215 1.7
      vertex 223.663 135.529 0
    endloop
  endfacet
  facet normal -0.347959 0.519817 -0.780202
    outer loop
      vertex 222.37 137.215 1.7
      vertex 223.188 135.211 0
      vertex 222.125 137.051 1.7
    endloop
  endfacet
  facet normal -0.519797 0.347991 -0.780201
    outer loop
      vertex 224.471 136.337 0
      vertex 222.949 137.875 1.7
      vertex 224.789 136.812 0
    endloop
  endfacet
  facet normal -0.519822 0.347962 -0.780197
    outer loop
      vertex 222.949 137.875 1.7
      vertex 224.471 136.337 0
      vertex 222.785 137.63 1.7
    endloop
  endfacet
  facet normal -0.0404875 -0.624183 -0.780229
    outer loop
      vertex 221 143.375 0
      vertex 221.555 143.339 0
      vertex 221 141.25 1.7
    endloop
  endfacet
  facet normal 0.470001 0.41258 -0.780306
    outer loop
      vertex 217.906 135.906 0
      vertex 219.215 137.63 1.7
      vertex 219.409 137.409 1.7
    endloop
  endfacet
  facet normal 0.470831 0.411841 -0.780195
    outer loop
      vertex 219.215 137.63 1.7
      vertex 217.906 135.906 0
      vertex 217.529 136.337 0
    endloop
  endfacet
  facet normal -0.122445 -0.613319 -0.780287
    outer loop
      vertex 221.582 141.173 1.7
      vertex 221.571 143.338 0
      vertex 222.132 143.226 0
    endloop
  endfacet
  facet normal -0.1235 -0.613241 -0.780181
    outer loop
      vertex 221.571 143.338 0
      vertex 221.582 141.173 1.7
      vertex 221.294 141.231 1.7
    endloop
  endfacet
  facet normal 0.59259 0.199654 -0.780369
    outer loop
      vertex 216.779 137.852 0
      vertex 218.827 138.418 1.7
      vertex 218.921 138.139 1.7
    endloop
  endfacet
  facet normal 0.596499 0.186406 -0.780668
    outer loop
      vertex 218.827 138.418 1.7
      vertex 216.779 137.852 0
      vertex 216.774 137.868 0
    endloop
  endfacet
  facet normal -0.613405 -0.122462 -0.780216
    outer loop
      vertex 223.231 139.294 1.7
      vertex 225.226 140.132 0
      vertex 225.338 139.571 0
    endloop
  endfacet
  facet normal -0.613072 -0.123466 -0.78032
    outer loop
      vertex 225.226 140.132 0
      vertex 223.231 139.294 1.7
      vertex 223.173 139.582 1.7
    endloop
  endfacet
  facet normal -0.201526 0.592195 -0.780188
    outer loop
      vertex 222.674 134.958 0
      vertex 222.148 134.779 0
      vertex 221.861 136.921 1.7
    endloop
  endfacet
  facet normal 0.613072 -0.123466 -0.78032
    outer loop
      vertex 218.769 139.294 1.7
      vertex 216.774 140.132 0
      vertex 218.827 139.582 1.7
    endloop
  endfacet
  facet normal 0.613405 -0.122462 -0.780216
    outer loop
      vertex 216.774 140.132 0
      vertex 218.769 139.294 1.7
      vertex 216.662 139.571 0
    endloop
  endfacet
  facet normal 0.199654 -0.59259 -0.780369
    outer loop
      vertex 219.852 143.221 0
      vertex 220.418 141.173 1.7
      vertex 220.139 141.079 1.7
    endloop
  endfacet
  facet normal 0.186406 -0.596499 -0.780668
    outer loop
      vertex 220.418 141.173 1.7
      vertex 219.852 143.221 0
      vertex 219.868 143.226 0
    endloop
  endfacet
  facet normal -0.0390214 -0.624342 -0.780176
    outer loop
      vertex 221.294 141.231 1.7
      vertex 221.555 143.339 0
      vertex 221.571 143.338 0
    endloop
  endfacet
  facet normal -0.0403401 -0.62421 -0.780214
    outer loop
      vertex 221.555 143.339 0
      vertex 221.294 141.231 1.7
      vertex 221 141.25 1.7
    endloop
  endfacet
  facet normal -0.186406 0.596499 -0.780668
    outer loop
      vertex 221.582 136.827 1.7
      vertex 222.148 134.779 0
      vertex 222.132 134.774 0
    endloop
  endfacet
  facet normal -0.199654 0.59259 -0.780369
    outer loop
      vertex 222.148 134.779 0
      vertex 221.582 136.827 1.7
      vertex 221.861 136.921 1.7
    endloop
  endfacet
  facet normal -0.596499 0.186406 -0.780668
    outer loop
      vertex 225.221 137.852 0
      vertex 223.173 138.418 1.7
      vertex 225.226 137.868 0
    endloop
  endfacet
  facet normal -0.59259 0.199654 -0.780369
    outer loop
      vertex 223.173 138.418 1.7
      vertex 225.221 137.852 0
      vertex 223.079 138.139 1.7
    endloop
  endfacet
  facet normal 0.1235 -0.613241 -0.780181
    outer loop
      vertex 220.418 141.173 1.7
      vertex 220.429 143.338 0
      vertex 220.706 141.231 1.7
    endloop
  endfacet
  facet normal 0.122445 -0.613319 -0.780287
    outer loop
      vertex 220.429 143.338 0
      vertex 220.418 141.173 1.7
      vertex 219.868 143.226 0
    endloop
  endfacet
  facet normal -0.624183 0.0404875 -0.780229
    outer loop
      vertex 225.375 139 0
      vertex 225.339 138.445 0
      vertex 223.25 139 1.7
    endloop
  endfacet
  facet normal -0.41178 -0.470761 -0.78027
    outer loop
      vertex 222.591 140.591 1.7
      vertex 223.663 142.471 0
      vertex 224.094 142.094 0
    endloop
  endfacet
  facet normal -0.4127 -0.470137 -0.78016
    outer loop
      vertex 223.663 142.471 0
      vertex 222.591 140.591 1.7
      vertex 222.37 140.785 1.7
    endloop
  endfacet
  facet normal 0.62421 -0.0403401 -0.780214
    outer loop
      vertex 216.661 139.555 0
      vertex 218.769 139.294 1.7
      vertex 218.75 139 1.7
    endloop
  endfacet
  facet normal 0.624342 -0.0390214 -0.780176
    outer loop
      vertex 218.769 139.294 1.7
      vertex 216.661 139.555 0
      vertex 216.662 139.571 0
    endloop
  endfacet
  facet normal -0.561243 0.276254 -0.780186
    outer loop
      vertex 224.789 136.812 0
      vertex 223.079 138.139 1.7
      vertex 225.042 137.326 0
    endloop
  endfacet
  facet normal -0.561186 0.276342 -0.780196
    outer loop
      vertex 223.079 138.139 1.7
      vertex 224.789 136.812 0
      vertex 222.949 137.875 1.7
    endloop
  endfacet
  facet normal 0.0404875 -0.624183 -0.780229
    outer loop
      vertex 221 143.375 0
      vertex 221 141.25 1.7
      vertex 220.445 143.339 0
    endloop
  endfacet
  facet normal -0.122445 0.613319 -0.780287
    outer loop
      vertex 221.571 134.662 0
      vertex 221.582 136.827 1.7
      vertex 222.132 134.774 0
    endloop
  endfacet
  facet normal -0.1235 0.613241 -0.780181
    outer loop
      vertex 221.582 136.827 1.7
      vertex 221.571 134.662 0
      vertex 221.294 136.769 1.7
    endloop
  endfacet
  facet normal 0.592195 0.201526 -0.780188
    outer loop
      vertex 218.921 138.139 1.7
      vertex 216.958 137.326 0
      vertex 216.779 137.852 0
    endloop
  endfacet
  facet normal 0.519822 -0.347962 -0.780197
    outer loop
      vertex 219.051 140.125 1.7
      vertex 217.529 141.663 0
      vertex 219.215 140.37 1.7
    endloop
  endfacet
  facet normal 0.519797 -0.347991 -0.780201
    outer loop
      vertex 217.529 141.663 0
      vertex 219.051 140.125 1.7
      vertex 217.211 141.188 0
    endloop
  endfacet
  facet normal 0.0403401 0.62421 -0.780214
    outer loop
      vertex 220.445 134.661 0
      vertex 220.706 136.769 1.7
      vertex 221 136.75 1.7
    endloop
  endfacet
  facet normal 0.0390214 0.624342 -0.780176
    outer loop
      vertex 220.706 136.769 1.7
      vertex 220.445 134.661 0
      vertex 220.429 134.662 0
    endloop
  endfacet
  facet normal -0.592195 0.201526 -0.780188
    outer loop
      vertex 225.221 137.852 0
      vertex 225.042 137.326 0
      vertex 223.079 138.139 1.7
    endloop
  endfacet
  facet normal 0.519822 0.347962 -0.780197
    outer loop
      vertex 217.529 136.337 0
      vertex 219.051 137.875 1.7
      vertex 219.215 137.63 1.7
    endloop
  endfacet
  facet normal 0.519797 0.347991 -0.780201
    outer loop
      vertex 219.051 137.875 1.7
      vertex 217.529 136.337 0
      vertex 217.211 136.812 0
    endloop
  endfacet
  facet normal 0.592195 -0.201526 -0.780188
    outer loop
      vertex 216.958 140.674 0
      vertex 218.921 139.861 1.7
      vertex 216.779 140.148 0
    endloop
  endfacet
  facet normal -0.470831 -0.411841 -0.780195
    outer loop
      vertex 222.785 140.37 1.7
      vertex 224.094 142.094 0
      vertex 224.471 141.663 0
    endloop
  endfacet
  facet normal -0.470001 -0.41258 -0.780306
    outer loop
      vertex 224.094 142.094 0
      vertex 222.785 140.37 1.7
      vertex 222.591 140.591 1.7
    endloop
  endfacet
  facet normal -0.199654 -0.59259 -0.780369
    outer loop
      vertex 221.582 141.173 1.7
      vertex 222.148 143.221 0
      vertex 221.861 141.079 1.7
    endloop
  endfacet
  facet normal -0.186406 -0.596499 -0.780668
    outer loop
      vertex 222.148 143.221 0
      vertex 221.582 141.173 1.7
      vertex 222.132 143.226 0
    endloop
  endfacet
  facet normal 0.59259 -0.199654 -0.780369
    outer loop
      vertex 218.827 139.582 1.7
      vertex 216.779 140.148 0
      vertex 218.921 139.861 1.7
    endloop
  endfacet
  facet normal 0.596499 -0.186406 -0.780668
    outer loop
      vertex 216.779 140.148 0
      vertex 218.827 139.582 1.7
      vertex 216.774 140.132 0
    endloop
  endfacet
  facet normal -0.347992 -0.5198 -0.780198
    outer loop
      vertex 222.37 140.785 1.7
      vertex 223.188 142.789 0
      vertex 223.663 142.471 0
    endloop
  endfacet
  facet normal -0.347959 -0.519817 -0.780202
    outer loop
      vertex 223.188 142.789 0
      vertex 222.37 140.785 1.7
      vertex 222.125 140.949 1.7
    endloop
  endfacet
  facet normal 0.276349 0.561201 -0.780182
    outer loop
      vertex 219.326 134.958 0
      vertex 219.875 137.051 1.7
      vertex 220.139 136.921 1.7
    endloop
  endfacet
  facet normal 0.27625 0.561236 -0.780193
    outer loop
      vertex 219.875 137.051 1.7
      vertex 219.326 134.958 0
      vertex 218.812 135.211 0
    endloop
  endfacet
  facet normal 0.0403401 -0.62421 -0.780214
    outer loop
      vertex 220.706 141.231 1.7
      vertex 220.445 143.339 0
      vertex 221 141.25 1.7
    endloop
  endfacet
  facet normal 0.0390214 -0.624342 -0.780176
    outer loop
      vertex 220.445 143.339 0
      vertex 220.706 141.231 1.7
      vertex 220.429 143.338 0
    endloop
  endfacet
  facet normal -0.519797 -0.347991 -0.780201
    outer loop
      vertex 222.949 140.125 1.7
      vertex 224.471 141.663 0
      vertex 224.789 141.188 0
    endloop
  endfacet
  facet normal -0.519822 -0.347962 -0.780197
    outer loop
      vertex 224.471 141.663 0
      vertex 222.949 140.125 1.7
      vertex 222.785 140.37 1.7
    endloop
  endfacet
  facet normal -0.592195 -0.201526 -0.780188
    outer loop
      vertex 225.042 140.674 0
      vertex 225.221 140.148 0
      vertex 223.079 139.861 1.7
    endloop
  endfacet
  facet normal 0.561186 0.276342 -0.780196
    outer loop
      vertex 217.211 136.812 0
      vertex 218.921 138.139 1.7
      vertex 219.051 137.875 1.7
    endloop
  endfacet
  facet normal 0.561243 0.276254 -0.780186
    outer loop
      vertex 218.921 138.139 1.7
      vertex 217.211 136.812 0
      vertex 216.958 137.326 0
    endloop
  endfacet
  facet normal -0.624342 0.0390214 -0.780176
    outer loop
      vertex 223.231 138.706 1.7
      vertex 225.339 138.445 0
      vertex 225.338 138.429 0
    endloop
  endfacet
  facet normal -0.62421 0.0403401 -0.780214
    outer loop
      vertex 225.339 138.445 0
      vertex 223.231 138.706 1.7
      vertex 223.25 139 1.7
    endloop
  endfacet
  facet normal 0.201526 -0.592195 -0.780188
    outer loop
      vertex 219.852 143.221 0
      vertex 220.139 141.079 1.7
      vertex 219.326 143.042 0
    endloop
  endfacet
  facet normal 0.624183 0.0404875 -0.780229
    outer loop
      vertex 218.75 139 1.7
      vertex 216.661 138.445 0
      vertex 216.625 139 0
    endloop
  endfacet
  facet normal 0.347959 -0.519817 -0.780202
    outer loop
      vertex 219.63 140.785 1.7
      vertex 218.812 142.789 0
      vertex 219.875 140.949 1.7
    endloop
  endfacet
  facet normal 0.347992 -0.5198 -0.780198
    outer loop
      vertex 218.812 142.789 0
      vertex 219.63 140.785 1.7
      vertex 218.337 142.471 0
    endloop
  endfacet
  facet normal -0.0390214 0.624342 -0.780176
    outer loop
      vertex 221.555 134.661 0
      vertex 221.294 136.769 1.7
      vertex 221.571 134.662 0
    endloop
  endfacet
  facet normal -0.0403401 0.62421 -0.780214
    outer loop
      vertex 221.294 136.769 1.7
      vertex 221.555 134.661 0
      vertex 221 136.75 1.7
    endloop
  endfacet
  facet normal 0.201526 0.592195 -0.780188
    outer loop
      vertex 220.139 136.921 1.7
      vertex 219.852 134.779 0
      vertex 219.326 134.958 0
    endloop
  endfacet
  facet normal 0.470001 -0.41258 -0.780306
    outer loop
      vertex 219.215 140.37 1.7
      vertex 217.906 142.094 0
      vertex 219.409 140.591 1.7
    endloop
  endfacet
  facet normal 0.470831 -0.411841 -0.780195
    outer loop
      vertex 217.906 142.094 0
      vertex 219.215 140.37 1.7
      vertex 217.529 141.663 0
    endloop
  endfacet
  facet normal 0.4127 0.470137 -0.78016
    outer loop
      vertex 218.337 135.529 0
      vertex 219.409 137.409 1.7
      vertex 219.63 137.215 1.7
    endloop
  endfacet
  facet normal 0.41178 0.470761 -0.78027
    outer loop
      vertex 219.409 137.409 1.7
      vertex 218.337 135.529 0
      vertex 217.906 135.906 0
    endloop
  endfacet
  facet normal -0.470831 0.411841 -0.780195
    outer loop
      vertex 224.094 135.906 0
      vertex 222.785 137.63 1.7
      vertex 224.471 136.337 0
    endloop
  endfacet
  facet normal -0.470001 0.41258 -0.780306
    outer loop
      vertex 222.785 137.63 1.7
      vertex 224.094 135.906 0
      vertex 222.591 137.409 1.7
    endloop
  endfacet
  facet normal -0.0404875 0.624183 -0.780229
    outer loop
      vertex 221 136.75 1.7
      vertex 221.555 134.661 0
      vertex 221 134.625 0
    endloop
  endfacet
  facet normal 0.0404875 0.624183 -0.780229
    outer loop
      vertex 221 136.75 1.7
      vertex 221 134.625 0
      vertex 220.445 134.661 0
    endloop
  endfacet
  facet normal 0.613072 0.123466 -0.78032
    outer loop
      vertex 216.774 137.868 0
      vertex 218.769 138.706 1.7
      vertex 218.827 138.418 1.7
    endloop
  endfacet
  facet normal 0.613405 0.122462 -0.780216
    outer loop
      vertex 218.769 138.706 1.7
      vertex 216.774 137.868 0
      vertex 216.662 138.429 0
    endloop
  endfacet
  facet normal -0.62421 -0.0403401 -0.780214
    outer loop
      vertex 223.231 139.294 1.7
      vertex 225.339 139.555 0
      vertex 223.25 139 1.7
    endloop
  endfacet
  facet normal -0.624342 -0.0390214 -0.780176
    outer loop
      vertex 225.339 139.555 0
      vertex 223.231 139.294 1.7
      vertex 225.338 139.571 0
    endloop
  endfacet
  facet normal -0.613405 0.122462 -0.780216
    outer loop
      vertex 225.226 137.868 0
      vertex 223.231 138.706 1.7
      vertex 225.338 138.429 0
    endloop
  endfacet
  facet normal -0.613072 0.123466 -0.78032
    outer loop
      vertex 223.231 138.706 1.7
      vertex 225.226 137.868 0
      vertex 223.173 138.418 1.7
    endloop
  endfacet
  facet normal -0.41178 0.470761 -0.78027
    outer loop
      vertex 223.663 135.529 0
      vertex 222.591 137.409 1.7
      vertex 224.094 135.906 0
    endloop
  endfacet
  facet normal -0.4127 0.470137 -0.78016
    outer loop
      vertex 222.591 137.409 1.7
      vertex 223.663 135.529 0
      vertex 222.37 137.215 1.7
    endloop
  endfacet
  facet normal 0.1235 0.613241 -0.780181
    outer loop
      vertex 220.429 134.662 0
      vertex 220.418 136.827 1.7
      vertex 220.706 136.769 1.7
    endloop
  endfacet
  facet normal 0.122445 0.613319 -0.780287
    outer loop
      vertex 220.418 136.827 1.7
      vertex 220.429 134.662 0
      vertex 219.868 134.774 0
    endloop
  endfacet
  facet normal 0.347959 0.519817 -0.780202
    outer loop
      vertex 218.812 135.211 0
      vertex 219.63 137.215 1.7
      vertex 219.875 137.051 1.7
    endloop
  endfacet
  facet normal 0.347992 0.5198 -0.780198
    outer loop
      vertex 219.63 137.215 1.7
      vertex 218.812 135.211 0
      vertex 218.337 135.529 0
    endloop
  endfacet
  facet normal 0.624342 0.0390214 -0.780176
    outer loop
      vertex 216.661 138.445 0
      vertex 218.769 138.706 1.7
      vertex 216.662 138.429 0
    endloop
  endfacet
  facet normal 0.62421 0.0403401 -0.780214
    outer loop
      vertex 218.769 138.706 1.7
      vertex 216.661 138.445 0
      vertex 218.75 139 1.7
    endloop
  endfacet
endsolid OpenSCAD_Model
